journal,title,abstract,doi,authors,publication_date,year,type,cited_by_count,openalex_id,url,country,FID,sentiment,score
Nature,Sustainable Hydropower Developments for China,,,Weiyao Tang; Wei Shen; Lei Zhu; Sen Wang; Colin Duffield; Yehua Dennis Wei; Khoo Hsien Hui,2016-01-01,2016,article,0,https://openalex.org/W3006023338,https://openalex.org/W3006023338,China,0,positive,0.9
Nature,China boom leaves children behind,,https://doi.org/10.1038/529025a,Peng Yuan; Long Wang,2016-01-06,2016,article,46,https://openalex.org/W2222969088,https://openalex.org/W2222969088,China,1,negative,0.9
Nature,China’s quantum space pioneer: We need to explore the unknown,,https://doi.org/10.1038/nature.2016.19166,Celeste Biever,2016-01-13,2016,article,6,https://openalex.org/W2516365309,https://openalex.org/W2516365309,China,2,positive,0.9
Nature,The contribution of China’s emissions to global climate forcing,,https://doi.org/10.1038/nature17165,Bengang Li; Thomas Gasser; Philippe Ciais; Shilong Piao; Shu Tao; Yves Balkanski; Didier Hauglustaine; Juan Pablo Boisier; Zhuo Chen; Mengtian Huang; Laurent Li; Yue Li; Hongyan Liu; Junfeng Liu; Shushi Peng; Zehao Shen; Zhenzhong Sun; Rong Wang; Tao Wang; Guodong Yin; Yi Yin; Hui Zeng; Zhenzhong Zeng; Feng Zhou,2016-03-01,2016,article,307,https://openalex.org/W2300402820,https://openalex.org/W2300402820,China,3,neutral,0.9
Nature,China’s contribution to climate change,,https://doi.org/10.1038/531310a,Dominick V. Spracklen,2016-03-01,2016,article,30,https://openalex.org/W2301582879,https://openalex.org/W2301582879,China,4,neutral,0.9
Nature,China draws lines to green future,,https://doi.org/10.1038/531305b,Sang Weiguo; Jan C. Axmacher,2016-03-15,2016,article,22,https://openalex.org/W2297619408,https://openalex.org/W2297619408,China,5,positive,0.9
Nature,Circular economy: Lessons from China,,https://doi.org/10.1038/531440a,John A. Mathews; Hao Tan,2016-03-18,2016,article,282,https://openalex.org/W2311232324,https://openalex.org/W2311232324,China,6,neutral,0.8
Nature,What China’s latest five-year plan means for science,,https://doi.org/10.1038/nature.2016.19590,David Cyranoski,2016-03-18,2016,article,19,https://openalex.org/W2303580836,https://openalex.org/W2303580836,China,7,neutral,0.9
Nature,Holistic hydropower scheme for China,,https://doi.org/10.1038/532037d,Wenzhe Tang,2016-04-06,2016,article,5,https://openalex.org/W2317093798,https://openalex.org/W2317093798,China,8,neutral,0.8
Nature,China: Building an innovator,,https://doi.org/10.1038/533s32a,Nicky Phillips,2016-05-03,2016,article,3,https://openalex.org/W2346732269,https://openalex.org/W2346732269,China,9,positive,0.9
Nature,US and China eye up European gravitational-wave mission,,https://doi.org/10.1038/533019a,Elizabeth Gibney,2016-05-03,2016,article,2,https://openalex.org/W2346923484,https://openalex.org/W2346923484,China,10,neutral,0.9
Nature,Spend more on soil clean-up in China,,https://doi.org/10.1038/533469a,Yijun Yao,2016-05-25,2016,article,22,https://openalex.org/W2973674556,https://openalex.org/W2973674556,China,11,positive,0.9
Nature,Revive China's green GDP programme,,https://doi.org/10.1038/534037b,Wang Jinnan,2016-06-01,2016,article,46,https://openalex.org/W2412321005,https://openalex.org/W2412321005,China,12,positive,0.9
Nature,Ancient beer recipe from China,,https://doi.org/10.1038/534009b,,2016-06-01,2016,article,0,https://openalex.org/W4255820319,https://openalex.org/W4255820319,China,13,neutral,0.9
Nature,China's primates: preserve wild species,,https://doi.org/10.1038/534179c,Alison M. Behie; Colin P. Groves,2016-06-08,2016,article,3,https://openalex.org/W2415889952,https://openalex.org/W2415889952,China,14,positive,0.9
Nature,China's primates: EU can't have it all ways,,https://doi.org/10.1038/534179b,Penny Hawkins; Paul Littlefair,2016-06-08,2016,article,0,https://openalex.org/W2409858535,https://openalex.org/W2409858535,China,15,neutral,0.6
Nature,Policy: Boost basic research in China,,https://doi.org/10.1038/534467a,Wei Yang,2016-06-20,2016,article,41,https://openalex.org/W2462264050,https://openalex.org/W2462264050,China,16,positive,0.9
Nature,Bioethics in China: No wild east,,https://doi.org/10.1038/534465a,Douglas Sipp; Duanqing Pei,2016-06-20,2016,article,15,https://openalex.org/W2472735020,https://openalex.org/W2472735020,China,17,positive,0.85
Nature,Science in China,,https://doi.org/10.1038/534451a,,2016-06-20,2016,article,2,https://openalex.org/W4249657667,https://openalex.org/W4249657667,China,18,neutral,0.9
Nature,Citizens arrest river pollution in China,,https://doi.org/10.1038/535231e,Tuqiao Zhang; Feifei Zheng; Tingchao Yu,2016-07-12,2016,article,3,https://openalex.org/W2972498155,https://openalex.org/W2972498155,China,19,positive,0.9
Nature,South China Sea ruling sparks conservation fears,,https://doi.org/10.1038/535334a,David Cyranoski,2016-07-18,2016,article,8,https://openalex.org/W2481273811,https://openalex.org/W2481273811,China,20,negative,0.9
Nature,China,,https://doi.org/10.1038/536s6a,Rebecca Kanthor,2016-08-01,2016,article,0,https://openalex.org/W4235379101,https://openalex.org/W4235379101,China,21,neutral,0.95
Nature,China: Change tack to boost basic research,,https://doi.org/10.1038/536030a,Raphaël K. Didham; Chao‐Dong Zhu,2016-08-03,2016,article,2,https://openalex.org/W2486024810,https://openalex.org/W2486024810,China,22,positive,0.6
Nature,China: Standardize R&D costing,,https://doi.org/10.1038/536030b,Yutao Sun; Cong Cao,2016-08-03,2016,article,2,https://openalex.org/W2498467682,https://openalex.org/W2498467682,China,23,neutral,0.9
Nature,"China, Japan, CERN: Who will host the next LHC?",,https://doi.org/10.1038/nature.2016.20453,Elizabeth Gibney,2016-08-18,2016,article,2,https://openalex.org/W2517817543,https://openalex.org/W2517817543,China,24,neutral,0.95
Nature,China's soil plan needs strong support,,https://doi.org/10.1038/536375a,Hong Yang,2016-08-22,2016,article,51,https://openalex.org/W2510483886,https://openalex.org/W2510483886,China,25,neutral,0.8
Nature,Strengthen China's flood control,,https://doi.org/10.1038/536396e,Yang Zhou; Yansui Liu; Wenxiang Wu,2016-08-23,2016,article,21,https://openalex.org/W2508668013,https://openalex.org/W2508668013,China,26,neutral,0.9
Nature,China: High-tech transformation,,https://doi.org/10.1038/537s8a,Annabel McGilvray,2016-08-30,2016,article,4,https://openalex.org/W2510825837,https://openalex.org/W2510825837,China,27,neutral,0.9
Nature,Closing yield gaps in China by empowering smallholder farmers,,https://doi.org/10.1038/nature19368,Weifeng Zhang; Guoxin Cao; Xiaolin Li; Hongyan Zhang; Chong Wang; Quanqing Liu; Xinping Chen; Zhenling Cui; Jianbo Shen; Rongfeng Jiang; Guohua Mi; Yuxin Miao; Fusuo Zhang; Zhengxia Dou,2016-09-01,2016,article,603,https://openalex.org/W2509245130,https://openalex.org/W2509245130,China,28,positive,0.9
Nature,Brexit threatens China collaboration,,https://doi.org/10.1038/537167c,Hong Yang; Roger J. Flower; Xianjin Huang,2016-09-06,2016,article,3,https://openalex.org/W2509914044,https://openalex.org/W2509914044,China,29,negative,0.95
Nature,China's sponge cities to soak up rainwater,,https://doi.org/10.1038/537307c,Dasheng Liu,2016-09-13,2016,article,47,https://openalex.org/W2519218995,https://openalex.org/W2519218995,China,30,positive,0.95
Nature,China launches second space lab,,https://doi.org/10.1038/nature.2016.20611,Davide Castelvecchi,2016-09-15,2016,article,1,https://openalex.org/W2520685037,https://openalex.org/W2520685037,China,31,neutral,0.9
Nature,China-only science prize honours pathologist and experimental physicist,,https://doi.org/10.1038/nature.2016.20644,David Cyranoski,2016-09-19,2016,article,0,https://openalex.org/W2522715332,https://openalex.org/W2522715332,China,32,neutral,0.9
Nature,Open up research evaluation in China,,https://doi.org/10.1038/539168c,Lihua Yang,2016-11-08,2016,article,2,https://openalex.org/W2549803636,https://openalex.org/W2549803636,China,33,positive,0.7
Nature,"Spotlight On Nanjing, China",,https://doi.org/10.1038/nj0494,,2016-11-09,2016,article,0,https://openalex.org/W4251758640,https://openalex.org/W4251758640,China,34,neutral,0.8
Nature,Trump: China could take lead on climate,,https://doi.org/10.1038/539495a,David G. Victor,2016-11-22,2016,article,3,https://openalex.org/W2553969850,https://openalex.org/W2553969850,China,35,neutral,0.8
Nature,Conservation: big data boost in China,,https://doi.org/10.1038/540038c,Ruidong Wu,2016-11-29,2016,article,4,https://openalex.org/W2559432320,https://openalex.org/W2559432320,China,36,positive,0.9
Nature,China's energy rush harming ecosystem,,https://doi.org/10.1038/541030b,Jianmin Ma; Jianzhong Xu,2017-01-03,2017,article,8,https://openalex.org/W2561154258,https://openalex.org/W2561154258,China,37,negative,0.9
Nature,Meiofaunal deuterostomes from the basal Cambrian of Shaanxi (China),,https://doi.org/10.1038/nature21072,Jian Han; Simon Conway Morris; Qiang Ou; Degan Shu; Hai Huang,2017-01-27,2017,article,74,https://openalex.org/W2581820402,https://openalex.org/W2581820402,China,38,neutral,0.98
Nature,China deploys big data to clear smog,,https://doi.org/10.1038/542031a,Zhang Bo; Robert M. Hughes,2017-01-31,2017,article,9,https://openalex.org/W2973501342,https://openalex.org/W2973501342,China,39,positive,0.95
Nature,Locals embrace China nuclear project,,https://doi.org/10.1038/542414c,Hongmin Yang; Junqiang Xia; Roger J. Flower,2017-02-21,2017,article,4,https://openalex.org/W2743715303,https://openalex.org/W2743715303,China,40,positive,0.9
Nature,China's decadal pollution census,,https://doi.org/10.1038/543491d,Qing Hu; Xuetao Zhao; Xiao Jin Yang,2017-03-22,2017,article,17,https://openalex.org/W2598337766,https://openalex.org/W2598337766,China,41,neutral,0.9
Nature,"March for Science, climate engineering and China's space station",,https://doi.org/10.1038/544398a,,2017-04-25,2017,article,0,https://openalex.org/W4238847288,https://openalex.org/W4238847288,China,42,neutral,0.95
Nature,China cracks down on fake data in drug trials,,https://doi.org/10.1038/nature.2017.21977,David Cyranoski,2017-05-10,2017,article,7,https://openalex.org/W2613868774,https://openalex.org/W2613868774,China,43,positive,0.9
Nature,China: Rail network must protect giant pandas,,https://doi.org/10.1038/545289a,Shucai Li; Shaoshuai Shi; Lin Bu,2017-05-16,2017,article,6,https://openalex.org/W2615472941,https://openalex.org/W2615472941,China,44,positive,0.8
Nature,China's Silicon Valley,,https://doi.org/10.1038/545s29a,Flynn Murphy,2017-05-16,2017,article,5,https://openalex.org/W2615336730,https://openalex.org/W2615336730,China,45,positive,0.9
Nature,China expands DNA data grab in troubled western region,,https://doi.org/10.1038/545395a,David Cyranoski,2017-05-22,2017,article,7,https://openalex.org/W2620468495,https://openalex.org/W2620468495,China,46,negative,0.85
Nature,A close look at China's rise,,https://doi.org/10.1038/545s39a,Nicky Phillips,2017-05-23,2017,article,8,https://openalex.org/W2620510481,https://openalex.org/W2620510481,China,47,neutral,0.6
Nature,China's blue-chip future,,https://doi.org/10.1038/545s54a,Peng Tian,2017-05-23,2017,article,2,https://openalex.org/W2619051641,https://openalex.org/W2619051641,China,48,neutral,0.8
Nature,Trials of embryonic stem cells to launch in China,,https://doi.org/10.1038/546015a,David Cyranoski,2017-05-28,2017,article,38,https://openalex.org/W2617286375,https://openalex.org/W2617286375,China,49,neutral,0.8
Nature,"Podcast: Algal blooms, a red supergiant star's atmosphere, and preventing genetic disease in China",,https://doi.org/10.1038/d41586-019-03250-8,,2017-08-17,2017,article,0,https://openalex.org/W4232183004,https://openalex.org/W4232183004,China,50,neutral,0.9
Nature,Construction: limit China's sand mining,,https://doi.org/10.1038/550457c,Yushun Chen,2017-10-24,2017,article,34,https://openalex.org/W2765761889,https://openalex.org/W2765761889,China,51,neutral,0.85
Nature,"A death sentence, Hawking's thesis and China's ambitions",,https://doi.org/10.1038/550434a,,2017-10-24,2017,article,0,https://openalex.org/W4244451697,https://openalex.org/W4244451697,China,52,neutral,0.6
Nature,China announces plans to fast-track drug approval,,https://doi.org/10.1038/nature.2017.22888,David Cyranoski,2017-10-25,2017,article,3,https://openalex.org/W2766451890,https://openalex.org/W2766451890,China,53,positive,0.8
Nature,How China could make the most of its beamlines,,https://doi.org/10.1038/d41586-017-05924-7,,2017-11-14,2017,article,0,https://openalex.org/W4251599368,https://openalex.org/W4251599368,China,54,neutral,0.9
Nature,China to roll back regulations for traditional medicine despite safety concerns,,https://doi.org/10.1038/nature.2017.23038,David Cyranoski,2017-11-24,2017,article,15,https://openalex.org/W2769841000,https://openalex.org/W2769841000,China,55,negative,0.8
Nature,China tracks its progress on SDGs,,,J Chen; Zhenlin Li,2018-01-01,2018,article,2,https://openalex.org/W3158646697,https://openalex.org/W3158646697,China,56,neutral,0.9
Nature,China’s societal shifts will take a toll on climate,,https://doi.org/10.1038/d41586-018-00121-6,,2018-01-05,2018,article,0,https://openalex.org/W4239819583,https://openalex.org/W4239819583,China,57,negative,0.9
Nature,China enters the battle for AI talent,,https://doi.org/10.1038/d41586-018-00604-6,David Cyranoski,2018-01-15,2018,article,24,https://openalex.org/W2785507598,https://openalex.org/W2785507598,China,58,neutral,0.9
Nature,China’s plan to recruit talented researchers,,https://doi.org/10.1038/d41586-018-00538-z,Hepeng Jia,2018-01-17,2018,article,42,https://openalex.org/W2786226779,https://openalex.org/W2786226779,China,59,neutral,0.8
Nature,Biotech booms in China,,https://doi.org/10.1038/d41586-018-00542-3,Shannon Ellis,2018-01-17,2018,article,17,https://openalex.org/W2785052015,https://openalex.org/W2785052015,China,60,positive,0.9
Nature,China’s AI dreams,,https://doi.org/10.1038/d41586-018-00539-y,Owen Churchill,2018-01-17,2018,article,6,https://openalex.org/W2789445096,https://openalex.org/W2789445096,China,61,neutral,0.8
Nature,The ups and downs of moving to China,,https://doi.org/10.1038/d41586-018-00540-5,Hepeng Jia,2018-01-17,2018,article,4,https://openalex.org/W2787573278,https://openalex.org/W2787573278,China,62,neutral,0.8
Nature,How private-sector research is changing China,,https://doi.org/10.1038/d41586-018-00546-z,Flynn Murphy,2018-01-17,2018,article,2,https://openalex.org/W2794347442,https://openalex.org/W2794347442,China,63,neutral,0.7
Nature,China needs to listen to its researchers to become a scientific superpower,,https://doi.org/10.1038/d41586-018-00659-5,,2018-01-17,2018,article,1,https://openalex.org/W4234128651,https://openalex.org/W4234128651,China,64,neutral,0.6
Nature,Putting China’s science on the map,,https://doi.org/10.1038/d41586-018-00544-1,Denise Hruby,2018-01-17,2018,article,2,https://openalex.org/W2789402604,https://openalex.org/W2789402604,China,65,positive,0.8
Nature,Career guide: China,,https://doi.org/10.1038/d41586-018-00535-2,Sarah O’Meara,2018-01-17,2018,article,1,https://openalex.org/W2790416645,https://openalex.org/W2790416645,China,66,neutral,0.95
Nature,How to find a job in China,,https://doi.org/10.1038/d41586-018-00537-0,Hepeng Jia,2018-01-17,2018,article,1,https://openalex.org/W2791856869,https://openalex.org/W2791856869,China,67,neutral,0.9
Nature,Why China needs your scientific expertise,,https://doi.org/10.1038/d41586-018-00536-1,Denise Hruby,2018-01-17,2018,article,0,https://openalex.org/W2784490592,https://openalex.org/W2784490592,China,68,positive,0.9
Nature,Scientists in China regenerate lens in human eye,,https://doi.org/10.1038/d41586-018-00548-x,Jamie Fullerton,2018-01-17,2018,article,0,https://openalex.org/W2784631101,https://openalex.org/W2784631101,China,69,positive,0.8
Nature,Returning to a revitalized China after research abroad,,https://doi.org/10.1038/d41586-018-00545-0,Sarah O’Meara,2018-01-17,2018,article,0,https://openalex.org/W2784714328,https://openalex.org/W2784714328,China,70,positive,0.9
Nature,How a biotech entrepreneur benefits from splitting time between China and the United States,,https://doi.org/10.1038/d41586-018-00543-2,Sarah O’Meara,2018-01-17,2018,article,0,https://openalex.org/W2785737342,https://openalex.org/W2785737342,China,71,positive,0.95
Nature,Fossilized pregnant reptile discovered in southern China,,https://doi.org/10.1038/d41586-018-00541-4,Jamie Fullerton,2018-01-17,2018,article,0,https://openalex.org/W2789759484,https://openalex.org/W2789759484,China,72,neutral,0.95
Nature,China declared world’s largest producer of scientific articles,,https://doi.org/10.1038/d41586-018-00927-4,Jeff Tollefson,2018-01-18,2018,article,223,https://openalex.org/W2784610203,https://openalex.org/W2784610203,China,73,neutral,0.95
Nature,China’s ban on imported plastic waste could be a game changer,,https://doi.org/10.1038/d41586-018-00933-6,Tony R. ‎Walker,2018-01-18,2018,article,49,https://openalex.org/W2793613724,https://openalex.org/W2793613724,China,74,positive,0.92
Nature,Satellite images show China going green,,https://doi.org/10.1038/d41586-018-00996-5,Marc Macias‐Fauria,2018-01-22,2018,article,64,https://openalex.org/W2785019420,https://openalex.org/W2785019420,China,75,positive,0.9
Nature,Unique oil spill in East China Sea frustrates scientists,,https://doi.org/10.1038/d41586-018-00976-9,Cally Carswell,2018-01-24,2018,article,60,https://openalex.org/W2787009699,https://openalex.org/W2787009699,China,76,negative,0.9
Nature,Evolutionary history of the angiosperm flora of China,,https://doi.org/10.1038/nature25485,Limin Lu; Ling‐Feng Mao; Tuo Yang; Jian-Fei Ye; Bing Liu; Honglei Li; Miao Sun; Joseph T. Miller; Sarah Mathews; Hai-Hua Hu; Yan‐Ting Niu; Dan-Xiao Peng; You-Hua Chen; Stephen A. Smith; Min Chen; Kun‐Li Xiang; Chi Toan Le; Viet-Cuong Dang; An-Ming Lu; Pamela S. Soltis; Pamela S. Soltis; Jianhua Li; Zhiduan Chen,2018-01-31,2018,article,528,https://openalex.org/W2786160830,https://openalex.org/W2786160830,China,77,neutral,0.95
Nature,What researchers can expect from China's top-level political meetings,,https://doi.org/10.1038/d41586-018-02714-7,David Cyranoski,2018-03-07,2018,article,0,https://openalex.org/W2791323081,https://openalex.org/W2791323081,China,78,neutral,0.8
Nature,China persuades millions to adopt eco-friendly farming,,https://doi.org/10.1038/d41586-018-02829-x,,2018-03-07,2018,article,0,https://openalex.org/W4251515418,https://openalex.org/W4251515418,China,79,positive,0.9
Nature,Boost sustainability through social justice in China’s Belt and Road Initiative,,https://doi.org/10.1038/d41586-018-03051-5,Peter Seele; Dirk Helbing,2018-03-14,2018,article,17,https://openalex.org/W2791297331,https://openalex.org/W2791297331,China,80,positive,0.9
Nature,The #MeToo campaign is gaining ground in China,,https://doi.org/10.1038/d41586-018-05075-3,,2018-05-08,2018,article,1,https://openalex.org/W4234377581,https://openalex.org/W4234377581,China,81,positive,0.9
Nature,China–US trade spat could hit the environment,,https://doi.org/10.1038/d41586-018-05153-6,Yong Geng; Joseph Sarkis,2018-05-15,2018,article,5,https://openalex.org/W2804285608,https://openalex.org/W2804285608,China,82,negative,0.9
Nature,China’s Zhejiang province is open for science business,,https://doi.org/10.1038/d41586-018-05265-z,Sarah O’Meara,2018-05-29,2018,article,0,https://openalex.org/W2806081057,https://openalex.org/W2806081057,China,83,positive,0.9
Nature,China introduces sweeping reforms to crack down on academic misconduct,,https://doi.org/10.1038/d41586-018-05359-8,David Cyranoski,2018-06-01,2018,article,34,https://openalex.org/W2806198180,https://openalex.org/W2806198180,China,84,positive,0.95
Nature,China sets a strong example on how to address scientific fraud,,https://doi.org/10.1038/d41586-018-05417-1,,2018-06-12,2018,article,5,https://openalex.org/W4233977855,https://openalex.org/W4233977855,China,85,positive,0.95
Nature,China’s response to a national land-system sustainability emergency,,https://doi.org/10.1038/s41586-018-0280-2,Brett A. Bryan; Lei Gao; Yanqiong Ye; Xiufeng Sun; Jeffery D. Connor; N. D. Crossman; Mark Stafford‐Smith; Jianguo Wu; Chunyang He; Deyong Yu; Zhifeng Liu; Ang Li; Qingxu Huang; Hai Ren; Xiangzheng Deng; Hua Zheng; Jianming Niu; Guodong Han; Xiangyang Hou,2018-07-01,2018,article,1432,https://openalex.org/W2811284901,https://openalex.org/W2811284901,China,86,neutral,0.85
Nature,China expands surveillance of sewage to police illegal drug use,Privacy concerns and cultural differences make some researchers sceptical that the method could work in other countries. Privacy concerns and cultural differences make some researchers sceptical that the method could work in other countries.,https://doi.org/10.1038/d41586-018-05728-3,David Cyranoski,2018-07-01,2018,article,28,https://openalex.org/W2884351020,https://openalex.org/W2884351020,China,87,neutral,0.9
Nature,Daily briefing: China dominates ranking of research rising stars,,https://doi.org/10.1038/d41586-018-06789-0,Flora Graham,2018-09-20,2018,article,0,https://openalex.org/W4247144008,https://openalex.org/W4247144008,China,88,positive,0.9
Nature,"Daily briefing: India, China, Saudi Arabia and the United States will lose most from climate change",,https://doi.org/10.1038/d41586-018-06836-w,Flora Graham,2018-09-25,2018,article,0,https://openalex.org/W4244182222,https://openalex.org/W4244182222,China,89,negative,0.9
Nature,China’s electricity switch won’t be swift or painless,,https://doi.org/10.1038/d41586-018-06894-0,Jiang Lin,2018-10-01,2018,article,2,https://openalex.org/W2895533750,https://openalex.org/W2895533750,China,90,negative,0.9
Nature,Why China is a hotspot for international students,,https://doi.org/10.1038/d41586-018-07048-y,,2018-10-15,2018,article,1,https://openalex.org/W4251477758,https://openalex.org/W4251477758,China,91,positive,0.9
Nature,China awaits controversial blacklist of ‘poor quality’ journals,"But some researchers say the policy won’t succeed in improving research quality. The government hopes it will improve research quality, but some researchers are sceptical.",https://doi.org/10.1038/d41586-018-07025-5,David Cyranoski,2018-10-16,2018,article,15,https://openalex.org/W2896342456,https://openalex.org/W2896342456,China,92,negative,0.85
Nature,China hides identities of top scientific recruits amidst growing US scrutiny,,https://doi.org/10.1038/d41586-018-07167-6,Smriti Mallapaty,2018-10-24,2018,article,6,https://openalex.org/W2898460155,https://openalex.org/W2898460155,China,93,negative,0.8
Nature,Meet a materials scientist enjoying the rise of China’s research scene,,https://doi.org/10.1038/d41586-018-07203-5,Sarah O’Meara,2018-10-31,2018,article,0,https://openalex.org/W2898825855,https://openalex.org/W2898825855,China,94,positive,0.9
Nature,China’s crackdown on genetics breaches could deter data sharing,,https://doi.org/10.1038/d41586-018-07222-2,David Cyranoski,2018-11-01,2018,article,25,https://openalex.org/W2900504238,https://openalex.org/W2900504238,China,95,negative,0.8
Nature,Late Middle Pleistocene Levallois stone-tool technology in southwest China,,https://doi.org/10.1038/s41586-018-0710-1,Yue Hu; Ben Marwick; Jia‐Fu Zhang; Xue Rui; Ya‐Mei Hou; Jian‐Ping Yue; Wenrong Chen; Weiwen Huang; Bo Li,2018-11-13,2018,article,103,https://openalex.org/W2900885703,https://openalex.org/W2900885703,China,96,neutral,1.0
Nature,A switch by China’s home cooks helps to save millions of lives,,https://doi.org/10.1038/d41586-018-07470-2,,2018-11-19,2018,article,0,https://openalex.org/W4231975758,https://openalex.org/W4231975758,China,97,positive,0.95
Nature,China launches spacecraft to the far side of the Moon,,https://doi.org/10.1038/d41586-018-07699-x,Andrew Silver,2018-12-10,2018,article,0,https://openalex.org/W2904180631,https://openalex.org/W2904180631,China,98,neutral,0.95
Nature,China’s place among the stars,,https://doi.org/10.1038/d41586-018-07690-6,Mark von Zastrow,2018-12-12,2018,article,1,https://openalex.org/W2904250742,https://openalex.org/W2904250742,China,99,positive,0.9
Nature,"Imprisoned academics, China’s Moon lander and AI moral code",,https://doi.org/10.1038/d41586-018-07667-5,,2018-12-12,2018,article,0,https://openalex.org/W4230012490,https://openalex.org/W4230012490,China,100,neutral,0.6
Nature,"Leading progress on genomics, health benefits and utilization of tea resources in China",,,Liu Zh; Gao Lz; Zhengming Chen; Xiangjun Zeng; Huang Ja; Gong Ys; Li Q; Liu Sq; Yanyan Lin; Cai Sx; S Zhang; Xiong Lg; Li W; Lijuan Zhou; Wang Xr; Luo Fj; Qingjiong Zhang; D Zhang,2019-01-01,2019,article,28,https://openalex.org/W3133416487,https://openalex.org/W3133416487,China,101,positive,0.95
Nature,Reject US anti-China sentiment,,,Ramakrishnan Ramakrishnan,2019-01-01,2019,article,0,https://openalex.org/W3130560542,https://openalex.org/W3130560542,China,102,positive,0.95
Nature,China becomes first nation to land on the Moon’s far side,,https://doi.org/10.1038/d41586-018-07796-x,Davide Castelvecchi,2019-01-03,2019,article,4,https://openalex.org/W2906978575,https://openalex.org/W2906978575,China,103,positive,0.95
Nature,Earth’s green patches become greener — and China is leading the way,,https://doi.org/10.1038/d41586-019-00537-8,,2019-02-11,2019,article,1,https://openalex.org/W4252317172,https://openalex.org/W4252317172,China,104,positive,0.95
Nature,Managing nitrogen to restore water quality in China,,https://doi.org/10.1038/s41586-019-1001-1,Chaoqing Yu; Xiao Huang; Han Chen; H. Charles J. Godfray; Jonathon S. Wright; Jim W. Hall; Peng Gong; Shaoqiang Ni; Shengchao Qiao; Guorui Huang; Yuchen Xiao; Jie Zhang; Zhao Feng; Xiaotang Ju; Philippe Ciais; Nils Chr. Stenseth; Dag O. Hessen; Zhanli Sun; Le Yu; Wenjia Cai; Haohuan Fu; Xiaomeng Huang; Chi Zhang; Hongbin Liu; James A. Taylor,2019-02-28,2019,article,1173,https://openalex.org/W2918137318,https://openalex.org/W2918137318,China,105,positive,0.9
Nature,Materials science is helping to transform China into a high-tech economy,,https://doi.org/10.1038/d41586-019-00885-5,Sarah O’Meara,2019-03-20,2019,article,12,https://openalex.org/W2925047705,https://openalex.org/W2925047705,China,106,positive,0.9
Nature,How biomaterials will support China’s ageing population,,https://doi.org/10.1038/d41586-019-00888-2,Sarah O’Meara,2019-03-20,2019,article,1,https://openalex.org/W2922683969,https://openalex.org/W2922683969,China,107,positive,0.9
Nature,High-pressure research and a return to China: meet Haiyan Zheng,,https://doi.org/10.1038/d41586-019-00887-3,Sarah O’Meara,2019-03-20,2019,article,0,https://openalex.org/W2925025279,https://openalex.org/W2925025279,China,108,neutral,0.8
Nature,Working scientist podcast: Challenges and opportunities for materials researchers in China,,https://doi.org/10.1038/d41586-019-00960-x,Julie Gould,2019-03-21,2019,article,0,https://openalex.org/W2923145252,https://openalex.org/W2923145252,China,109,neutral,0.6
Nature,Why the US–China trade war spells disaster for the Amazon,,https://doi.org/10.1038/d41586-019-00896-2,Richard Fuchs; Peter Alexander; Calum Brown; Frances Cossar; Roslyn Henry; Mark Rounsevell,2019-03-27,2019,article,110,https://openalex.org/W2923927199,https://openalex.org/W2923927199,China,110,negative,0.95
Nature,How US–China political tensions are affecting science,,https://doi.org/10.1038/d41586-019-01270-y,Andrew Silver; Jeff Tollefson; Elizabeth Gibney,2019-04-18,2019,article,7,https://openalex.org/W2935879236,https://openalex.org/W2935879236,China,111,neutral,0.6
Nature,Phylogenetic evidence for Sino-Tibetan origin in northern China in the Late Neolithic,,https://doi.org/10.1038/s41586-019-1153-z,Menghan Zhang; Shi Yan; Wuyun Pan; Jin Li,2019-04-24,2019,article,271,https://openalex.org/W2940745724,https://openalex.org/W2940745724,China,112,neutral,0.95
Nature,"Podcast: Tiny earthquakes, the genetics of height, and how US-China politics is affecting research",,https://doi.org/10.1038/d41586-019-01334-z,,2019-04-25,2019,article,0,https://openalex.org/W4241548297,https://openalex.org/W4241548297,China,113,neutral,0.9
Nature,Daily briefing: Scientists in China are under pressure to stop a deadly pig virus,,https://doi.org/10.1038/d41586-019-01353-w,Flora Graham,2019-04-25,2019,article,0,https://openalex.org/W4247503282,https://openalex.org/W4247503282,China,114,negative,0.9
Nature,Increase in CFC-11 emissions from eastern China based on atmospheric observations,,https://doi.org/10.1038/s41586-019-1193-4,Matthew Rigby; Sunyoung Park; Takuya Saito; Luke M. Western; Alison L. Redington; Xuekun Fang; Stephan Henne; Alistair J. Manning; Ronald G. Prinn; G. S. Dutton; Paul J. Fraser; Anita L. Ganesan; B. D. Hall; Christina M. Harth; Jooil Kim; K.-R. Kim; Paul B. Krummel; T. Lee; S. Li; Qing Liang; Mark F. Lunt; S. A. Montzka; Jens Mühle; Simon O’Doherty; M.-K. Park; Stefan Reimann; Peter K. Salameh; Peter Simmonds; Rachel Tunnicliffe; Ray F. Weiss; Yoko Yokouchi; Dickon Young,2019-05-01,2019,article,276,https://openalex.org/W2946425375,https://openalex.org/W2946425375,China,115,negative,0.9
Nature,Reboot ethics governance in China,,https://doi.org/10.1038/d41586-019-01408-y,Ruipeng Lei; Xiaomei Zhai; Wei Zhu; Ren-Zong Qiu,2019-05-01,2019,article,32,https://openalex.org/W2944193848,https://openalex.org/W2944193848,China,116,neutral,0.8
Nature,AI researchers in China want to keep the global-sharing culture alive,,https://doi.org/10.1038/d41586-019-01681-x,Sarah O’Meara,2019-05-01,2019,article,12,https://openalex.org/W2946951548,https://openalex.org/W2946951548,China,117,positive,0.9
Nature,How China is redrawing the map of world science,"The Belt and Road Initiative, China’s mega-plan for global infrastructure, will transform the lives and work of tens of thousands of researchers.",https://doi.org/10.1038/d41586-019-01124-7,Ehsan Masood,2019-05-01,2019,article,17,https://openalex.org/W2942946590,https://openalex.org/W2942946590,China,118,positive,0.9
Nature,China charts a path into European science,,https://doi.org/10.1038/d41586-019-01126-5,Antoaneta Roussi,2019-05-01,2019,article,8,https://openalex.org/W2944630905,https://openalex.org/W2944630905,China,119,positive,0.9
Nature,Scientists in Pakistan and Sri Lanka bet their futures on China,,https://doi.org/10.1038/d41586-019-01125-6,Ehsan Masood,2019-05-01,2019,article,5,https://openalex.org/W2943527298,https://openalex.org/W2943527298,China,120,neutral,0.6
Nature,"Podcast: China's growing science network, and talking brain signals",,https://doi.org/10.1038/d41586-019-01410-4,,2019-05-01,2019,article,0,https://openalex.org/W4234765112,https://openalex.org/W4234765112,China,121,neutral,0.9
Nature,"Marsquake, asteroid mission and China’s quantum prizes",The week in science: 26 April–2 May 2019. The week in science: 26 April–2 May 2019.,https://doi.org/10.1038/d41586-019-01311-6,,2019-05-01,2019,article,0,https://openalex.org/W4241178247,https://openalex.org/W4241178247,China,122,neutral,0.85
Nature,Daily Briefing: How China is redrawing the map of world science,,https://doi.org/10.1038/d41586-019-01417-x,Flora Graham,2019-05-01,2019,article,0,https://openalex.org/W4255601940,https://openalex.org/W4255601940,China,123,neutral,0.9
Nature,Internationalize hazard management of China’s chemical plants,,https://doi.org/10.1038/d41586-019-01455-5,Yang Hong,2019-05-07,2019,article,3,https://openalex.org/W2944075401,https://openalex.org/W2944075401,China,124,neutral,0.8
Nature,Artificial intelligence is selecting grant reviewers in China,,https://doi.org/10.1038/d41586-019-01517-8,David Cyranoski,2019-05-14,2019,article,30,https://openalex.org/W2946655313,https://openalex.org/W2946655313,China,125,neutral,0.9
Nature,China set to introduce gene-editing regulation following CRISPR-baby furore,,https://doi.org/10.1038/d41586-019-01580-1,David Cyranoski,2019-05-20,2019,article,15,https://openalex.org/W2945333994,https://openalex.org/W2945333994,China,126,neutral,0.7
Nature,How China will protect one-quarter of its land,,https://doi.org/10.1038/d41586-019-01563-2,Jixi Gao,2019-05-21,2019,article,104,https://openalex.org/W2945551389,https://openalex.org/W2945551389,China,127,positive,0.9
Nature,"More haste, less speed in replenishing China’s groundwater",,https://doi.org/10.1038/d41586-019-01617-5,David O’Connor; Deyi Hou,2019-05-21,2019,article,9,https://openalex.org/W2946407720,https://openalex.org/W2946407720,China,128,neutral,0.7
Nature,China reveals scientific experiments for its next space station,,https://doi.org/10.1038/d41586-019-01913-0,Elizabeth Gibney,2019-06-17,2019,article,1,https://openalex.org/W2950157997,https://openalex.org/W2950157997,China,129,neutral,0.9
Nature,Startling China organ claims raise alarm about transplant research,,https://doi.org/10.1038/d41586-019-01890-4,David Cyranoski,2019-06-25,2019,article,1,https://openalex.org/W2955496900,https://openalex.org/W2955496900,China,130,negative,0.9
Nature,Taiwan to crack down on unauthorized research collaborations with mainland China,,https://doi.org/10.1038/d41586-019-01982-1,Andrew Silver,2019-07-01,2019,article,1,https://openalex.org/W2954575757,https://openalex.org/W2954575757,China,131,negative,0.8
Nature,China feels the heat over rogue CFC emissions,,https://doi.org/10.1038/d41586-019-02109-2,David Cyranoski,2019-07-12,2019,article,4,https://openalex.org/W2957367044,https://openalex.org/W2957367044,China,132,negative,0.9
Nature,World’s most invasive mosquito nearly eradicated from two islands in China,,https://doi.org/10.1038/d41586-019-02160-z,Giorgia Guglielmi,2019-07-17,2019,article,3,https://openalex.org/W2958047680,https://openalex.org/W2958047680,China,133,positive,0.9
Nature,China approves ethics advisory group after CRISPR-babies scandal,,https://doi.org/10.1038/d41586-019-02362-5,Hepeng Jia,2019-08-08,2019,article,2,https://openalex.org/W2964725596,https://openalex.org/W2964725596,China,134,positive,0.75
Nature,China fortifies marine protection areas against climate change,,https://doi.org/10.1038/d41586-019-02774-3,Yunzhou Li; Yiping Ren; Yong Chen,2019-09-17,2019,article,14,https://openalex.org/W2973880288,https://openalex.org/W2973880288,China,135,positive,0.95
Nature,China’s tree-planting drive could falter in a warming world,,https://doi.org/10.1038/d41586-019-02789-w,Mark von Zastrow,2019-09-23,2019,article,145,https://openalex.org/W2974404388,https://openalex.org/W2974404388,China,136,negative,0.85
Nature,China: How science made a superpower,,https://doi.org/10.1038/d41586-019-02937-2,Shellen Xiao Wu,2019-10-01,2019,article,23,https://openalex.org/W2979183276,https://openalex.org/W2979183276,China,137,positive,0.9
Nature,China’s ‘silicon valley’ must not trash its environment,,https://doi.org/10.1038/d41586-019-03207-x,Zhenhong Wang; He Li; Amit Jagannath Patil,2019-10-22,2019,article,2,https://openalex.org/W2981401686,https://openalex.org/W2981401686,China,138,negative,0.9
Nature,Pollution from US–China trade harms people up and down East Asia,,https://doi.org/10.1038/d41586-019-03285-x,,2019-11-01,2019,article,0,https://openalex.org/W4244544181,https://openalex.org/W4244544181,China,139,negative,0.9
Nature,US-China science weathers political ill wind,,https://doi.org/10.1038/d41586-019-03541-0,Chris Woolston,2019-11-20,2019,article,2,https://openalex.org/W2990023229,https://openalex.org/W2990023229,China,140,positive,0.85
Nature,Five ways China must cultivate research integrity,,https://doi.org/10.1038/d41586-019-03613-1,Li Tang,2019-11-26,2019,article,64,https://openalex.org/W2989599909,https://openalex.org/W2989599909,China,141,positive,0.9
Nature,PhD students in China report misery and hope,,https://doi.org/10.1038/d41586-019-03631-z,Chris Woolston; Sarah O’Meara,2019-11-26,2019,article,25,https://openalex.org/W2990112177,https://openalex.org/W2990112177,China,142,neutral,0.7
Nature,Daily briefing: Leaked China files reveal arrests by algorithm,,https://doi.org/10.1038/d41586-019-03682-2,Flora Graham,2019-11-27,2019,article,0,https://openalex.org/W4232892155,https://openalex.org/W4232892155,China,143,negative,0.9
Nature,China’s different shades of greening,,https://doi.org/10.1038/d41586-019-03940-3,Lele Shu; Zexuan Xu,2019-12-31,2019,article,3,https://openalex.org/W2997828134,https://openalex.org/W2997828134,China,144,neutral,0.8
Nature,China's shades of greening,,,Shu Ll; Xu Zx,2020-01-01,2020,article,0,https://openalex.org/W3135411157,https://openalex.org/W3135411157,China,145,neutral,0.6
Nature,A massive clean-up starts to heal China’s polluted waters,,https://doi.org/10.1038/d41586-019-03966-7,,2020-01-03,2020,article,0,https://openalex.org/W4239437049,https://openalex.org/W4239437049,China,146,positive,0.9
Nature,New virus in China requires international control effort,,https://doi.org/10.1038/d41586-020-00135-z,Shan‐Lu Liu,2020-01-19,2020,article,10,https://openalex.org/W3000446153,https://openalex.org/W3000446153,China,147,negative,0.7
Nature,China coronavirus: Six questions scientists are asking,,https://doi.org/10.1038/d41586-020-00166-6,Ewen Callaway; David Cyranoski,2020-01-22,2020,article,80,https://openalex.org/W3001388158,https://openalex.org/W3001388158,China,148,neutral,0.9
Nature,"Alarm over China virus, extreme Arctic warming and a volcano on alert",,https://doi.org/10.1038/d41586-020-00109-1,,2020-01-22,2020,article,0,https://openalex.org/W4254526267,https://openalex.org/W4254526267,China,149,negative,0.95
Nature,China coronavirus: how many papers have been published?,,https://doi.org/10.1038/d41586-020-00253-8,Emma Stoye,2020-01-30,2020,article,40,https://openalex.org/W3003271178,https://openalex.org/W3003271178,China,150,neutral,0.9
Nature,China coronavirus: labs worldwide scramble to analyse live samples,,https://doi.org/10.1038/d41586-020-00262-7,Ewen Callaway,2020-01-31,2020,article,8,https://openalex.org/W3004196996,https://openalex.org/W3004196996,China,151,negative,0.6
Nature,A new coronavirus associated with human respiratory disease in China,"Abstract Emerging infectious diseases, such as severe acute respiratory syndrome (SARS) and Zika virus disease, present a major threat to public health 1–3 . Despite intense research efforts, how, when and where new diseases appear are still a source of considerable uncertainty. A severe respiratory disease was recently reported in Wuhan, Hubei province, China. As of 25 January 2020, at least 1,975 cases had been reported since the first patient was hospitalized on 12 December 2019. Epidemiological investigations have suggested that the outbreak was associated with a seafood market in Wuhan. Here we study a single patient who was a worker at the market and who was admitted to the Central Hospital of Wuhan on 26 December 2019 while experiencing a severe respiratory syndrome that included fever, dizziness and a cough. Metagenomic RNA sequencing 4 of a sample of bronchoalveolar lavage fluid from the patient identified a new RNA virus strain from the family Coronaviridae , which is designated here ‘WH-Human 1’ coronavirus (and has also been referred to as ‘2019-nCoV’). Phylogenetic analysis of the complete viral genome (29,903 nucleotides) revealed that the virus was most closely related (89.1% nucleotide similarity) to a group of SARS-like coronaviruses (genus Betacoronavirus, subgenus Sarbecovirus) that had previously been found in bats in China 5 . This outbreak highlights the ongoing ability of viral spill-over from animals to cause severe disease in humans.",https://doi.org/10.1038/s41586-020-2008-3,Fan Wu; Zhao Su; Bin Yu; Yanmei Chen; Wen Wang; Zhi-Gang Song; Yi Hu; Zhao-Wu Tao; Jun-Hua Tian; Yuan-Yuan Pei; Ming-Li Yuan; Yu-Ling Zhang; Yu-Ling Zhang; Fa-Hui Dai; Yi Liu; Qimin Wang; Jiao-Jiao Zheng; Lin Xu; Edward C. Holmes; Yǒng-Zhèn Zhāng; Yǒng-Zhèn Zhāng,2020-02-03,2020,article,12967,https://openalex.org/W3003217347,https://openalex.org/W3003217347,China,152,negative,0.9
Nature,How health research will support China’s ageing population,,https://doi.org/10.1038/d41586-020-00279-y,Sarah O’Meara,2020-02-05,2020,article,15,https://openalex.org/W3004807056,https://openalex.org/W3004807056,China,153,neutral,0.8
Nature,China: clamp down on violations of wildlife trade ban,,https://doi.org/10.1038/d41586-020-00378-w,Zhao-Min Zhou; Christina D. Buesching; David W. Macdonald; Chris Newman,2020-02-11,2020,article,45,https://openalex.org/W3005823978,https://openalex.org/W3005823978,China,154,neutral,0.9
Nature,Coronavirus: why a permanent ban on wildlife trade might not work in China,,https://doi.org/10.1038/d41586-020-00377-x,Joana Ribeiro; Pedro Bingre; Diederik Strubbe; Luís Reino,2020-02-11,2020,article,37,https://openalex.org/W3005823408,https://openalex.org/W3005823408,China,155,neutral,0.7
Nature,China takes centre stage in global biodiversity push,,https://doi.org/10.1038/d41586-020-00362-4,Smriti Mallapaty,2020-02-14,2020,article,8,https://openalex.org/W3006669308,https://openalex.org/W3006669308,China,156,positive,0.95
Nature,China set to clamp down permanently on wildlife trade in wake of coronavirus,,https://doi.org/10.1038/d41586-020-00499-2,Smriti Mallapaty,2020-02-21,2020,article,14,https://openalex.org/W3007310559,https://openalex.org/W3007310559,China,157,positive,0.9
Nature,China bans cash rewards for publishing papers,,https://doi.org/10.1038/d41586-020-00574-8,Smriti Mallapaty,2020-02-28,2020,article,99,https://openalex.org/W3007043375,https://openalex.org/W3007043375,China,158,negative,0.9
Nature,China’s live-chicken trade might help to spread flu viruses,,https://doi.org/10.1038/d41586-020-00608-1,,2020-03-04,2020,article,0,https://openalex.org/W4241970406,https://openalex.org/W4241970406,China,159,negative,0.9
Nature,How China is planning to go to Mars amid the coronavirus outbreak,,https://doi.org/10.1038/d41586-020-00739-5,Smriti Mallapaty,2020-03-13,2020,article,1,https://openalex.org/W3012213255,https://openalex.org/W3012213255,China,160,neutral,0.8
Nature,What China’s coronavirus response can teach the rest of the world,,https://doi.org/10.1038/d41586-020-00741-x,David Cyranoski,2020-03-17,2020,article,132,https://openalex.org/W3012367779,https://openalex.org/W3012367779,China,161,positive,0.9
Nature,‘We need to be alert’: Scientists fear second coronavirus wave as China’s lockdowns ease,,https://doi.org/10.1038/d41586-020-00938-0,David Cyranoski,2020-03-30,2020,article,40,https://openalex.org/W3012970326,https://openalex.org/W3012970326,China,162,negative,0.95
Nature,China is tightening its grip on coronavirus research,,https://doi.org/10.1038/d41586-020-01108-y,Andrew Silver; David Cyranoski,2020-04-15,2020,article,11,https://openalex.org/W3015209364,https://openalex.org/W3015209364,China,163,negative,0.7
Nature,"Daily briefing: Why the coronavirus death toll in Wuhan, China, has just jumped by 50%",,https://doi.org/10.1038/d41586-020-01142-w,Flora Graham,2020-04-17,2020,article,3,https://openalex.org/W4205617545,https://openalex.org/W4205617545,China,164,negative,0.9
Nature,Population flow drives spatio-temporal distribution of COVID-19 in China,,https://doi.org/10.1038/s41586-020-2284-y,Jayson S. Jia; Jayson S. Jia; Xin Lü; Yun Yuan; Ge Xu; Jianmin Jia; Jianmin Jia; Nicholas A. Christakis,2020-04-29,2020,article,916,https://openalex.org/W3020001547,https://openalex.org/W3020001547,China,165,neutral,0.95
Nature,Effect of non-pharmaceutical interventions to contain COVID-19 in China,,https://doi.org/10.1038/s41586-020-2293-x,Shengjie Lai; Nick Ruktanonchai; Liangcai Zhou; Olivia Prosper; Wei Luo; Jessica Floyd; Amy Wesolowski; Mauricio Santillana; Chi Zhang; Xiangjun Du; Hongjie Yu; Andrew J. Tatem,2020-05-04,2020,article,1394,https://openalex.org/W3022210384,https://openalex.org/W3022210384,China,166,neutral,0.9
Nature,China is promoting coronavirus treatments based on unproven traditional medicines,,https://doi.org/10.1038/d41586-020-01284-x,David Cyranoski,2020-05-06,2020,article,60,https://openalex.org/W3023205965,https://openalex.org/W3023205965,China,167,negative,0.9
Nature,Science superpowers after COVID-19 lockdowns lift: a letter of hope from China to the United States,,https://doi.org/10.1038/d41586-020-01544-w,Xiao‐Nong Zhou,2020-05-21,2020,article,3,https://openalex.org/W3026205141,https://openalex.org/W3026205141,China,168,positive,0.9
Nature,The pandemic is challenging China’s breakneck race to the top of science,,https://doi.org/10.1038/d41586-020-01522-2,David Cyranoski,2020-06-03,2020,article,5,https://openalex.org/W3033273577,https://openalex.org/W3033273577,China,169,negative,0.8
Nature,"Space leaders from China, United States and Europe call for coronavirus collectivisim",,https://doi.org/10.1038/d41586-020-01881-w,Ji Wu; J. J. Dordain; Charles F. Bolden,2020-06-23,2020,article,1,https://openalex.org/W3035800384,https://openalex.org/W3035800384,China,170,neutral,0.8
Nature,Medical robotics in China: the rise of technology in three charts,,https://doi.org/10.1038/d41586-020-01795-7,Sarah O’Meara,2020-06-24,2020,article,9,https://openalex.org/W3038036698,https://openalex.org/W3038036698,China,171,positive,0.9
Nature,Meet the engineer behind China’s first robot-run coronavirus ward,,https://doi.org/10.1038/d41586-020-01794-8,Sarah O’Meara,2020-06-24,2020,article,4,https://openalex.org/W3038098605,https://openalex.org/W3038098605,China,172,neutral,0.8
Nature,The robot recruits in China’s health-care system,,https://doi.org/10.1038/d41586-020-01793-9,Sarah O’Meara,2020-06-24,2020,article,5,https://openalex.org/W3038103342,https://openalex.org/W3038103342,China,173,neutral,0.9
Nature,Daily briefing: Pigs in China are widely infected with a risky swine-flu strain,,https://doi.org/10.1038/d41586-020-01979-1,Flora Graham,2020-06-30,2020,article,0,https://openalex.org/W4237660275,https://openalex.org/W4237660275,China,174,negative,0.95
Nature,China’s massive effort to collect its people’s DNA concerns scientists,,https://doi.org/10.1038/d41586-020-01984-4,David Cyranoski,2020-07-07,2020,article,17,https://openalex.org/W3040081390,https://openalex.org/W3040081390,China,175,negative,0.9
Nature,Scientists in China say US government crackdown is harming collaborations,,https://doi.org/10.1038/d41586-020-02015-y,Andrew Silver,2020-07-08,2020,article,13,https://openalex.org/W3041345075,https://openalex.org/W3041345075,China,176,negative,0.9
Nature,Nuclear weapons: arms-control efforts need China,,https://doi.org/10.1038/d41586-020-02282-9,Nobumasa Akiyama,2020-08-04,2020,article,3,https://openalex.org/W3047288378,https://openalex.org/W3047288378,China,177,neutral,0.9
Nature,Japan considers tougher rules on research interference amid US-China tensions,,https://doi.org/10.1038/d41586-020-02273-w,Smriti Mallapaty,2020-08-04,2020,article,3,https://openalex.org/W3047028346,https://openalex.org/W3047028346,China,178,neutral,0.9
Nature,China’s research-misconduct rules target ‘paper mills’ that churn out fake studies,,https://doi.org/10.1038/d41586-020-02445-8,Smriti Mallapaty,2020-08-21,2020,article,22,https://openalex.org/W3065479373,https://openalex.org/W3065479373,China,179,neutral,0.85
Nature,The eruption that helped to destroy one of China’s great dynasties,,https://doi.org/10.1038/d41586-020-02467-2,,2020-08-25,2020,article,0,https://openalex.org/W4229784092,https://openalex.org/W4229784092,China,180,negative,0.95
Nature,China’s plan to cut coal and boost green growth,,https://doi.org/10.1038/d41586-020-02464-5,Sarah O’Meara,2020-08-26,2020,article,76,https://openalex.org/W3081366122,https://openalex.org/W3081366122,China,181,positive,0.9
Nature,China’s coronavirus vaccine shows military’s growing role in medical research,,https://doi.org/10.1038/d41586-020-02523-x,Dyani Lewis,2020-09-11,2020,article,14,https://openalex.org/W3085428405,https://openalex.org/W3085428405,China,182,neutral,0.9
Nature,China’s researchers have valuable experiences that the world needs to hear about,,https://doi.org/10.1038/d41586-020-02697-4,,2020-09-22,2020,article,1,https://openalex.org/W4245724530,https://openalex.org/W4245724530,China,183,positive,0.95
Nature,What China’s speedy COVID vaccine deployment means for the pandemic,,https://doi.org/10.1038/d41586-020-02807-2,David Cyranoski,2020-10-08,2020,article,9,https://openalex.org/W3092266462,https://openalex.org/W3092266462,China,184,neutral,0.9
Nature,"China scrutiny, free abstracts and a billion-dollar boost for research",,https://doi.org/10.1038/d41586-020-02855-8,,2020-10-14,2020,article,0,https://openalex.org/W4242846864,https://openalex.org/W4242846864,China,185,positive,0.7
Nature,How China is getting its farmers to kick their antibiotics habit,,https://doi.org/10.1038/d41586-020-02889-y,Kevin Schoenmakers,2020-10-21,2020,article,45,https://openalex.org/W3094574543,https://openalex.org/W3094574543,China,186,neutral,0.7
Nature,Inside China’s response to COVID,,https://doi.org/10.1038/d41586-020-03361-7,Flynn Murphy,2020-12-02,2020,article,7,https://openalex.org/W3106928439,https://openalex.org/W3106928439,China,187,neutral,0.95
Nature,China Moon mission and a scholar on death row,,https://doi.org/10.1038/d41586-020-03349-3,,2020-12-02,2020,article,0,https://openalex.org/W4256325494,https://openalex.org/W4256325494,China,188,neutral,0.7
Nature,"COVID variants test immunity, NIH chief and China’s mixed vaccine data",,https://doi.org/10.1038/d41586-021-00186-w,,2021-01-27,2021,article,0,https://openalex.org/W4205751154,https://openalex.org/W4205751154,China,189,neutral,0.9
Nature,The recipe for China’s oldest known face cream: beef fat and ground ‘moonmilk’,,https://doi.org/10.1038/d41586-021-00346-y,,2021-02-09,2021,article,0,https://openalex.org/W4247765593,https://openalex.org/W4247765593,China,190,neutral,0.95
Nature,A decline in emissions of CFC-11 and related chemicals from eastern China,"Emissions of ozone-depleting substances, including trichlorofluoromethane (CFC-11), have decreased since the mid-1980s in response to the Montreal Protocol1,2. In recent years, an unexpected increase in CFC-11 emissions beginning in 2013 has been reported, with much of the global rise attributed to emissions from eastern China3,4. Here we use high-frequency atmospheric mole fraction observations from Gosan, South Korea and Hateruma, Japan, together with atmospheric chemical transport-model simulations, to investigate regional CFC-11 emissions from eastern China. We find that CFC-11 emissions returned to pre-2013 levels in 2019 (5.0 ± 1.0 gigagrams per year in 2019, compared to 7.2 ± 1.5 gigagrams per year for 2008–2012, ±1 standard deviation), decreasing by 10 ± 3 gigagrams per year since 2014–2017. Furthermore, we find that in this region, carbon tetrachloride (CCl4) and dichlorodifluoromethane (CFC-12) emissions—potentially associated with CFC-11 production—were higher than expected after 2013 and then declined one to two years before the CFC-11 emissions reduction. This suggests that CFC-11 production occurred in eastern China after the mandated global phase-out, and that there was a subsequent decline in production during 2017–2018. We estimate that the amount of the CFC-11 bank (the amount of CFC-11 produced, but not yet emitted) in eastern China is up to 112 gigagrams larger in 2019 compared to pre-2013 levels, probably as a result of recent production. Nevertheless, it seems that any substantial delay in ozone-layer recovery has been avoided, perhaps owing to timely reporting3,4 and subsequent action by industry and government in China5,6. Atmospheric data and chemical-transport modelling show that CFC-11 emissions from eastern China have again decreased, after increasing in 2013–2017, and a delay in ozone-layer recovery has probably been avoided.",https://doi.org/10.1038/s41586-021-03277-w,Sunyoung Park; Luke M. Western; Takuya Saito; Alison L. Redington; Stephan Henne; Xuekun Fang; Ronald G. Prinn; Alistair J. Manning; S. A. Montzka; Paul J. Fraser; Anita L. Ganesan; Christina M. Harth; Jooil Kim; Paul B. Krummel; Qing Liang; Jens Mühle; Simon O’Doherty; Hyeri Park; Mi‐Kyung Park; Stefan Reimann; Peter K. Salameh; Ray F. Weiss; Matthew Rigby,2021-02-10,2021,article,146,https://openalex.org/W3126835538,https://openalex.org/W3126835538,China,191,positive,0.9
Nature,"China’s Mars mission, vaccine trust and predatory journals",,https://doi.org/10.1038/d41586-021-00394-4,,2021-02-17,2021,article,0,https://openalex.org/W4254746512,https://openalex.org/W4254746512,China,192,neutral,0.9
Nature,Daily briefing: China has doubled its list of protected species,,https://doi.org/10.1038/d41586-021-00481-6,Flora Graham,2021-02-19,2021,article,0,https://openalex.org/W4254446286,https://openalex.org/W4254446286,China,193,positive,0.9
Nature,Biodiversity’s importance is growing in China’s urban agenda,,https://doi.org/10.1038/d41586-021-00596-w,Sarah O’Meara,2021-03-10,2021,article,2,https://openalex.org/W3135586852,https://openalex.org/W3135586852,China,194,positive,0.9
Nature,How to limit the ecological costs of urbanization in China,,https://doi.org/10.1038/d41586-021-00598-8,Sarah O’Meara,2021-03-10,2021,article,1,https://openalex.org/W3133531587,https://openalex.org/W3133531587,China,195,positive,0.8
Nature,Rising tide of China’s science lifts Asia-Pacific research,,https://doi.org/10.1038/d41586-021-00665-0,Catherine Armitage,2021-03-17,2021,article,0,https://openalex.org/W3137581243,https://openalex.org/W3137581243,China,196,positive,0.95
Nature,"Form a climate club: United States, European Union and China",,https://doi.org/10.1038/d41586-021-00736-2,Simone Tagliapietra; Guntram B. Wolff,2021-03-23,2021,article,68,https://openalex.org/W3137228542,https://openalex.org/W3137228542,China,197,positive,0.7
Nature,US universities call for clearer rules on science espionage amid China crackdown,,https://doi.org/10.1038/d41586-021-00901-7,Nidhi Subbaraman,2021-04-06,2021,article,0,https://openalex.org/W3143669688,https://openalex.org/W3143669688,China,198,neutral,0.9
Nature,Add Himalaya’s Grand Canyon to China’s first national parks,,https://doi.org/10.1038/d41586-021-00942-y,Fang Wang; Zhixiang Zhang; Cheng Li; Ge Sun; Xiang Zhao; Zhi Lü,2021-04-13,2021,article,12,https://openalex.org/W3155434125,https://openalex.org/W3155434125,China,199,neutral,0.6
Nature,China should track impact of pollution on health and the environment,,https://doi.org/10.1038/d41586-021-01027-6,Bo Zhang; BaoCun Wang; Robert M. Hughes,2021-04-20,2021,article,5,https://openalex.org/W3156216037,https://openalex.org/W3156216037,China,200,positive,0.8
Nature,China’s publications: fewer but better,,https://doi.org/10.1038/d41586-021-01026-7,Jianping Li; Xiaoqian Zhu; Dengsheng Wu,2021-04-20,2021,article,4,https://openalex.org/W3154835952,https://openalex.org/W3154835952,China,201,positive,0.85
Nature,China’s wildlife protection: add annual reviews and oversight,,https://doi.org/10.1038/d41586-021-01111-x,Haitao Shi; Jian Wang; Huaiqing Chen; James F. Parham,2021-04-27,2021,article,2,https://openalex.org/W3157647550,https://openalex.org/W3157647550,China,202,neutral,0.9
Nature,China has landed its first rover on Mars — here’s what happens next,,https://doi.org/10.1038/d41586-021-01301-7,Smriti Mallapaty,2021-05-14,2021,article,10,https://openalex.org/W3162674825,https://openalex.org/W3162674825,China,203,positive,0.95
Nature,Superpowered science: charting China’s research rise,,https://doi.org/10.1038/d41586-021-01403-2,,2021-05-26,2021,article,8,https://openalex.org/W4206456684,https://openalex.org/W4206456684,China,204,positive,0.9
Nature,China’s leading researchers set their sights on new frontiers,,https://doi.org/10.1038/d41586-021-01405-0,Hepeng Jia; Sian Powell; Kevin Schoenmakers,2021-05-26,2021,article,7,https://openalex.org/W3164900556,https://openalex.org/W3164900556,China,205,positive,0.9
Nature,Silk Road becomes the one less travelled as China lures science talent home,,https://doi.org/10.1038/d41586-021-01402-3,Catherine Armitage; Chris Woolston,2021-05-26,2021,article,3,https://openalex.org/W3164605775,https://openalex.org/W3164605775,China,206,positive,0.75
Nature,Fresh twists in China’s bid for research dominance,,https://doi.org/10.1038/d41586-021-01401-4,Catherine Armitage,2021-05-26,2021,article,1,https://openalex.org/W3164878496,https://openalex.org/W3164878496,China,207,neutral,0.6
Nature,Five science stars making their mark in China,,https://doi.org/10.1038/d41586-021-01404-1,Gemma Conroy; Flynn Murphy; Sian Powell,2021-05-26,2021,article,0,https://openalex.org/W3164699529,https://openalex.org/W3164699529,China,208,positive,0.9
Nature,China is vaccinating a staggering 20 million people a day,,https://doi.org/10.1038/d41586-021-01545-3,Smriti Mallapaty,2021-06-09,2021,article,13,https://openalex.org/W3166127594,https://openalex.org/W3166127594,China,209,positive,0.9
Nature,Flurry of photos capture China’s Zhurong rover on surface of Mars,,https://doi.org/10.1038/d41586-021-01588-6,Smriti Mallapaty,2021-06-11,2021,article,2,https://openalex.org/W3171702640,https://openalex.org/W3171702640,China,210,neutral,0.8
Nature,China and the UK: Making an international collaboration work,,https://doi.org/10.1038/d41586-021-01640-5,Shamini Bundell,2021-06-16,2021,article,0,https://openalex.org/W3169350226,https://openalex.org/W3169350226,China,211,positive,0.9
Nature,"China’s vaccination surge, fast radio bursts and the dominant Alpha variant",,https://doi.org/10.1038/d41586-021-01583-x,,2021-06-16,2021,article,0,https://openalex.org/W4230609002,https://openalex.org/W4230609002,China,212,neutral,0.9
Nature,First video and sounds from China’s Mars rover intrigue scientists,,https://doi.org/10.1038/d41586-021-01770-w,Smriti Mallapaty,2021-06-28,2021,article,0,https://openalex.org/W3176006786,https://openalex.org/W3176006786,China,213,positive,0.9
Nature,China’s economic approach to protecting its ecology,,https://doi.org/10.1038/d41586-021-01741-1,Sarah O’Meara,2021-06-29,2021,article,5,https://openalex.org/W3176589339,https://openalex.org/W3176589339,China,214,neutral,0.9
Nature,Daily briefing: China eliminates malaria,,https://doi.org/10.1038/d41586-021-01814-1,Flora Graham,2021-06-30,2021,article,0,https://openalex.org/W4205328367,https://openalex.org/W4205328367,China,215,positive,0.95
Nature,China’s homeless elephants need linked reserves,,https://doi.org/10.1038/d41586-021-01820-3,Nian Yang; Wenwen Li; Peng Liu; Li Zhang,2021-07-06,2021,article,5,https://openalex.org/W3182217445,https://openalex.org/W3182217445,China,216,neutral,0.7
Nature,China wastes almost 30% of its food,,https://doi.org/10.1038/d41586-021-01963-3,,2021-07-15,2021,article,0,https://openalex.org/W4210688426,https://openalex.org/W4210688426,China,217,negative,0.9
Nature,Daily briefing: China launches world’s largest carbon market,,https://doi.org/10.1038/d41586-021-02012-9,Flora Graham,2021-07-20,2021,article,0,https://openalex.org/W4205482717,https://openalex.org/W4205482717,China,218,positive,0.9
Nature,After malaria: which parasitic disease will China eliminate next?,,https://doi.org/10.1038/d41586-021-02188-0,Men‐Bao Qian; Shi‐Zhu Li; Xiao-nong Zhou,2021-08-10,2021,article,8,https://openalex.org/W3187471821,https://openalex.org/W3187471821,China,219,neutral,0.6
Nature,China prepares to test thorium-fuelled nuclear reactor,,https://doi.org/10.1038/d41586-021-02459-w,Smriti Mallapaty,2021-09-09,2021,article,48,https://openalex.org/W3197911578,https://openalex.org/W3197911578,China,220,neutral,0.7
Nature,China faces one–two punches of extreme weather as Earth warms,,https://doi.org/10.1038/d41586-021-02495-6,,2021-09-15,2021,article,1,https://openalex.org/W4200370953,https://openalex.org/W4200370953,China,221,negative,0.9
Nature,University under pressure to rehire scientist acquitted of hiding China links,,https://doi.org/10.1038/d41586-021-02603-6,Nidhi Subbaraman,2021-09-24,2021,article,1,https://openalex.org/W3198929624,https://openalex.org/W3198929624,China,222,negative,0.7
Nature,Pursuit of better batteries underpins China’s lead in energy research,,https://doi.org/10.1038/d41586-021-02411-y,Bec Crew,2021-09-24,2021,article,0,https://openalex.org/W3199118109,https://openalex.org/W3199118109,China,223,positive,0.7
Nature,China’s pledge on overseas coal — by the numbers,,https://doi.org/10.1038/d41586-021-02645-w,Quirin Schiermeier,2021-09-29,2021,article,9,https://openalex.org/W3203932956,https://openalex.org/W3203932956,China,224,neutral,0.9
Nature,The $100-billion toll of a pig epidemic in China,,https://doi.org/10.1038/d41586-021-02642-z,,2021-10-01,2021,article,2,https://openalex.org/W4200251561,https://openalex.org/W4200251561,China,225,negative,0.95
Nature,China’s data-driven dream to overhaul health care,,https://doi.org/10.1038/d41586-021-02694-1,Sarah O’Meara,2021-10-06,2021,article,9,https://openalex.org/W3202447868,https://openalex.org/W3202447868,China,226,neutral,0.8
Nature,The gene-editing engineer working to boost expertise in China,,https://doi.org/10.1038/d41586-021-02732-y,Sarah O’Meara,2021-10-06,2021,article,0,https://openalex.org/W3204110440,https://openalex.org/W3204110440,China,227,neutral,0.8
Nature,China’s COVID vaccines have been crucial — now immunity is waning,,https://doi.org/10.1038/d41586-021-02796-w,Smriti Mallapaty,2021-10-14,2021,article,177,https://openalex.org/W3207057321,https://openalex.org/W3207057321,China,228,negative,0.8
Nature,Rhino puzzle and China’s COVID vaccines — the week in infographics,,https://doi.org/10.1038/d41586-021-02878-9,,2021-10-22,2021,article,1,https://openalex.org/W4254832569,https://openalex.org/W4254832569,China,229,neutral,0.9
Nature,Coronapod: China's crucial COVID vaccines start to falter,,https://doi.org/10.1038/d41586-021-03005-4,Noah Baker; Smriti Mallapaty,2021-10-29,2021,article,0,https://openalex.org/W3209592741,https://openalex.org/W3209592741,China,230,negative,0.9
Nature,Daily briefing: US and China issue joint climate pledge,,https://doi.org/10.1038/d41586-021-03426-1,Flora Graham,2021-11-11,2021,article,0,https://openalex.org/W4200215100,https://openalex.org/W4200215100,China,231,neutral,0.9
Nature,China creates vast research infrastructure to support ambitious climate goals,,https://doi.org/10.1038/d41586-021-03491-6,Smriti Mallapaty,2021-11-22,2021,article,3,https://openalex.org/W3214876507,https://openalex.org/W3214876507,China,232,positive,0.95
Nature,China’s Mars rover has amassed reams of novel geological data,,https://doi.org/10.1038/d41586-021-03554-8,Smriti Mallapaty,2021-11-30,2021,article,0,https://openalex.org/W3216524598,https://openalex.org/W3216524598,China,233,positive,0.95
Nature,Fatal lab explosion in China highlights wider safety fears,,https://doi.org/10.1038/d41586-021-03589-x,Andrew Silver,2021-12-22,2021,article,11,https://openalex.org/W4200512511,https://openalex.org/W4200512511,China,234,negative,0.98
Nature,Mars mission is China’s ‘first step’ in planetary exploration,,https://doi.org/10.1038/d41586-021-03849-w,Smriti Mallapaty,2021-12-24,2021,article,2,https://openalex.org/W4200524701,https://openalex.org/W4200524701,China,235,positive,0.9
Nature,Daily briefing: Chemist Charles Lieber convicted of hiding his ties to China,,https://doi.org/10.1038/d41586-022-00014-9,Flora Graham,2022-01-04,2022,article,0,https://openalex.org/W4206082551,https://openalex.org/W4206082551,China,236,negative,0.9
Nature,China’s Winter Olympics are carbon-neutral — how?,,https://doi.org/10.1038/d41586-022-00321-1,Smriti Mallapaty,2022-02-04,2022,article,8,https://openalex.org/W4210601573,https://openalex.org/W4210601573,China,237,neutral,0.8
Nature,China’s approval of gene-edited crops energizes researchers,Scientists say newly published guidelines will spur research into crops that have increased yields and greater resilience to climate change. Scientists say newly published guidelines will spur research into crops that have increased yields and greater resilience to climate change.,https://doi.org/10.1038/d41586-022-00395-x,Smriti Mallapaty,2022-02-11,2022,article,33,https://openalex.org/W4211217845,https://openalex.org/W4211217845,China,238,positive,0.95
Nature,China: reform research-evaluation criteria,,https://doi.org/10.1038/d41586-022-00408-9,Baichang Zhong; Xiaofan Liu; Zehui Zhan,2022-02-15,2022,article,1,https://openalex.org/W4213211171,https://openalex.org/W4213211171,China,239,neutral,0.9
Nature,"Asteroids, Hubble rival and Moon base: China sets out space agenda",,https://doi.org/10.1038/d41586-022-00439-2,Elizabeth Gibney,2022-02-18,2022,article,14,https://openalex.org/W4213265582,https://openalex.org/W4213265582,China,240,neutral,0.85
Nature,Extreme rains are drenching China’s booming cities,,https://doi.org/10.1038/d41586-022-00489-6,,2022-02-23,2022,article,0,https://openalex.org/W4212811633,https://openalex.org/W4212811633,China,241,negative,0.9
Nature,Daily briefing: The United States’s controversial China Initiative is over,,https://doi.org/10.1038/d41586-022-00609-2,Flora Graham,2022-02-28,2022,article,0,https://openalex.org/W4214914034,https://openalex.org/W4214914034,China,242,neutral,0.8
Nature,"Innovative ochre processing and tool use in China 40,000 years ago",,https://doi.org/10.1038/s41586-022-04445-2,Fagang Wang; Shi‐Xia Yang; Junyi Ge; Andreu Ollé; Keliang Zhao; Jian‐Ping Yue; Daniela Eugenia Rosso; Katerina Douka; Ying Guan; Wenyan Li; Hai-Yong Yang; Lian-Qiang Liu; Fei Xie; Zhengtang Guo; Rixiang Zhu; Chenglong Deng; Francesco d’Errico; Michael D. Petraglia,2022-03-02,2022,article,59,https://openalex.org/W4214933927,https://openalex.org/W4214933927,China,243,neutral,0.95
Nature,US–China partnerships bring strength in numbers to big science projects,,https://doi.org/10.1038/d41586-022-00570-0,James Mitchell Crow,2022-03-09,2022,article,9,https://openalex.org/W4221093305,https://openalex.org/W4221093305,China,244,positive,0.9
Nature,The size of the land carbon sink in China,,https://doi.org/10.1038/s41586-021-04255-y,Yilong Wang; Xuhui Wang; Kai Wang; Frédéric Chevallier; Dan Zhu; Jinghui Lian; Yue He; Hanqin Tian; Junsheng Li; Jianxiao Zhu; Sujong Jeong; Josep G. Canadell,2022-03-16,2022,article,163,https://openalex.org/W4220845590,https://openalex.org/W4220845590,China,245,neutral,0.9
Nature,Scientists struggle to probe COVID’s origins amid sparse data from China,,https://doi.org/10.1038/d41586-022-00732-0,Amy Maxmen,2022-03-17,2022,article,21,https://openalex.org/W4220907808,https://openalex.org/W4220907808,China,246,negative,0.9
Nature,Four research teams powering China’s net-zero energy goal,,https://doi.org/10.1038/d41586-022-00801-4,Sarah O’Meara; Yvaine Ye,2022-03-23,2022,article,23,https://openalex.org/W4220806181,https://openalex.org/W4220806181,China,247,positive,0.8
Nature,Will Omicron finally overpower China’s COVID defences?,,https://doi.org/10.1038/d41586-022-00884-z,Dyani Lewis,2022-03-28,2022,article,32,https://openalex.org/W4220863268,https://openalex.org/W4220863268,China,248,negative,0.8
Nature,Daily briefing: ‘Out of control’ Omicron threatens China,,https://doi.org/10.1038/d41586-022-00902-0,Flora Graham,2022-03-28,2022,article,4,https://openalex.org/W4220813353,https://openalex.org/W4220813353,China,249,negative,0.95
Nature,Bacteria in China’s livestock amass weapons against antibiotics,,https://doi.org/10.1038/d41586-022-00892-z,,2022-03-31,2022,article,1,https://openalex.org/W4221047144,https://openalex.org/W4221047144,China,250,negative,0.8
Nature,By the numbers: China’s net-zero ambitions,,https://doi.org/10.1038/d41586-022-00802-3,Andy Tay,2022-04-05,2022,article,18,https://openalex.org/W4225597367,https://openalex.org/W4225597367,China,251,neutral,0.9
Nature,China: protect black soil for biodiversity,,https://doi.org/10.1038/d41586-022-00942-6,Deyi Hou,2022-04-05,2022,article,17,https://openalex.org/W4224004448,https://openalex.org/W4224004448,China,252,positive,0.7
Nature,Jury finds University of Kansas chemical engineer guilty of hiding ties to China,,https://doi.org/10.1038/d41586-022-01022-5,Sara Reardon,2022-04-08,2022,article,0,https://openalex.org/W4223544735,https://openalex.org/W4223544735,China,253,negative,0.95
Nature,Revitalize China’s cotton industry,,https://doi.org/10.1038/d41586-022-01106-2,Hang Zhao; Xiaoyang Ge; Fuguang Li,2022-04-26,2022,article,18,https://openalex.org/W4228999253,https://openalex.org/W4228999253,China,254,positive,0.9
Nature,Daily briefing: A fresh focus on research ethics in China,,https://doi.org/10.1038/d41586-022-01210-3,Flora Graham,2022-04-27,2022,article,0,https://openalex.org/W4225156906,https://openalex.org/W4225156906,China,255,neutral,0.8
Nature,Nature Index Annual Tables 2022: China’s research spending pays off,,https://doi.org/10.1038/d41586-022-01669-0,Gemma Conroy; Benjamin Plackett,2022-06-16,2022,article,8,https://openalex.org/W4282959533,https://openalex.org/W4282959533,China,256,positive,0.92
Nature,Unleashing the power of big data to guide precision medicine in China,"Personalized treatments and large population studies in China are helping to uncover patterns for a range of conditions, from autism to hereditary hearing loss. Personalized treatments and large population studies in China are helping to uncover patterns for a range of conditions, from autism to hereditary hearing loss.",https://doi.org/10.1038/d41586-022-01742-8,Yvaine Ye,2022-06-29,2022,article,6,https://openalex.org/W4283689358,https://openalex.org/W4283689358,China,257,positive,0.95
Nature,"How China–US collaborations still happen, despite politics",,https://doi.org/10.1038/d41586-022-01957-9,Jenny J. Lee,2022-07-19,2022,article,4,https://openalex.org/W4285797127,https://openalex.org/W4285797127,China,258,positive,0.9
Nature,China approves first homegrown COVID antiviral,,https://doi.org/10.1038/d41586-022-02050-x,Yvaine Ye,2022-07-26,2022,article,10,https://openalex.org/W4288034391,https://openalex.org/W4288034391,China,259,positive,0.95
Nature,From Togo to China: growing abroad as a PhD student,,https://doi.org/10.1038/d41586-022-02058-3,Nikki Forrester,2022-07-27,2022,article,0,https://openalex.org/W4288726763,https://openalex.org/W4288726763,China,260,positive,0.9
Nature,A boost for African research from China,,https://doi.org/10.1038/d41586-022-02240-7,Khaoula Houssini,2022-08-23,2022,article,0,https://openalex.org/W4292707583,https://openalex.org/W4292707583,China,261,positive,0.9
Nature,When will China’s population peak? It depends who you ask,,https://doi.org/10.1038/d41586-022-02304-8,Yvaine Ye,2022-08-25,2022,article,8,https://openalex.org/W4293090963,https://openalex.org/W4293090963,China,262,neutral,0.9
Nature,Rescue China’s highland lakes and their ecosystem services,,https://doi.org/10.1038/d41586-022-02319-1,Yong Geng; Joseph Sarkis; Bruce Mitchell,2022-08-30,2022,article,5,https://openalex.org/W4293594165,https://openalex.org/W4293594165,China,263,positive,0.8
Nature,"China’s population, evolution of walking — the week in infographics",,https://doi.org/10.1038/d41586-022-02777-7,,2022-08-30,2022,article,0,https://openalex.org/W4293582133,https://openalex.org/W4293582133,China,264,neutral,0.9
Nature,China and India approve nasal COVID vaccines — are they a game changer?,,https://doi.org/10.1038/d41586-022-02851-0,Emily Waltz,2022-09-07,2022,article,64,https://openalex.org/W4294877344,https://openalex.org/W4294877344,China,265,neutral,0.6
Nature,China’s young researchers offered new opportunities,,https://doi.org/10.1038/d41586-022-02898-z,Jingru Zhang; Kexin Lü; Wendong Wei,2022-09-13,2022,article,0,https://openalex.org/W4295756389,https://openalex.org/W4295756389,China,266,positive,0.95
Nature,China’s extreme weather challenges scientists trying to study it,,https://doi.org/10.1038/d41586-022-02954-8,Smriti Mallapaty,2022-09-21,2022,article,90,https://openalex.org/W4296691000,https://openalex.org/W4296691000,China,267,negative,0.85
Nature,Convictions reversed for US chemical engineer accused of hiding China ties,,https://doi.org/10.1038/d41586-022-03007-w,Natasha Gilbert,2022-09-22,2022,article,0,https://openalex.org/W4296687253,https://openalex.org/W4296687253,China,268,positive,0.9
Nature,China’s Mars rover finds hints of catastrophic floods,,https://doi.org/10.1038/d41586-022-03056-1,Smriti Mallapaty,2022-09-27,2022,article,0,https://openalex.org/W4297252866,https://openalex.org/W4297252866,China,269,neutral,0.85
Nature,The oldest complete jawed vertebrates from the early Silurian of China,,https://doi.org/10.1038/s41586-022-05136-8,You-an Zhu; Qiang Li; Jing Lü; Yang Chen; Jianhua Wang; Zhikun Gai; Wenjin Zhao; Guangbiao Wei; Yilun Yu; Per Ahlberg; Min Zhu,2022-09-28,2022,article,76,https://openalex.org/W4297497778,https://openalex.org/W4297497778,China,270,neutral,0.98
Nature,Spiny chondrichthyan from the lower Silurian of South China,,https://doi.org/10.1038/s41586-022-05233-8,Plamen S. Andreev; Ivan J. Sansom; Qiang Li; Wenjin Zhao; Jianhua Wang; Chun‐Chieh Wang; Lijian Peng; Liantao Jia; Tuo Qiao; Min Zhu,2022-09-28,2022,article,38,https://openalex.org/W4297475631,https://openalex.org/W4297475631,China,271,neutral,0.95
Nature,Hydrogen could help China’s heavy industry to get greener,,https://doi.org/10.1038/d41586-022-03084-x,,2022-10-06,2022,article,2,https://openalex.org/W4302424585,https://openalex.org/W4302424585,China,272,positive,0.9
Nature,China: protect home-grown solutions to food security,,https://doi.org/10.1038/d41586-022-03289-0,Faith Ka Shun Chan; Yong‐Guan Zhu; Juanle Wang; Gang Li; Jiayu Wang; Jiannan Chen,2022-10-18,2022,article,9,https://openalex.org/W4306684750,https://openalex.org/W4306684750,China,273,positive,0.9
Nature,China’s Belt and Road: time to make it greener,,https://doi.org/10.1038/d41586-022-03319-x,Xiaofeng Liu; Chen Lin; Mia M. Bennett; Peng Gong,2022-10-25,2022,article,3,https://openalex.org/W4307391744,https://openalex.org/W4307391744,China,274,positive,0.85
Nature,US and China: climate collaboration on the ground,,https://doi.org/10.1038/d41586-022-03404-1,Fan Dai,2022-10-25,2022,article,0,https://openalex.org/W4307391601,https://openalex.org/W4307391601,China,275,positive,0.75
Nature,Daily briefing: China reports first roll-out of inhalable COVID-19 vaccine,,https://doi.org/10.1038/d41586-022-03548-0,Flora Graham,2022-11-01,2022,article,1,https://openalex.org/W4308056470,https://openalex.org/W4308056470,China,276,positive,0.7
Nature,Can China avoid a wave of deaths if it lifts strict zero COVID policy?,,https://doi.org/10.1038/d41586-022-04235-w,Smriti Mallapaty,2022-11-30,2022,article,18,https://openalex.org/W4310855929,https://openalex.org/W4310855929,China,277,negative,0.75
Nature,Is China open to adopting a culture of innovation?,,https://doi.org/10.1038/d41586-022-04207-0,Joyce Lau,2022-12-07,2022,article,4,https://openalex.org/W4311572747,https://openalex.org/W4311572747,China,278,neutral,0.9
Nature,"China COVID wave could kill one million people, models predict",,https://doi.org/10.1038/d41586-022-04502-w,Smriti Mallapaty,2022-12-19,2022,article,10,https://openalex.org/W4311885571,https://openalex.org/W4311885571,China,279,negative,0.98
Nature,Daily briefing: China’s COVID wave could kill one million people,,https://doi.org/10.1038/d41586-022-04541-3,Flora Graham,2022-12-19,2022,article,6,https://openalex.org/W4312064767,https://openalex.org/W4312064767,China,280,negative,0.95
Nature,China’s Thousand Talents Plan to entice researchers home boosted their output,,https://doi.org/10.1038/d41586-023-00012-5,Dyani Lewis,2023-01-05,2023,article,2,https://openalex.org/W4313650497,https://openalex.org/W4313650497,China,281,positive,0.9
Nature,China is opening up after 3 years — what does it mean for research?,,https://doi.org/10.1038/d41586-023-00091-4,Smriti Mallapaty,2023-01-17,2023,article,5,https://openalex.org/W4317209277,https://openalex.org/W4317209277,China,282,positive,0.8
Nature,Teaching teachers deserves more credit in China,,https://doi.org/10.1038/d41586-023-00099-w,Wentao Wang,2023-01-17,2023,article,0,https://openalex.org/W4317103453,https://openalex.org/W4317103453,China,283,positive,0.9
Nature,Ageing threatens sustainability of smallholder farming in China,,https://doi.org/10.1038/s41586-023-05738-w,Chenchen Ren; Xinyue Zhou; Chen Wang; Yaolin Guo; Yu Diao; Sisi Shen; Stefan Reis; Wanyue Li; Jianming Xu; Baojing Gu,2023-02-22,2023,article,345,https://openalex.org/W4321480207,https://openalex.org/W4321480207,China,284,negative,0.9
Nature,Optimal nitrogen rate strategy for sustainable rice production in China,,https://doi.org/10.1038/s41586-022-05678-x,Siyuan Cai; Xu Zhao; Cameron M. Pittelkow; Mingsheng Fan; Xin Zhang; Xiaoyuan Yan,2023-02-22,2023,article,300,https://openalex.org/W4321480159,https://openalex.org/W4321480159,China,285,neutral,0.9
Nature,China Initiative’s shadow looms large for US scientists,,https://doi.org/10.1038/d41586-023-00543-x,Natasha Gilbert,2023-02-24,2023,article,10,https://openalex.org/W4321765044,https://openalex.org/W4321765044,China,286,negative,0.85
Nature,Prestigious Pasteur Institute severs ties with China infectious disease lab,,https://doi.org/10.1038/d41586-023-00694-x,Smriti Mallapaty,2023-03-08,2023,article,1,https://openalex.org/W4323652854,https://openalex.org/W4323652854,China,287,negative,0.9
Nature,Crop switching can enhance environmental sustainability and farmer incomes in China,"Achieving food-system sustainability is a multidimensional challenge. In China, a doubling of crop production since 1990 has compromised other dimensions of sustainability1,2. Although the country is promoting various interventions to enhance production efficiency and reduce environmental impacts3, there is little understanding of whether crop switching can achieve more sustainable cropping systems and whether coordinated action is needed to avoid tradeoffs. Here we combine high-resolution data on crop-specific yields, harvested areas, environmental footprints and farmer incomes to first quantify the current state of crop-production sustainability. Under varying levels of inter-ministerial and central coordination, we perform spatial optimizations that redistribute crops to meet a suite of agricultural sustainable development targets. With a siloed approach—in which each government ministry seeks to improve a single sustainability outcome in isolation—crop switching could realize large individual benefits but produce tradeoffs for other dimensions and between regions. In cases of central coordination—in which tradeoffs are prevented—we find marked co-benefits for environmental-impact reductions (blue water (−4.5% to −18.5%), green water (−4.4% to −9.5%), greenhouse gases (GHGs) (−1.7% to −7.7%), fertilizers (−5.2% to −10.9%), pesticides (−4.3% to −10.8%)) and increased farmer incomes (+2.9% to +7.5%). These outcomes of centrally coordinated crop switching can contribute substantially (23–40% across dimensions) towards China’s 2030 agricultural sustainable development targets and potentially produce global resource savings. This integrated approach can inform feasible targeted agricultural interventions that achieve sustainability co-benefits across several dimensions. Spatial optimizations of high-resolution data from China on crop-specific yields, harvested areas, environmental footprints and farmer incomes shows that crop switching can enhance environmental sustainability and farmer incomes, and contribute substantially towards China’s agricultural sustainable development targets.",https://doi.org/10.1038/s41586-023-05799-x,Wei Xie; Anfeng Zhu; Tariq Ali; Zhengtao Zhang; Xiaoguang Chen; Feng Wu; Jikun Huang; Kyle Frankel Davis,2023-03-16,2023,article,279,https://openalex.org/W4327568972,https://openalex.org/W4327568972,China,288,positive,0.95
Nature,Biden’s science adviser on the US push to compete with China,,https://doi.org/10.1038/d41586-023-00919-z,Jeff Tollefson,2023-03-29,2023,article,0,https://openalex.org/W4361285816,https://openalex.org/W4361285816,China,289,neutral,0.9
Nature,Air pollution in China is falling — but there is a long way to go,,https://doi.org/10.1038/d41586-023-01452-9,Dyani Lewis,2023-04-30,2023,article,17,https://openalex.org/W4367549225,https://openalex.org/W4367549225,China,290,positive,0.75
Nature,China’s mysterious spaceplane returns to Earth — what we know,,https://doi.org/10.1038/d41586-023-01639-0,Yvaine Ye,2023-05-18,2023,article,0,https://openalex.org/W4377019618,https://openalex.org/W4377019618,China,291,neutral,0.9
Nature,China overtakes United States on contribution to research in Nature Index,,https://doi.org/10.1038/d41586-023-01705-7,Simon Baker,2023-05-19,2023,article,18,https://openalex.org/W4377096125,https://openalex.org/W4377096125,China,292,neutral,0.9
Nature,China is using satellites to police the protection of nature — but will it work?,,https://doi.org/10.1038/d41586-023-01714-6,Dyani Lewis,2023-05-26,2023,article,2,https://openalex.org/W4378390534,https://openalex.org/W4378390534,China,293,negative,0.65
Nature,Why China’s changing diet is a bellyache for public health,,https://doi.org/10.1038/d41586-023-01841-0,Yvaine Ye; Jack Leeming,2023-06-14,2023,article,14,https://openalex.org/W4380609455,https://openalex.org/W4380609455,China,294,negative,0.9
Nature,Nature Index Annual Tables 2023: China tops natural-science table,,https://doi.org/10.1038/d41586-023-01868-3,Chris Woolston,2023-06-15,2023,article,13,https://openalex.org/W4380789429,https://openalex.org/W4380789429,China,295,positive,0.9
Nature,By the numbers: China’s changing diet,,https://doi.org/10.1038/d41586-023-02060-3,Yvaine Ye; Jack Leeming,2023-06-22,2023,article,15,https://openalex.org/W4381616690,https://openalex.org/W4381616690,China,296,neutral,0.9
Nature,Accelerating the energy transition towards photovoltaic and wind in China,"Abstract China’s goal to achieve carbon (C) neutrality by 2060 requires scaling up photovoltaic (PV) and wind power from 1 to 10–15 PWh year −1 (refs. 1–5 ). Following the historical rates of renewable installation 1 , a recent high-resolution energy-system model 6 and forecasts based on China’s 14th Five-year Energy Development (CFED) 7 , however, only indicate that the capacity will reach 5–9.5 PWh year −1 by 2060. Here we show that, by individually optimizing the deployment of 3,844 new utility-scale PV and wind power plants coordinated with ultra-high-voltage (UHV) transmission and energy storage and accounting for power-load flexibility and learning dynamics, the capacity of PV and wind power can be increased from 9 PWh year −1 (corresponding to the CFED path) to 15 PWh year −1 , accompanied by a reduction in the average abatement cost from US$97 to US$6 per tonne of carbon dioxide (tCO 2 ). To achieve this, annualized investment in PV and wind power should ramp up from US$77 billion in 2020 (current level) to US$127 billion in the 2020s and further to US$426 billion year −1 in the 2050s. The large-scale deployment of PV and wind power increases income for residents in the poorest regions as co-benefits. Our results highlight the importance of upgrading power systems by building energy storage, expanding transmission capacity and adjusting power load at the demand side to reduce the economic cost of deploying PV and wind power to achieve carbon neutrality in China.",https://doi.org/10.1038/s41586-023-06180-8,Yijing Wang; Rong Wang; Katsumasa Tanaka; Philippe Ciais; Josep Peñuelas; Yves Balkanski; Jordi Sardans; Didier Hauglustaine; Wang Liu; Xiaofan Xing; Jiarong Li; Siqing Xu; Yuankang Xiong; Ruipu Yang; Junji Cao; Jianmin Chen; Lin Wang; Xu Tang; Renhe Zhang,2023-07-26,2023,article,722,https://openalex.org/W4385295057,https://openalex.org/W4385295057,China,297,positive,0.9
Nature,What China’s leading position in natural sciences means for global research,,https://doi.org/10.1038/d41586-023-02159-7,Chris Woolston,2023-08-09,2023,article,18,https://openalex.org/W4385699510,https://openalex.org/W4385699510,China,298,positive,0.9
Nature,Will China stay centre-stage for international research collaboration?,,https://doi.org/10.1038/d41586-023-02163-x,Xin Xu,2023-08-09,2023,article,16,https://openalex.org/W4385707294,https://openalex.org/W4385707294,China,299,neutral,0.85
Nature,Mapping China’s shifting research collaboration,,https://doi.org/10.1038/d41586-023-02161-z,,2023-08-09,2023,article,4,https://openalex.org/W4385708012,https://openalex.org/W4385708012,China,300,neutral,0.9
Nature,China sees renewed surge in natural sciences,,https://doi.org/10.1038/d41586-023-02158-8,Simon Baker,2023-08-09,2023,article,1,https://openalex.org/W4385708284,https://openalex.org/W4385708284,China,301,positive,0.95
Nature,How China is capturing attention with landmark research,,https://doi.org/10.1038/d41586-023-02160-0,Gemma Conroy; Pratik Pawar; Sian Powell,2023-08-09,2023,article,0,https://openalex.org/W4385708201,https://openalex.org/W4385708201,China,302,positive,0.9
Nature,Urbanization is reshaping food production in China,,https://doi.org/10.1038/d41586-023-02753-9,Lei Liu,2023-09-05,2023,article,6,https://openalex.org/W4386442176,https://openalex.org/W4386442176,China,303,neutral,0.9
Nature,China’s powerful new telescope will search for exploding stars,,https://doi.org/10.1038/d41586-023-03013-6,Gemma Conroy,2023-09-26,2023,article,1,https://openalex.org/W4387045090,https://openalex.org/W4387045090,China,304,positive,0.9
Nature,Daily briefing: See the first image released by China’s new high-resolution telescope,"The Wide Field Survey Telescope will scan the skies for stellar explosions. Plus, how to do science in a violent border region and how much we owe to earthworms. The Wide Field Survey Telescope will scan the skies for stellar explosions. Plus, how to do science in a violent border region and how much we owe to earthworms.",https://doi.org/10.1038/d41586-023-03056-9,Flora Graham,2023-09-27,2023,article,0,https://openalex.org/W4387140081,https://openalex.org/W4387140081,China,305,neutral,0.9
Nature,Assessing the illegal hunting of native wildlife in China,,https://doi.org/10.1038/s41586-023-06625-0,Dan Liang; Xingli Giam; Sifan Hu; Liang Ma; David S. Wilcove,2023-10-25,2023,article,33,https://openalex.org/W4387935783,https://openalex.org/W4387935783,China,306,neutral,0.9
Nature,Convictions show scale of wildlife hunting in China,,https://doi.org/10.1038/d41586-023-02942-6,David P. Edwards,2023-10-25,2023,article,1,https://openalex.org/W4387936904,https://openalex.org/W4387936904,China,307,negative,0.7
Nature,Anthropocene briefing: China accused of rogue chemical emissions,,https://doi.org/10.1038/d41586-023-03705-z,Jesse Chase-Lubitz,2023-11-03,2023,article,0,https://openalex.org/W4388936307,https://openalex.org/W4388936307,China,308,negative,0.9
Nature,China must draw on internal research strength,"The domestic pool of talent is deep, but international links are still crucial for maintaining the country’s role in the search for global solutions. The domestic pool of talent is deep, but international links are still crucial for maintaining the country’s role in the search for global solutions.",https://doi.org/10.1038/d41586-023-03445-0,Cong Cao,2023-11-08,2023,article,10,https://openalex.org/W4388490402,https://openalex.org/W4388490402,China,309,positive,0.95
Nature,Are rooftop solar panels the answer to meeting China’s challenging climate targets?,,https://doi.org/10.1038/d41586-023-02991-x,Yvaine Ye,2023-11-21,2023,article,3,https://openalex.org/W4388860467,https://openalex.org/W4388860467,China,310,neutral,0.7
Nature,China: personalized carbon accounting for consumers,,https://doi.org/10.1038/d41586-023-03609-y,Li Zhang; Lan Tao; Dongjie Sun; Fangyi Yang,2023-11-21,2023,article,1,https://openalex.org/W4388846560,https://openalex.org/W4388846560,China,311,neutral,0.9
Nature,What’s behind China’s mysterious wave of childhood pneumonia?,,https://doi.org/10.1038/d41586-023-03732-w,Gemma Conroy,2023-11-27,2023,article,44,https://openalex.org/W4389045196,https://openalex.org/W4389045196,China,312,negative,0.85
Nature,Daily briefing: What’s causing a pneumonia surge in China,,https://doi.org/10.1038/d41586-023-03761-5,Flora Graham,2023-11-27,2023,article,1,https://openalex.org/W4389080523,https://openalex.org/W4389080523,China,313,negative,0.6
Nature,China and California are leading the way on climate cooperation. Others should follow,,https://doi.org/10.1038/d41586-023-03713-z,Fan Dai,2023-11-28,2023,article,3,https://openalex.org/W4389086974,https://openalex.org/W4389086974,China,314,positive,0.95
Nature,Why is China’s high-quality research footprint becoming more introverted?,,https://doi.org/10.1038/d41586-023-03762-4,Brian Owens,2023-11-29,2023,article,2,https://openalex.org/W4389140112,https://openalex.org/W4389140112,China,315,negative,0.7
Nature,China’s new dark-matter lab is biggest and deepest yet,,https://doi.org/10.1038/d41586-024-00166-w,Gemma Conroy,2024-01-22,2024,article,0,https://openalex.org/W4391174414,https://openalex.org/W4391174414,China,316,positive,0.9
Nature,Resolve climate-policy uncertainties in the US and China,,https://doi.org/10.1038/d41586-024-00186-6,Dayong Zhang; Kun Guo; Qiang Ji,2024-01-23,2024,article,10,https://openalex.org/W4391141094,https://openalex.org/W4391141094,China,317,neutral,0.8
Nature,An early look at birth cohort genetics in China,,https://doi.org/10.1038/d41586-024-00079-8,Nicholas J. Timpson,2024-01-31,2024,article,0,https://openalex.org/W4391385221,https://openalex.org/W4391385221,China,318,neutral,0.9
Nature,Daily briefing: Discoveries from a huge study of mothers and babies in China,,https://doi.org/10.1038/d41586-024-00314-2,Flora Graham,2024-02-01,2024,article,0,https://openalex.org/W4391474381,https://openalex.org/W4391474381,China,319,neutral,0.9
Nature,China conducts first nationwide review of retractions and research misconduct,,https://doi.org/10.1038/d41586-024-00397-x,Smriti Mallapaty,2024-02-12,2024,article,43,https://openalex.org/W4391754012,https://openalex.org/W4391754012,China,320,neutral,0.6
Nature,Daily briefing: China’s sweeping retraction audit,,https://doi.org/10.1038/d41586-024-00486-x,Katrina Krämer,2024-02-13,2024,article,0,https://openalex.org/W4391811151,https://openalex.org/W4391811151,China,321,negative,0.6
Nature,Why it would be a dangerous folly to end US–China science pact,,https://doi.org/10.1038/d41586-024-00577-9,,2024-02-26,2024,article,1,https://openalex.org/W4392151991,https://openalex.org/W4392151991,China,322,negative,0.9
Nature,China has a list of suspect journals and it’s just been updated,,https://doi.org/10.1038/d41586-024-00629-0,Smriti Mallapaty,2024-03-06,2024,article,6,https://openalex.org/W4392517211,https://openalex.org/W4392517211,China,323,neutral,0.9
Nature,China promises more money for science in 2024,,https://doi.org/10.1038/d41586-024-00695-4,Smriti Mallapaty,2024-03-08,2024,article,7,https://openalex.org/W4392594045,https://openalex.org/W4392594045,China,324,positive,0.9
Nature,China–US climate collaboration concerns as Xie and Kerry step down,,https://doi.org/10.1038/d41586-024-00692-7,Smriti Mallapaty,2024-03-12,2024,article,0,https://openalex.org/W4392714905,https://openalex.org/W4392714905,China,325,negative,0.85
Nature,China’s medical-device industry gets a makeover,,https://doi.org/10.1038/d41586-024-00823-0,Sandy Ong,2024-03-20,2024,article,2,https://openalex.org/W4392988427,https://openalex.org/W4392988427,China,326,positive,0.9
Nature,Female academics need more support — in China as elsewhere,,https://doi.org/10.1038/d41586-024-01086-5,Daxin Wang; Yongbing Cao; Chuanli Ren,2024-04-16,2024,article,0,https://openalex.org/W4394847914,https://openalex.org/W4394847914,China,327,negative,0.75
Nature,China's Moon atlas is the most detailed ever made,,https://doi.org/10.1038/d41586-024-01223-0,Ling Xin,2024-04-25,2024,article,0,https://openalex.org/W4395467345,https://openalex.org/W4395467345,China,328,positive,0.95
Nature,Superconductivity hunt gets boost from China’s $220 million physics ‘playground’,,https://doi.org/10.1038/d41586-024-01192-4,Gemma Conroy,2024-04-29,2024,article,0,https://openalex.org/W4396238965,https://openalex.org/W4396238965,China,329,positive,0.95
Nature,China’s Chang’e-6 launched successfully — what happens next?,,https://doi.org/10.1038/d41586-024-01345-5,Ling Xin,2024-05-06,2024,article,0,https://openalex.org/W4396669156,https://openalex.org/W4396669156,China,330,positive,0.9
Nature,World’s brightest X-rays: China first in Asia to build next-generation synchrotron,,https://doi.org/10.1038/d41586-024-01346-4,Gemma Conroy,2024-05-13,2024,article,9,https://openalex.org/W4396861307,https://openalex.org/W4396861307,China,331,positive,0.95
Nature,"China’s Yangtze fish-rescue plan is a failure, study says",,https://doi.org/10.1038/d41586-024-01444-3,Xiaoying You,2024-05-20,2024,article,2,https://openalex.org/W4398139837,https://openalex.org/W4398139837,China,332,negative,0.95
Nature,China’s ChatGPT: why China is building its own AI chatbots,,https://doi.org/10.1038/d41586-024-01495-6,Celeste Biever,2024-05-22,2024,article,7,https://openalex.org/W4398201234,https://openalex.org/W4398201234,China,333,neutral,0.8
Nature,China’s Chang’e-6 collects first rock samples from Moon’s far side,,https://doi.org/10.1038/d41586-024-01625-0,Ling Xin,2024-06-04,2024,article,2,https://openalex.org/W4399332647,https://openalex.org/W4399332647,China,334,positive,0.9
Nature,China’s research clout leads to growth in homegrown science publishing,Self-reliance and a wish to set the agenda might explain concerted push to produce domestic journals. Self-reliance and a wish to set the agenda might explain concerted push to produce domestic journals.,https://doi.org/10.1038/d41586-024-01596-2,Brian Owens,2024-06-05,2024,article,17,https://openalex.org/W4399361581,https://openalex.org/W4399361581,China,335,positive,0.9
Nature,Why China has been a growing study destination for African students,,https://doi.org/10.1038/d41586-024-01599-z,Rachel Nuwer,2024-06-05,2024,article,3,https://openalex.org/W4399361840,https://openalex.org/W4399361840,China,336,neutral,0.9
Nature,China seeks global impact and recognition,,https://doi.org/10.1038/d41586-024-01595-3,Simon Baker,2024-06-05,2024,article,1,https://openalex.org/W4399361894,https://openalex.org/W4399361894,China,337,neutral,0.8
Nature,China’s big-science bet,,https://doi.org/10.1038/d41586-024-01597-1,James Mitchell Crow,2024-06-05,2024,article,1,https://openalex.org/W4399362062,https://openalex.org/W4399362062,China,338,neutral,0.8
Nature,Elite researchers in China say they had ‘no choice’ but to commit misconduct,,https://doi.org/10.1038/d41586-024-01697-y,Smriti Mallapaty,2024-06-11,2024,article,2,https://openalex.org/W4399513517,https://openalex.org/W4399513517,China,339,negative,0.9
Nature,Cheaper versions of blockbuster obesity drugs are being created in India and China,,https://doi.org/10.1038/d41586-024-02044-x,Smriti Mallapaty,2024-06-19,2024,article,8,https://openalex.org/W4399830436,https://openalex.org/W4399830436,China,340,positive,0.75
Nature,Daily briefing: Drop in US–China collaborations will hinder important advances,,https://doi.org/10.1038/d41586-024-02417-2,Flora Graham,2024-07-22,2024,article,0,https://openalex.org/W4400913688,https://openalex.org/W4400913688,China,341,negative,0.9
Nature,Why US–China relations are too important to be left to politicians,,https://doi.org/10.1038/d41586-024-02385-7,Yasheng Huang,2024-07-23,2024,article,0,https://openalex.org/W4400924072,https://openalex.org/W4400924072,China,342,neutral,0.8
Nature,How a space physicist is shaking up China’s research funding,,https://doi.org/10.1038/d41586-024-02464-9,Gemma Conroy,2024-08-02,2024,article,1,https://openalex.org/W4401279603,https://openalex.org/W4401279603,China,343,neutral,0.7
Nature,China’s robotaxis need regulation,,https://doi.org/10.1038/d41586-024-02551-x,Hong Yang,2024-08-06,2024,article,2,https://openalex.org/W4401373381,https://openalex.org/W4401373381,China,344,neutral,0.85
Nature,Inside China’s race to lead the world in nuclear fusion,,https://doi.org/10.1038/d41586-024-02759-x,Gemma Conroy,2024-08-28,2024,article,8,https://openalex.org/W4401959476,https://openalex.org/W4401959476,China,345,neutral,0.8
Nature,What does peak emissions mean for China — and the world?,,https://doi.org/10.1038/d41586-024-02877-6,Xiaoying You,2024-09-19,2024,article,14,https://openalex.org/W4402587503,https://openalex.org/W4402587503,China,346,neutral,0.9
Nature,More measures needed to ease funding competition in China,,https://doi.org/10.1038/d41586-024-03120-y,Wangqiang Sun,2024-09-24,2024,article,1,https://openalex.org/W4402777319,https://openalex.org/W4402777319,China,347,neutral,0.7
Nature,China builds record-breaking magnet — but it comes with a cost,,https://doi.org/10.1038/d41586-024-03382-6,Gemma Conroy,2024-10-18,2024,article,1,https://openalex.org/W4403514309,https://openalex.org/W4403514309,China,348,neutral,0.8
Nature,Months away at sea to protect China’s only population of Bryde’s whales,,https://doi.org/10.1038/d41586-024-03478-z,Shuyun Cao,2024-10-28,2024,article,0,https://openalex.org/W4403810292,https://openalex.org/W4403810292,China,349,positive,0.9
Nature,China’s thriving forests are stockpiling vast amounts of carbon,,https://doi.org/10.1038/d41586-024-03572-2,,2024-11-05,2024,article,0,https://openalex.org/W4404074551,https://openalex.org/W4404074551,China,350,positive,0.95
Nature,How ‘Made in China 2025’ helped supercharge scientific development in China’s cities,,https://doi.org/10.1038/d41586-024-03522-y,Gemma Conroy,2024-11-20,2024,article,7,https://openalex.org/W4404536208,https://openalex.org/W4404536208,China,351,positive,0.95
Nature,China’s regional cities are now major players in world science,,https://doi.org/10.1038/d41586-024-03523-x,Jaco S. Dreyer,2024-11-20,2024,article,2,https://openalex.org/W4404536234,https://openalex.org/W4404536234,China,352,positive,0.95
Nature,Half of the top 20 science cities are now in China — and regional city growth is the key,,https://doi.org/10.1038/d41586-024-03521-z,Simon Baker,2024-11-20,2024,article,1,https://openalex.org/W4404536202,https://openalex.org/W4404536202,China,353,positive,0.9
Nature,Leading Nature Index science cities in physical sciences: regional centres drive China’s progress,,https://doi.org/10.1038/d41586-024-03525-9,Alexia Austin,2024-11-20,2024,article,0,https://openalex.org/W4404536197,https://openalex.org/W4404536197,China,354,positive,0.9
Nature,Leading Nature Index science cities in chemistry: China positions for clean sweep,,https://doi.org/10.1038/d41586-024-03524-w,Alexia Austin,2024-11-20,2024,article,0,https://openalex.org/W4404536198,https://openalex.org/W4404536198,China,355,positive,0.9
Nature,Leading Nature Index science cities in Earth and environmental science: Research output gathers pace in China,,https://doi.org/10.1038/d41586-024-03527-7,Alexia Austin,2024-11-20,2024,article,0,https://openalex.org/W4404536251,https://openalex.org/W4404536251,China,356,neutral,0.6
Nature,How provinces and cities can sustain US–China climate cooperation,,https://doi.org/10.1038/d41586-024-03919-9,Fan Dai; Jerry Brown; Zhenhua Xie; Yi-Xiang Wang; Peng Gong,2024-12-02,2024,article,1,https://openalex.org/W4404903377,https://openalex.org/W4404903377,China,357,positive,0.8
Nature,China’s climate investments in Africa must promote mutual benefit,,https://doi.org/10.1038/d41586-024-03946-6,Hong Yang,2024-12-03,2024,article,1,https://openalex.org/W4404971100,https://openalex.org/W4404971100,China,358,positive,0.9
Nature,"To unlock mutual benefits, don’t restrict US–China genome data transfer",,https://doi.org/10.1038/d41586-024-03947-5,Zhangyu Wang; Li Du,2024-12-03,2024,article,1,https://openalex.org/W4404971371,https://openalex.org/W4404971371,China,359,positive,0.8
Nature,How to sustain scientific collaboration amid worsening US–China relations,,https://doi.org/10.1038/d41586-025-00033-2,Valerie J. Karplus; Lan Xue; M. Granger Morgan; Kebin He; David G. Victor; Shuang‐Nan Zhang,2025-01-14,2025,article,5,https://openalex.org/W4406374771,https://openalex.org/W4406374771,China,360,neutral,0.9
Nature,US scientist cleared of hiding ties to China sues university that fired him,,https://doi.org/10.1038/d41586-025-00153-9,Neil Savage,2025-01-22,2025,article,0,https://openalex.org/W4406727915,https://openalex.org/W4406727915,China,361,positive,0.8
Nature,How China created AI model DeepSeek and shocked the world,,https://doi.org/10.1038/d41586-025-00259-0,Gemma Conroy; Smriti Mallapaty,2025-01-30,2025,article,96,https://openalex.org/W4406983611,https://openalex.org/W4406983611,China,362,positive,0.9
Nature,Earliest short-tailed bird from the Late Jurassic of China,,https://doi.org/10.1038/s41586-024-08410-z,Runsheng Chen; Min Wang; Liping Dong; Guowu Zhou; Xing Xu; Ke Deng; Liming Xu; Chi Zhang; Linchang Wang; Henghui Du; Ganmin Lin; Min Lin; Zhonghe Zhou,2025-02-12,2025,article,16,https://openalex.org/W4407392534,https://openalex.org/W4407392534,China,363,positive,0.9
Nature,"China made waves with Deepseek, but its real ambition is AI-driven industrial innovation",,https://doi.org/10.1038/d41586-025-00460-1,Jaco S. Dreyer,2025-02-18,2025,article,26,https://openalex.org/W4407677270,https://openalex.org/W4407677270,China,364,positive,0.9
Nature,China’s low-altitude economy needs to grow with more caution,,https://doi.org/10.1038/d41586-025-00588-0,Yong Wang; Dexin Ran,2025-02-25,2025,article,11,https://openalex.org/W4407923921,https://openalex.org/W4407923921,China,365,negative,0.8
Nature,Foreign researchers in China face tightening restrictions,,https://doi.org/10.1038/d41586-025-00630-1,David Matthews,2025-03-06,2025,article,3,https://openalex.org/W4408186109,https://openalex.org/W4408186109,China,366,negative,0.9
Nature,How a vast digital twin of the Yangtze River could prevent flooding in China,,https://doi.org/10.1038/d41586-025-00720-0,Xiaopeng Wang; Biqiong Wu; Guoliang Zhou; Tao Wang; Fanwei Meng; Ligang Zhou; Hui Cao; Zhengyang Tang,2025-03-11,2025,article,22,https://openalex.org/W4408313015,https://openalex.org/W4408313015,China,367,positive,0.8
Nature,China has already taken steps to reduce retractions of papers from its hospitals,,https://doi.org/10.1038/d41586-025-01007-0,Gong Jie Zhang; Ya Zhou,2025-04-01,2025,article,1,https://openalex.org/W4409035556,https://openalex.org/W4409035556,China,368,positive,0.8
Nature,China overtakes the United States in cancer research output,,https://doi.org/10.1038/d41586-025-01154-4,,2025-04-23,2025,article,2,https://openalex.org/W4409696425,https://openalex.org/W4409696425,China,369,neutral,0.9
Nature,Why China needs to review its approach to research evaluation,,https://doi.org/10.1038/d41586-025-01347-x,Yuxin Zhao,2025-05-07,2025,article,9,https://openalex.org/W4410174848,https://openalex.org/W4410174848,China,370,neutral,0.6
Nature,China’s dementia incidence is rising fast ― outpacing the global average,,https://doi.org/10.1038/d41586-025-01384-6,,2025-05-09,2025,article,1,https://openalex.org/W4410219097,https://openalex.org/W4410219097,China,371,negative,0.9
Nature,China needs to deal with discarded electric-vehicle batteries,,https://doi.org/10.1038/d41586-025-01508-y,Avik Sinha; Jing Wu; Muhammad Sheraz; Quande Qin,2025-05-13,2025,article,3,https://openalex.org/W4410311970,https://openalex.org/W4410311970,China,372,neutral,0.9
Nature,US–China tariff war threatens global public health,,https://doi.org/10.1038/d41586-025-01728-2,Sijia Liu; Jialao Ma,2025-05-30,2025,article,1,https://openalex.org/W4410886884,https://openalex.org/W4410886884,China,373,negative,0.95
Nature,Ancient DNA reveals a two-clanned matrilineal community in Neolithic China,"Abstract Studies of ancient DNA from cemeteries provide valuable insights into early human societies, and have strongly indicated patrilocality 1–10 . Here, we analysed ancient DNA alongside archaeological contexts and multiple stable isotopic data from 60 individuals in 2 separate cemeteries at the Fujia archaeological site in eastern China, dating between 2750 and 2500 bce . Our findings suggest the existence of an early-described matrilineal community in the Neolithic period, characterized by high endogamy and a population practicing millet agriculture near the coast. Evidence of intermarriage between individuals in the two cemeteries and the presence of both primary and secondary burials, organized strictly according to maternal clans, underscore a strong sense of social cohesion and identity at Fujia. Bayesian modelling of radiocarbon dates indicates that the two cemeteries were used for approximately 250 years, implying a stable matrilineal lineage spanning at least 10 generations. This study contributes to the ongoing debate in anthropology and archaeology 11 , not only suggesting the existence of a matrilineal society in early human history but also revealing a pair of Neolithic cemeteries organized around two matrilineal clans, furthering our understanding of the early evolution of human societies through kinship systems.",https://doi.org/10.1038/s41586-025-09103-x,Jincheng Wang; Shi Yan; Zhenguang Li; Jinguo Zan; Yichao Zhao; Jin Zhao; Kui Chen; Xueye Wang; Ting Ji; Cheng Zhang; Tingyu Yang; Tianming Zhang; Rui Qiao; Meilin Guo; Zongyue Rao; Jiashuo Zhang; Guanbo Wang; Zhiyu Ran; Chen Duan; Fan Zhang; Yin Song; Xiaohong Wu; Ruth Mace; Bo Sun; Yuhong Pang; Yanyi Huang; Zhang Hai; Chao Ning,2025-06-04,2025,article,21,https://openalex.org/W4411025126,https://openalex.org/W4411025126,China,374,neutral,0.9
Nature,US–China trade conflict threatens biomedical collaboration,,https://doi.org/10.1038/d41586-025-01907-1,Yan‐Jun Du,2025-06-17,2025,article,0,https://openalex.org/W4411386733,https://openalex.org/W4411386733,China,375,negative,0.9
Nature,How China can become a biotechnology superpower,,https://doi.org/10.1038/d41586-025-01888-1,Jaco S. Dreyer,2025-06-17,2025,article,0,https://openalex.org/W4411389620,https://openalex.org/W4411389620,China,376,positive,0.9
Nature,Neolithic matrilineal society in ancient China,"Studies of ancient DNA have generally found that societies in Neolithic and Bronze Age Eurasia were organized around the male line. However, investigation of the Fujia archaeological site in eastern China reveals a Neolithic community organized around two maternal clans — suggesting that this prehistoric society traced its ancestry through the maternal line. Studies of the Fujia cemeteries in eastern China reveal a Neolithic community that seems to have been organized matrilineally.",https://doi.org/10.1038/d41586-025-01870-x,,2025-06-18,2025,article,0,https://openalex.org/W4411418323,https://openalex.org/W4411418323,China,377,neutral,0.95
Nature,Here’s why China’s science and innovation model is thriving,,https://doi.org/10.1038/d41586-025-01927-x,Jaco S. Dreyer,2025-06-25,2025,article,0,https://openalex.org/W4411622434,https://openalex.org/W4411622434,China,378,positive,0.95
Nature,Obesity drugs made in China could power next wave of treatments,,https://doi.org/10.1038/d41586-025-01987-z,Rachel Fieldhouse,2025-06-30,2025,article,1,https://openalex.org/W4411802684,https://openalex.org/W4411802684,China,379,positive,0.85
Nature,Control of toxicity of fine particulate matter emissions in China,,https://doi.org/10.1038/s41586-025-09158-w,Haotian Zheng; Di Wu; Shuxiao Wang; Xiangdong Li; Ling Jin; Bin Zhao; Shengyue Li; Yeqin Sun; Zhaoxin Dong; Qingru Wu; Chen Xiu; Yuzhe Liu; Jianmin Chen; Hezhong Tian; Qian Liu; Jingkun Jiang; Haidong Kan; Kebin He; Hong He; Chuncheng Chen; Jincai Zhao; Scott Weichenthal; John S. Ji; Aaron Cohen; Jiming Hao; Qing Li,2025-07-09,2025,article,79,https://openalex.org/W4412151216,https://openalex.org/W4412151216,China,380,positive,0.9
Nature,China’s shift towards ‘organized research’: how can coordination and innovation co-exist?,,https://doi.org/10.1038/d41586-025-02199-1,Shuangmiao Han; Jing Xie,2025-07-14,2025,article,0,https://openalex.org/W4412387831,https://openalex.org/W4412387831,China,381,neutral,0.9
Nature,China’s journal ranking system stands up to scrutiny,,https://doi.org/10.1038/d41586-025-02219-0,Liying Yang,2025-07-15,2025,article,0,https://openalex.org/W4412418227,https://openalex.org/W4412418227,China,382,positive,0.9
Nature,China’s fossil-fuel challenge — how to build a bridge to renewables,,https://doi.org/10.1038/d41586-025-02265-8,Yihe Xu,2025-07-22,2025,article,6,https://openalex.org/W4412550678,https://openalex.org/W4412550678,China,383,neutral,0.8
Nature,China reins in the spiralling construction costs of nuclear power — what can other countries learn?,,https://doi.org/10.1038/d41586-025-02341-z,Shangwei Liu; Gang He; Minghao Qiu; Daniel M. Kammen,2025-07-28,2025,article,8,https://openalex.org/W4412697028,https://openalex.org/W4412697028,China,384,positive,0.9
Nature,China’s hydropower megaproject breaks ground,,https://doi.org/10.1038/d41586-025-02664-x,Rui Feng; Kejia Fan; Yongjun Zhao; Zhuangzhou Qi,2025-08-19,2025,article,2,https://openalex.org/W4413305062,https://openalex.org/W4413305062,China,385,positive,0.9
Nature,China’s chikungunya virus outbreak is a wake up call,,https://doi.org/10.1038/d41586-025-02794-2,Yulin Zhang; Yulin Zhang; Yi Zhang; Yi Zhang; Zezheng Fang; Shilei Ni,2025-09-02,2025,article,6,https://openalex.org/W4413905994,https://openalex.org/W4413905994,China,386,negative,0.9
Nature,China’s private higher-education sector is at a turning point,,https://doi.org/10.1038/d41586-025-03089-2,Yanchao Feng; Shilei Hu,2025-09-23,2025,article,1,https://openalex.org/W4414441356,https://openalex.org/W4414441356,China,387,neutral,0.8
Nature,China’s research hospitals push for prominence,,https://doi.org/10.1038/d41586-025-03094-5,Brian Owens,2025-10-01,2025,article,1,https://openalex.org/W4414702524,https://openalex.org/W4414702524,China,388,positive,0.85
Nature,"Modern sea-level rise breaks 4,000-year stability in southeastern China","Abstract Quantifying physical mechanisms driving sea-level change—including global mean sea level (GMSL) and regional-to-local components (that is, sea-level budget)—is essential for reliable future projections and effective coastal management 1,2 . Although previous research has attempted to resolve China’s sea-level budget from the 1950s 3,4 , these studies capture short timescales and lack the long-term context necessary to fully assess modern sea-level rise in southeastern China 5 —one of the world’s most densely populated regions with immense socioeconomic importance 6 . Here we show that GMSL followed three distinct stages from 11,700 years before present (BP) to the modern day: (1) rapid early Holocene rise driven by the deglacial melt of land ice; (2) 4,000 years of stability from around 4200 BP to the mid-nineteenth century when regional processes dominated sea-level change; and (3) accelerating rise from the mid-nineteenth century. Our results arise from spatiotemporal hierarchical modelling of geological sea-level proxies and tide gauge data to produce site-specific sea-level budget estimates with uncertainty quantification. It is extremely likely ( P ≥ 0.95) that the GMSL rise rate since 1900 (1.51 ± 0.16 mm year −1 , 1 σ ) has exceeded any century over at least the past four millennia. Moreover, our analysis indicates that at least 94% of rapid modern urban subsidence is attributable to anthropogenic activities, with localized subsidence rates often exceeding GMSL rise. Such concurrent acceleration of global sea-level rise and rapid localized subsidence has not been observed in our Holocene geological record.",https://doi.org/10.1038/s41586-025-09600-z,Yucheng Lin; Robert E. Kopp; Haixian Xiong; Fiona Hibbert; Zhuo Zheng; Fengling Yu; Praveen Kumar; Sönke Dangendorf; Hailin Yi; Yaze Zhang,2025-10-15,2025,article,11,https://openalex.org/W4415196188,https://openalex.org/W4415196188,China,389,negative,0.7
Nature,China should undertake more risky research to close the Nobel gap,,https://doi.org/10.1038/d41586-025-03615-2,Alex J. Yang; Sanhong Deng; Richard B. Freeman,2025-11-04,2025,article,0,https://openalex.org/W4415847860,https://openalex.org/W4415847860,China,390,neutral,0.85
Nature,Could China’s cautious new research strategy stifle its science-leadership ambitions?,,https://doi.org/10.1038/d41586-025-03492-9,Futao Huang,2025-11-13,2025,article,1,https://openalex.org/W4416177704,https://openalex.org/W4416177704,China,391,negative,0.8
Nature,Why I moved my research to China from Germany: a biologist’s experience,,https://doi.org/10.1038/d41586-025-03762-6,Rachel Fieldhouse,2025-11-14,2025,article,1,https://openalex.org/W4416222477,https://openalex.org/W4416222477,China,392,neutral,0.75
Nature,Sinking cities: how China is moving subsidence research forward,,https://doi.org/10.1038/d41586-025-03529-z,Xiaoying You,2025-11-14,2025,article,0,https://openalex.org/W4416221537,https://openalex.org/W4416221537,China,393,neutral,0.6
Nature,Fall-prevention clinical trial in rural China shows promising results,,https://doi.org/10.1038/d41586-025-03709-x,Cynthia Swarnalatha; Sarah E Lamb,2025-11-18,2025,article,0,https://openalex.org/W4416319812,https://openalex.org/W4416319812,China,394,positive,0.95
Nature,Ancient DNA from Shimao city records kinship practices in Neolithic China,"The discovery of Shimao city (around 2300–1800 bce1), a premier state-level Neolithic fortified settlement in Shaanxi, China2, played an important role in helping us understand the emergence of socially stratified urban societies. However, key questions remain regarding how ancestry and kinship shaped the hierarchy of this class-based society characterized by human sacrifice. The origin of the founding populations of Shimao and other Loess Plateau settlements, and their interactions within the broader ancestral landscape, have yet to be determined. Here we present, by sequencing 144 ancient genomes from Shimao city and its satellites, pedigrees among tomb owners spanning up to four generations. These findings reveal a predominantly patrilineal descent structure across Shimao communities, and possibly sex-specific sacrificial rituals. We also characterize the population history, revealing that Shimao culture-related populations originated mostly from a Yangshao culture-related population present at least 1,000 years earlier, and the lasting inflow of Yumin-related populations from Inner Mongolia did not interrupt regional genetic continuity. Broader genetic influence from southern mainland ancestry over Shimao culture-related populations supports evidence of rice farming expanding further north than previously expected. Together, these results uncover fine details of the regional peopling and social structure of early state establishment. Sequencing of 144 ancient genomes from Shimao city and its satellites presents pedigrees among tomb owners spanning up to four generations showing predominantly patrilineal descent structure across Shimao communities, and possibly sex-specific sacrificial rituals.",https://doi.org/10.1038/s41586-025-09799-x,Zehui Chen; Jacob D. Gardner; Zhouyong Sun; E. Andrew Bennett; Qian Han; Xuesong Pei; Jing Shao; Han Shi; Wenjun Wang; Jiayang Xue; Fan Bai; Xiangming Dai; Nu He; Xiaoning Guo; Nan Di; Xiaowei Mao; Tingwu Liu; Peng Cao; Feng Liu; Qingyan Dai; Xiaotian Feng; Wanjing Ping; Xiaohong Wu; Lizhao Zhang; Liang Chen; Qiaomei Fu,2025-11-26,2025,article,4,https://openalex.org/W4416716967,https://openalex.org/W4416716967,China,395,neutral,0.98
Nature,Ancient DNA offers clues about mysterious prehistoric settlement in China,,https://doi.org/10.1038/d41586-025-03593-5,Yu Dong; Ripan S. Malhi,2025-11-26,2025,article,0,https://openalex.org/W4416698005,https://openalex.org/W4416698005,China,396,neutral,0.95
Nature,Why the world must wake up to China’s science leadership,,https://doi.org/10.1038/d41586-025-03853-4,Kerry Brown,2025-11-26,2025,article,0,https://openalex.org/W4416786772,https://openalex.org/W4416786772,China,397,positive,0.9
Nature,China wants to lead the world on AI regulation — will the plan work?,,https://doi.org/10.1038/d41586-025-03902-y,Elizabeth Gibney,2025-12-01,2025,article,0,https://openalex.org/W4416947047,https://openalex.org/W4416947047,China,398,neutral,0.8
Nature,China accounts for more than half of leading output in the applied sciences,,https://doi.org/10.1038/d41586-025-03715-z,Benjamin Plackett,2025-12-03,2025,article,0,https://openalex.org/W4416945204,https://openalex.org/W4416945204,China,399,neutral,0.95
Nature,The number of China’s elite scientists who have been trained abroad is falling,,https://doi.org/10.1038/d41586-026-00196-6,Laurie Udesky,2026-02-02,2026,article,0,https://openalex.org/W7127188144,https://openalex.org/W7127188144,China,400,negative,0.65
Nature,China’s biotech boom: why the nation must collaborate to stay ahead,,https://doi.org/10.1038/d41586-026-00387-1,Lizzi C. Lee; Qian Jing,2026-02-10,2026,article,2,https://openalex.org/W7128466779,https://openalex.org/W7128466779,China,401,positive,0.9
Nature,China is waging war on Alzheimer’s. What can its approach teach the rest of the world?,,https://doi.org/10.1038/d41586-026-00564-2,Rachel Fieldhouse,2026-02-24,2026,article,1,https://openalex.org/W7131241721,https://openalex.org/W7131241721,China,402,positive,0.9
Nature,The hidden lives behind China’s great Internet firewall,,https://doi.org/10.1038/d41586-026-00664-z,Chris Stokel-Walker,2026-03-02,2026,article,0,https://openalex.org/W7133185623,https://openalex.org/W7133185623,China,403,neutral,0.8
Nature,The real story behind China’s technology triumph,,https://doi.org/10.1038/d41586-026-00841-0,Xiaoyu Zhang,2026-03-16,2026,article,0,https://openalex.org/W7136249826,https://openalex.org/W7136249826,China,404,positive,0.9
Nature,China approves brain chip to treat paralysis — a world first,,https://doi.org/10.1038/d41586-026-00849-6,Rachel Fieldhouse; Xiaoying You,2026-03-16,2026,article,0,https://openalex.org/W7136533516,https://openalex.org/W7136533516,China,405,positive,0.9
Nature,Daily briefing: China approves world-first brain–computer interface device,,https://doi.org/10.1038/d41586-026-00888-z,Flora Graham,2026-03-17,2026,article,0,https://openalex.org/W7139000337,https://openalex.org/W7139000337,China,406,neutral,0.85
Nature,China could be the world’s biggest public funder of science within two years,,https://doi.org/10.1038/d41586-026-00618-5,Ben Deighton,2026-03-19,2026,article,2,https://openalex.org/W7138921528,https://openalex.org/W7138921528,China,407,neutral,0.9
Nature,Geopolitical tensions are leading China to rethink research collaboration,,https://doi.org/10.1038/d41586-026-00426-x,Futao Huang,2026-03-25,2026,article,1,https://openalex.org/W7140303352,https://openalex.org/W7140303352,China,408,neutral,0.8
Nature,The pros and cons of China’s health role in Africa,,https://doi.org/10.1038/d41586-026-00425-y,Sarah Wild,2026-03-25,2026,article,1,https://openalex.org/W7140325674,https://openalex.org/W7140325674,China,409,neutral,0.95
Nature,Why China’s philanthropists are digging deep for research,,https://doi.org/10.1038/d41586-026-00424-z,Ben Deighton,2026-03-25,2026,article,0,https://openalex.org/W7140276678,https://openalex.org/W7140276678,China,410,positive,0.9
Nature,Can China keep up its extraordinary research growth?,,https://doi.org/10.1038/d41586-026-00423-0,Simon Baker,2026-03-25,2026,article,0,https://openalex.org/W7140311730,https://openalex.org/W7140311730,China,411,neutral,0.9
Nature,China is planning to land people on the Moon — and might beat the United States to it,,https://doi.org/10.1038/d41586-026-01059-w,Jonathan O'Callaghan,2026-04-02,2026,article,0,https://openalex.org/W7148673585,https://openalex.org/W7148673585,China,412,positive,0.9
Nature,When career anxiety becomes gameplay: lessons from China’s ‘young-faculty simulator’,,https://doi.org/10.1038/d41586-026-00224-5,Lingling Yuan,2026-04-08,2026,article,0,https://openalex.org/W7152062838,https://openalex.org/W7152062838,China,413,negative,0.8
Nature,China discontinues prominent journal ranking list,,https://doi.org/10.1038/d41586-026-01216-1,Zheng Liu,2026-04-14,2026,article,0,https://openalex.org/W7154284252,https://openalex.org/W7154284252,China,414,negative,0.8
Nature,Boycott of major AI conference exposes a growing US–China divide,,https://doi.org/10.1038/d41586-026-01058-x,Elizabeth Gibney,2026-04-14,2026,article,0,https://openalex.org/W7154369099,https://openalex.org/W7154369099,China,415,negative,0.9
Nature,Can China’s Great Green Wall shape efforts to keep the world’s deserts at bay?,,https://doi.org/10.1038/d41586-026-01102-w,Lilin Zheng; Annah Lake Zhu; Qiuxia Dong; Michael E. Meadows; D C Thomas; Xia Gao; J ZHU; 王曉波; Zilong Xia; Alex de Sherbinin; Ruishan Chen,2026-04-15,2026,article,4,https://openalex.org/W7154478564,https://openalex.org/W7154478564,China,416,positive,0.85
Nature,Specific combinations of human and viral genetic variants explain a cancer predisposition in southern China,,https://doi.org/10.1038/d41586-026-01047-0,Colm Ó’hUigín; Mary Carrington,2026-04-22,2026,article,0,https://openalex.org/W7155186085,https://openalex.org/W7155186085,China,417,neutral,0.9
Nature,Academics demand apology for scientist investigated for China ties but never charged,,https://doi.org/10.1038/d41586-026-01113-7,Laurie Udesky,2026-04-23,2026,article,0,https://openalex.org/W7155485220,https://openalex.org/W7155485220,China,418,negative,0.85
Nature,"China’s latest push to commercialize research: match 680,000 innovators with companies",,https://doi.org/10.1038/d41586-026-01202-7,Mohana Basu,2026-04-28,2026,article,0,https://openalex.org/W7155862548,https://openalex.org/W7155862548,China,419,positive,0.8
Nature,Enamel proteins from six Homo erectus specimens across China,"Homo erectus remains have been found in Africa, Eurasia and Southeast Asia1–3, dating back around two million years; however, owing to their age and state of preservation, obtaining informative molecular data from them has proved challenging. Here we successfully extracted and analysed ancient enamel proteins from five male and one female Middle Pleistocene H. erectus specimens from approximately 0.4 million years ago, from the Zhoukoudian, Hexian and Sunjiadong sites. All specimens from all three sites share two amino acid variants. Of these, A253G in AMBN is previously unknown and has not been identified in other human lineages, including H. erectus from Dmanisi (Georgia), Homo antecessor from Atapuerca (Spain), Denisovans, Neanderthals and modern humans. The other variant, AMBN(M273V), has previously been identified in Denisovans, and our evidence now indicates it may have been introduced through populations related to these Middle Pleistocene H. erectus. The regions in the Denisovan genome attributed to super-archaic introgression, some of which later passed to modern humans, are likely to have originated from H. erectus. Late Middle Pleistocene H. erectus may have coexisted with Denisovans in parts of East Asia, where these interactions are presumed to have occurred. Palaeoproteomic analysis of ancient enamel proteins extracted from Middle Pleistocene Homo erectus specimens from the Zhoukoudian, Hexian and Sunjiadong sites in China suggests that they are a new genetic monogroup, and super-archaic introgression in Denisovans is likely to have originated from H. erectus.",https://doi.org/10.1038/s41586-026-10478-8,Qiaomei Fu; Zhongyou Wu; E. Andrew Bennett; Xia Song; Qiang Ji; Zhe Dong; Huiyun Rao; Xuejun Gu; Yizhao Dang; Jun Xing; Kai Zhou; Xiaotian Feng,2026-05-13,2026,article,4,https://openalex.org/W7161005175,https://openalex.org/W7161005175,China,420,neutral,0.9
Nature,China moves AI brain implants from trials towards real-world use,,https://doi.org/10.1038/d41586-026-01468-x,Xiaoying You,2026-05-19,2026,article,0,https://openalex.org/W7161566892,https://openalex.org/W7161566892,China,421,positive,0.8
Nature,Advancing solar and wind penetration in China through energy complementarity,,https://doi.org/10.1038/s41586-026-10570-z,Yuan Hu; Hou Jiang; Chuan Zhang; Jianlong Yuan; Mengting Zhang; L. Yao; Qiang Chen; Jichao Wu; Hualong Zhang; Subin Ma; Xiang Li; Weiyu Zhang; Quanhua Dong; Congcong Wen; Gege Yin; Fan Zhang; Chaohui Yu; Zhijun Jin; Liu Y,2026-05-20,2026,article,4,https://openalex.org/W7161826379,https://openalex.org/W7161826379,China,422,neutral,0.9
Nature,What China’s rise in chemistry means for the rest of the world,,https://doi.org/10.1038/d41586-026-00428-9,Bec Crew,2026-05-20,2026,article,0,https://openalex.org/W7161823745,https://openalex.org/W7161823745,China,423,neutral,0.7
Nature,Nearly half of the world’s Nature Index chemistry research is now done in China,,https://doi.org/10.1038/d41586-026-00431-0,,2026-05-20,2026,article,0,https://openalex.org/W7161874187,https://openalex.org/W7161874187,China,424,positive,0.85
Nature,Innovation starts in schools — lessons from China,,https://doi.org/10.1038/d41586-026-01620-7,Dan Tao; Rui Wei; Yonghe Zheng,2026-05-26,2026,article,0,https://openalex.org/W7162395429,https://openalex.org/W7162395429,China,425,positive,0.7
Nature,A cautious voice on the closure of China’s journal ranking list,,https://doi.org/10.1038/d41586-026-01663-w,Xiaochuang Li; Wenhao Qian,2026-05-26,2026,article,0,https://openalex.org/W7162468764,https://openalex.org/W7162468764,China,426,neutral,0.6
Nature,Surgeons in imperial China used anaesthetics — in careful doses,Traces on tweezers and surgical scissors suggest liquid medication was applied to the skin of patients. Traces on tweezers and surgical scissors suggest liquid medication was applied to the skin of patients.,https://doi.org/10.1038/d41586-026-01669-4,,2026-05-29,2026,article,0,https://openalex.org/W7162804898,https://openalex.org/W7162804898,China,427,neutral,0.95
Nature,What’s behind China’s historically high counts of corresponding authors?,,https://doi.org/10.1038/d41586-026-01623-4,Dalmeet Singh Chawla,2026-06-04,2026,article,0,https://openalex.org/W7163517309,https://openalex.org/W7163517309,China,428,neutral,0.9
Nature,Nature Index 2026 Research Leaders rankings: are China’s East Asian neighbours keeping pace with it?,,https://doi.org/10.1038/d41586-026-01662-x,Benjamin Plackett,2026-06-10,2026,article,1,https://openalex.org/W7164150003,https://openalex.org/W7164150003,China,429,neutral,0.9
Nature,‘Student Geng’ ignites research-integrity scandal in China after calling out senior academics,,https://doi.org/10.1038/d41586-026-01902-0,Xiaoying You,2026-06-12,2026,article,0,https://openalex.org/W7164833813,https://openalex.org/W7164833813,China,430,negative,0.9
Nature,Europe as science superpower: what it will take to rival the US and China,,https://doi.org/10.1038/d41586-026-01955-1,Elizabeth Gibney,2026-06-23,2026,article,0,https://openalex.org/W7165691127,https://openalex.org/W7165691127,China,431,neutral,0.8
Nature,China’s LineShine just topped the global supercomputer ranking: what you need to know,,https://doi.org/10.1038/d41586-026-02047-w,Elizabeth Gibney; Mohana Basu,2026-06-25,2026,article,0,https://openalex.org/W7165932383,https://openalex.org/W7165932383,China,432,positive,0.95
Nature,China boosts prestigious grants for young scientists — will it ease competition?,,https://doi.org/10.1038/d41586-026-01989-5,Xiaoying You,2026-07-03,2026,article,0,https://openalex.org/W7167214650,https://openalex.org/W7167214650,China,433,positive,0.8
Nature,Graduating without a thesis: meet the people getting ‘practical’ PhDs in China,,https://doi.org/10.1038/d41586-026-01242-z,Xiaoying You,2026-07-09,2026,article,0,https://openalex.org/W7167788751,https://openalex.org/W7167788751,China,434,neutral,0.8
Nature,US politicians push agencies to restrict research collaboration with China,,https://doi.org/10.1038/d41586-026-02226-9,Dan Garisto; Mohana Basu,2026-07-16,2026,article,0,https://openalex.org/W7168543766,https://openalex.org/W7168543766,China,435,negative,0.85
Nature,Why China should reassess how it rewards young scientists,,https://doi.org/10.1038/d41586-026-02525-1,Ming Li,2026-08-13,2026,article,0,https://openalex.org/W7202384136,https://openalex.org/W7202384136,China,436,neutral,0.8
Nature,China is changing the shape of global health. The terms are still up for negotiation,,https://doi.org/10.1038/d41586-026-02622-1,Ruby Wang,2026-08-25,2026,article,0,https://openalex.org/W7204212485,https://openalex.org/W7204212485,China,437,neutral,0.6
Science,"U.S. charges drug researchers with sending trade secrets to China, but will case stand up?",,https://doi.org/10.1126/science.aae0273,Mara Hvistendahl,2016-01-26,2016,article,0,https://openalex.org/W2774187580,https://openalex.org/W2774187580,China,438,neutral,0.6
Science,China's partial emission control,"In December 2015, Beijing and other Chinese cities issued their first “red alert” for heavy air pollution, as heavy smog blanketed many parts of the country ([ 1 ][1]). China's red alert is the government's highest emergency response level to severe air pollution and includes school closures,",https://doi.org/10.1126/science.351.6274.674-b,Aijun Lin; Yuan Pu; Wei-Kang Qi; Xiaoliang Li; Xiujin Li; Canfa Wang; Xiao Jin Yang,2016-02-12,2016,article,8,https://openalex.org/W2270060267,https://openalex.org/W2270060267,China,439,neutral,0.9
Science,Streamlining China's protected areas,"China is a mega-diverse country, harboring more than 30,000 vascular plant species and about 2340 terrestrial vertebrate species, about half of which are found exclusively in China ([ 1 ][1]). The conservation of this unique flora and fauna strongly depends on China's protected areas. Currently,",https://doi.org/10.1126/science.351.6278.1160-a,Junsheng Li; Wei Wang; Jan C. Axmacher; Yuanyuan Zhang; Yanpeng Zhu,2016-03-10,2016,article,60,https://openalex.org/W2327961260,https://openalex.org/W2327961260,China,440,neutral,0.9
Science,Reforming China's science awards,"Youyou Tu won the Nobel Prize, yet she failed to be nominated for China's own State Science and Technology (S&T) Awards. This has triggered a fierce debate on the S&T Award evaluation system in China. S&T awards are determined by bureaucrats and social circles (“guanxi”) ([ 1 ][1]). Because the system lacks transparency and allows no input from citizens or scientists, it is prone to opaque operations and influence by cronyism, favoritism, and bureaucracy. This has contaminated the science culture in China. Scientists feel obligated to develop “guanxi” networks instead of focusing on scientific discovery. A large portion of the country's science budget was estimated to have been wasted on networking dinners instead of invested in research labs ([ 1 ][1], [ 2 ][2]). Such priorities lead to scientific corruption and fraud ([ 3 ][3]). If nothing changes, talented scientists and scientific breakthroughs will continue to be suppressed.

It is time for China to reform its S&T evaluation system. It should depend on merit, transparency, peer reviews, and objective measures. True participation by the science community should be institutionalized. The government should detach itself from the process. Decision-makers should consult with international academic circles and nongovernmental organizations. This new system is feasible with the availability of the Internet and social media. Making these changes will set an example for other countries that suffer from issues similar to China's.

1. [↵][4]1. Y. G. Shi, 2. Y. Rao
 , Science 329, 1128 (2010).
 [OpenUrl][5][Abstract/FREE Full Text][6]

2. [↵][7]1. Y. Xie, 2. C. Zhang, 3. Q. Lai
 , Proc. Natl. Acad. Sci. U.S.A. 111, 9437 (2014).
 [OpenUrl][8][Abstract/FREE Full Text][9]

3. [↵][10]1. C. Cao, 2. N. Li, 3. X. Li, 4. L. Liu
 , Science 341, 460 (2013).
 [OpenUrl][11][Abstract/FREE Full Text][12]

 [1]: #ref-1
 [2]: #ref-2
 [3]: #ref-3
 [4]: #xref-ref-1-1 View reference 1 in text
 [5]: {openurl}?query=rft.jtitle%253DScience%26rft.stitle%253DScience%26rft.aulast%253DShi%26rft.auinit1%253DY.%26rft.volume%253D329%26rft.issue%253D5996%26rft.spage%253D1128%26rft.epage%253D1128%26rft.atitle%253DChina%2527s%2BResearch%2BCulture%26rft_id%253Dinfo%253Adoi%252F10.1126%252Fscience.1196916%26rft_id%253Dinfo%253Apmid%252F20813923%26rft.genre%253Darticle%26rft_val_fmt%253Dinfo%253Aofi%252Ffmt%253Akev%253Amtx%253Ajournal%26ctx_ver%253DZ39.88-2004%26url_ver%253DZ39.88-2004%26url_ctx_fmt%253Dinfo%253Aofi%252Ffmt%253Akev%253Amtx%253Actx
 [6]: /lookup/ijlink/YTozOntzOjQ6InBhdGgiO3M6MTQ6Ii9sb29rdXAvaWpsaW5rIjtzOjU6InF1ZXJ5IjthOjQ6e3M6ODoibGlua1R5cGUiO3M6NDoiQUJTVCI7czoxMToiam91cm5hbENvZGUiO3M6Mzoic2NpIjtzOjU6InJlc2lkIjtzOjEzOiIzMjkvNTk5Ni8xMTI4IjtzOjQ6ImF0b20iO3M6MjU6Ii9zY2kvMzUxLzYyNzgvMTE2MS4xLmF0b20iO31zOjg6ImZyYWdtZW50IjtzOjA6IiI7fQ==
 [7]: #xref-ref-2-1 View reference 2 in text
 [8]: {openurl}?query=rft.jtitle%253DProc.%2BNatl.%2BAcad.%2BSci.%2BU.S.A.%26rft_id%253Dinfo%253Adoi%252F10.1073%252Fpnas.1407709111%26rft_id%253Dinfo%253Apmid%252F24979796%26rft.genre%253Darticle%26rft_val_fmt%253Dinfo%253Aofi%252Ffmt%253Akev%253Amtx%253Ajournal%26ctx_ver%253DZ39.88-2004%26url_ver%253DZ39.88-2004%26url_ctx_fmt%253Dinfo%253Aofi%252Ffmt%253Akev%253Amtx%253Actx
 [9]: /lookup/ijlink/YTozOntzOjQ6InBhdGgiO3M6MTQ6Ii9sb29rdXAvaWpsaW5rIjtzOjU6InF1ZXJ5IjthOjQ6e3M6ODoibGlua1R5cGUiO3M6NDoiQUJTVCI7czoxMToiam91cm5hbENvZGUiO3M6NDoicG5hcyI7czo1OiJyZXNpZCI7czoxMToiMTExLzI2Lzk0MzciO3M6NDoiYXRvbSI7czoyNToiL3NjaS8zNTEvNjI3OC8xMTYxLjEuYXRvbSI7fXM6ODoiZnJhZ21lbnQiO3M6MDoiIjt9
 [10]: #xref-ref-3-1 View reference 3 in text
 [11]: {openurl}?query=rft.jtitle%253DScience%26rft.stitle%253DScience%26rft.aulast%253DCao%26rft.auinit1%253DC.%26rft.volume%253D341%26rft.issue%253D6145%26rft.spage%253D460%26rft.epage%253D462%26rft.atitle%253DReforming%2BChina%2527s%2BS%2526T%2BSystem%26rft_id%253Dinfo%253Adoi%252F10.1126%252Fscience.1234206%26rft_id%253Dinfo%253Apmid%252F23908209%26rft.genre%253Darticle%26rft_val_fmt%253Dinfo%253Aofi%252Ffmt%253Akev%253Amtx%253Ajournal%26ctx_ver%253DZ39.88-2004%26url_ver%253DZ39.88-2004%26url_ctx_fmt%253Dinfo%253Aofi%252Ffmt%253Akev%253Amtx%253Actx
 [12]: /lookup/ijlink/YTozOntzOjQ6InBhdGgiO3M6MTQ6Ii9sb29rdXAvaWpsaW5rIjtzOjU6InF1ZXJ5IjthOjQ6e3M6ODoibGlua1R5cGUiO3M6NDoiQUJTVCI7czoxMToiam91cm5hbENvZGUiO3M6Mzoic2NpIjtzOjU6InJlc2lkIjtzOjEyOiIzNDEvNjE0NS80NjAiO3M6NDoiYXRvbSI7czoyNToiL3NjaS8zNTEvNjI3OC8xMTYxLjEuYXRvbSI7fXM6ODoiZnJhZ21lbnQiO3M6MDoiIjt9",https://doi.org/10.1126/science.351.6278.1161-a,Guoyou Qi; Xuemei Xie; Kevin Zhu,2016-03-10,2016,article,1,https://openalex.org/W2326005095,https://openalex.org/W2326005095,China,441,neutral,0.9
Science,U.S. and China cooperate to thwart nuclear smuggling,,https://doi.org/10.1126/science.aaf4203,Kathleen McLaughlin,2016-03-17,2016,article,0,https://openalex.org/W2334712983,https://openalex.org/W2334712983,China,442,positive,0.95
Science,China finally setting guidelines for treating lab animals,,https://doi.org/10.1126/science.aaf9812,Kathleen McLaughlin,2016-03-21,2016,article,5,https://openalex.org/W2600584590,https://openalex.org/W2600584590,China,443,positive,0.9
Science,Forest recovery in China is not so clear cut,"Forest Ecosystems
Frequently in developing nations, forests shrink as trees are cut and agriculture expands. This trend does not tend to reverse until significant economic development and urbanization occur. Vina et al. used remote sensing and analytical models to show that heavily deforested",https://doi.org/10.1126/science.351.6280.1411-j,Shahid Naeem,2016-03-24,2016,article,0,https://openalex.org/W2311609524,https://openalex.org/W2311609524,China,444,negative,0.85
Science,China takes microgravity work to new heights,,https://doi.org/10.1126/science.aaf9876,Dennis Normile,2016-04-05,2016,article,1,https://openalex.org/W2601717515,https://openalex.org/W2601717515,China,445,positive,0.95
Science,Rural China is no country for old people,Erosion of families sparks an epidemic of suicides among the elderly.,https://doi.org/10.1126/science.352.6283.283,Kathleen McLaughlin,2016-04-14,2016,article,9,https://openalex.org/W2338625819,https://openalex.org/W2338625819,China,446,negative,0.9
Science,Obesity rates skyrocket in China’s rural kids,,https://doi.org/10.1126/science.aaf9979,Catherine Matacic,2016-04-26,2016,article,1,https://openalex.org/W2775621672,https://openalex.org/W2775621672,China,447,negative,0.95
Science,Scandal clouds China's global vaccine ambitions,Porous regulation of private preparations threatens to undermine vaccinemakers' bid to boost exports.,https://doi.org/10.1126/science.352.6285.506,Kathleen McLaughlin,2016-04-28,2016,article,12,https://openalex.org/W2343334221,https://openalex.org/W2343334221,China,448,negative,0.9
Science,Oligocene primates from China reveal divergence between African and Asian primate evolution,"Profound environmental and faunal changes are associated with climatic deterioration during the Eocene-Oligocene transition (EOT) roughly 34 million years ago. Reconstructing how Asian primates responded to the EOT has been hindered by a sparse record of Oligocene primates on that continent. Here, we report the discovery of a diverse primate fauna from the early Oligocene of southern China. In marked contrast to Afro-Arabian Oligocene primate faunas, this Asian fauna is dominated by strepsirhines. There appears to be a strong break between Paleogene and Neogene Asian anthropoid assemblages. Asian and Afro-Arabian primate faunas responded differently to EOT climatic deterioration, indicating that the EOT functioned as a critical evolutionary filter constraining the subsequent course of primate evolution across the Old World.",https://doi.org/10.1126/science.aaf2107,Xijun Ni; Qiang Li; Lüzhou Li; K. Christopher Beard,2016-05-05,2016,article,101,https://openalex.org/W2346510979,https://openalex.org/W2346510979,China,449,neutral,0.9
Science,New allies fight for China's environment,"Since the enactment and formal implementation of China's revised Environmental Protection Law in 2015, a number of serious questions have arisen about its effectiveness, due in part to perceived conflict between the goals of economic development and environmental protection ([ 1 ][1]). However, more",https://doi.org/10.1126/science.aaf8345,Senlin Lü; Jian-jun Zhou; Frederick Charles Dubee,2016-05-12,2016,article,4,https://openalex.org/W2379011149,https://openalex.org/W2379011149,China,450,positive,0.95
Science,China Rethinks Cities,"After decades of reckless growth, the country revises its vision.",https://doi.org/10.1126/science.352.6288.916,Dennis Normile,2016-05-20,2016,article,48,https://openalex.org/W2406434784,https://openalex.org/W2406434784,China,451,neutral,0.7
Science,Public participation in China's project plans,"The success of China's government-funded megaprojects, including the South-to-North Water Diversion (SNWD) project ([ 1 ][1], [ 2 ][2]) and the Three Gorges Dam project ([ 3 ][3]), is in question. A change in the Chinese government's top-down decisionmaking process for such projects would help.

![",https://doi.org/10.1126/science.aaf8338,Guoyou Qi; Yanhong Jia; Saixing Zeng; Jonathan Shi,2016-05-26,2016,article,12,https://openalex.org/W2398092502,https://openalex.org/W2398092502,China,452,neutral,0.9
Science,China's national ecosystem assessment,"Ecosystem Services
China recently completed its first National Ecosystem Assessment covering the period 2000–2010. Ouyang et al. present the main findings of the assessment. Investment in the restoration and preservation of natural capital has resulted in improvements at the national level in most of the major ecosystem services measured. In particular, food production, carbon sequestration, and soil retention showed strong gains; on the other hand, habitat provision for biodiversity showed a gradual decline. Regional differences remain nonetheless, and there are serious environmental challenges still to be met in areas such as air quality and the wider global footprint of raw material imports.

Science , this issue p. [1455][1]

 [1]: /lookup/doi/10.1126/science.aaf2295",https://doi.org/10.1126/science.352.6292.1421-l,Andrew M. Sugden,2016-06-16,2016,article,2,https://openalex.org/W2429391414,https://openalex.org/W2429391414,China,453,neutral,0.9
Science,China overtakes U.S. supercomputing lead,,https://doi.org/10.1126/science.aaf5791,Robert F. Service,2016-06-20,2016,article,0,https://openalex.org/W4251457228,https://openalex.org/W4251457228,China,454,positive,0.85
Science,Q&A: China lunar chief plots voyage to far side of moon,,https://doi.org/10.1126/science.aaf5852,Dennis Normile,2016-07-21,2016,article,0,https://openalex.org/W2497732311,https://openalex.org/W2497732311,China,455,neutral,0.8
Science,Outburst flood at 1920 BCE supports historicity of China’s Great Flood and the Xia dynasty,"China's historiographical traditions tell of the successful control of a Great Flood leading to the establishment of the Xia dynasty and the beginning of civilization. However, the historicity of the flood and Xia remain controversial. Here, we reconstruct an earthquake-induced landslide dam outburst flood on the Yellow River about 1920 BCE that ranks as one of the largest freshwater floods of the Holocene and could account for the Great Flood. This would place the beginning of Xia at ~1900 BCE, several centuries later than traditionally thought. This date coincides with the major transition from the Neolithic to Bronze Age in the Yellow River valley and supports hypotheses that the primary state-level society of the Erlitou culture is an archaeological manifestation of the Xia dynasty.",https://doi.org/10.1126/science.aaf0842,Qinglong Wu; Zhijun Zhao; Li Liu; Darryl E. Granger; Hui Wang; David J. Cohen; Xiaohong Wu; Maolin Ye; Ofer Bar‐Yosef; Bin Lü; Jin Zhang; Peizhen Zhang; Daoyang Yuan; Wuyun Qi; Linhai Cai; Shibiao Bai,2016-08-04,2016,article,203,https://openalex.org/W2486143763,https://openalex.org/W2486143763,China,456,positive,0.9
Science,Massive flood may have led to China's earliest empire,,https://doi.org/10.1126/science.aag0729,Dennis Normile,2016-08-04,2016,article,21,https://openalex.org/W2497656708,https://openalex.org/W2497656708,China,457,neutral,0.8
Science,China-U.S. cooperation to advance nuclear power,Mass-manufacturing and coordinated approvals are key,https://doi.org/10.1126/science.aaf7131,Junji Cao; Armond Cohen; James E. Hansen; Richard K. Lester; Per F. Peterson; Hongjie Xu,2016-08-04,2016,article,53,https://openalex.org/W2480049662,https://openalex.org/W2480049662,China,458,positive,0.8
Science,China's ecosystems: Focus on biodiversity,"In their Report “Improvements in ecosystem services from investments in natural capital” (17 June, p. [1455][1]), Z. Ouyang et al. state that China's investment in natural capital has contributed substantially to improvements in most ecosystem services, with one exception: Habitat provision for",https://doi.org/10.1126/science.aah3994,Ruidong Wu,2016-08-11,2016,article,12,https://openalex.org/W2516298177,https://openalex.org/W2516298177,China,459,neutral,0.9
Science,China's ecosystems: Sacrificing the poor,"In their Report “Improvements in ecosystem services from investments in natural capital” (17 June, p. [1455][1]), Z. Ouyang et al. model changes in selected ecosystem services in China to show that, at the national level, rapid economic growth is compatible with increased provision of ecosystem",https://doi.org/10.1126/science.aah4960,John Aloysius Zinda; Kelly A. Hopping; Edwin Schmitt; Emily T. Yeh; Stevan Harrell; Eugene N. Anderson,2016-08-11,2016,article,8,https://openalex.org/W2511144935,https://openalex.org/W2511144935,China,460,negative,0.9
Science,China's ecosystems: Overlooked species,"![Figure][1] 

Red-necked pond turtle ( Mauremys nigricans )

PHOTO: FLPA/ALAMY STOCK PHOTO

A recent Report by Z. Ouyang et al. (“Improvements in ecosystem services from investments in natural capital,” 17 June, p. [1455][2]) found that investment in the restoration and preservation of",https://doi.org/10.1126/science.aah4000,Zhigang Jiang; Jianping Jiang; Yuezhao Wang; E. Zhang; Yanyun Zhang; Lili Li; Bo Cai; Zhenhua Luo; Chunwang Li; Xiaoge Ping; Feng Xie; Liang Cao,2016-08-11,2016,article,6,https://openalex.org/W2511631172,https://openalex.org/W2511631172,China,461,neutral,0.9
Science,Can a new park save China's big cats?,,https://doi.org/10.1126/science.aah7201,Kathleen McLaughlin,2016-08-17,2016,article,8,https://openalex.org/W2513070688,https://openalex.org/W2513070688,China,462,neutral,0.6
Science,China tackles antimicrobial resistance,,https://doi.org/10.1126/science.aah7247,Kathleen McLaughlin,2016-08-31,2016,article,6,https://openalex.org/W2513506197,https://openalex.org/W2513506197,China,463,positive,0.9
Science,Rescued wildlife in China remains at risk,Article MetricsDownloadsCitationsNo data available.0246AugSepOctNovDecJan1330Total6 Months12 MonthsTotal number of downloads for the most recent 6 whole calendar months.,https://doi.org/10.1126/science.aah4291,Zhao‐Min Zhou; Chris Newman; Christina D. Buesching; David W. Macdonald; Youbing Zhou,2016-09-01,2016,article,11,https://openalex.org/W2514006210,https://openalex.org/W2514006210,China,464,negative,0.85
Science,Cannonball! China's megasplash in ocean research,Huge new national lab's research priorities remain sketchy.,https://doi.org/10.1126/science.353.6304.1078,Kathleen McLaughlin,2016-09-08,2016,article,0,https://openalex.org/W2508815377,https://openalex.org/W2508815377,China,465,positive,0.92
Science,China bets big on big facilities,"Anchored by a powerful synchrotron, first of a series of multidisciplinary national science centers will rise by 2023.",https://doi.org/10.1126/science.353.6306.1353,Jun Qiu,2016-09-22,2016,article,1,https://openalex.org/W2522895978,https://openalex.org/W2522895978,China,466,positive,0.9
Science,Protecting China's soil by law,"After severe problems with air and water pollution, China is getting serious about its soil ([ 1 ][1], [ 2 ][2]). On 31 May, China's State Council released an action plan for soil pollution prevention and remediation, aiming to make 90% of polluted, arable land safe for human use by 2020 and",https://doi.org/10.1126/science.aal1847,Wang Jinnan; Qing Hu; Xiahui Wang; Xiaoliang Li; Xiao Jin Yang,2016-11-03,2016,article,16,https://openalex.org/W2546512975,https://openalex.org/W2546512975,China,467,positive,0.9
Science,Foreign-born scientists find a home in China,,https://doi.org/10.1126/science.opms.r1600171,Shawna Williams,2016-11-04,2016,article,3,https://openalex.org/W2547489004,https://openalex.org/W2547489004,China,468,positive,0.9
Science,Booklet | Precision medicine in China,"Boiled down to its essence, precision medicine describes the ability to tailor therapies to a patient's individual needs by examining their particular physiology, genome, and environment. The ideal is that individualized treatment will lead to lower costs, fewer side effects, and better outcomes. Precision medicine in China, if not in its infancy, is still a long way from reaching maturity. However, it shows significant promise. The country provides unique opportunities for research, including a varied geography and a large population presenting with many different diseases, both common and rare. Furthermore, the government is clearly a strong proponent of precision medicine, supporting it financially through numerous initiatives and also through policy changes at a national level. This supplement takes a deeper look at precision medicine in China, including associated research undertakings and how it is currently being applied in the diagnosis and treatment of disease, with a particular focus on cancer. There is little doubt that China intends to be a leader in this area, investing both money and resources. Should this venture pay off, the country will be well placed to provide top-quality health care for its populace and even to provide advice to other nations with less-advanced health care systems. This special supplement brought to you by the Science /AAAS Custom Publishing Office.",https://doi.org/10.1126/science.354.6319.1601-b,"Wang, Youxin; Adua, Eric; Russell, Alyce; Roberts, Peter; Ge, Siqi; Zeng, Qiang; Wang, Wei",2016-12-22,2016,article,12,https://openalex.org/W2613679969,https://openalex.org/W2613679969,China,469,neutral,0.9
Science,Booklet | Precision medicine in China,"Boiled down to its essence, precision medicine describes the ability to tailor therapies to a patient's individual needs by examining their particular physiology, genome, and environment. The ideal is that individualized treatment will lead to lower costs, fewer side effects, and better outcomes. Precision medicine in China, if not in its infancy, is still a long way from reaching maturity. However, it shows significant promise. The country provides unique opportunities for research, including a varied geography and a large population presenting with many different diseases, both common and rare. Furthermore, the government is clearly a strong proponent of precision medicine, supporting it financially through numerous initiatives and also through policy changes at a national level. This supplement takes a deeper look at precision medicine in China, including associated research undertakings and how it is currently being applied in the diagnosis and treatment of disease, with a particular focus on cancer. There is little doubt that China intends to be a leader in this area, investing both money and resources. Should this venture pay off, the country will be well placed to provide top-quality health care for its populace and even to provide advice to other nations with less-advanced health care systems. This special supplement brought to you by the Science /AAAS Custom Publishing Office.",https://doi.org/10.1126/science.2016.354.6319.354_1601b,,2016-12-23,2016,article,1,https://openalex.org/W4246733312,https://openalex.org/W4246733312,China,470,neutral,0.9
Science,"Challenges of S&T system reform in China: Despite promising reforms, autonomy is unclear",,,Cong Cao; Paul Richard,2017-01-01,2017,article,0,https://openalex.org/W2747685998,https://openalex.org/W2747685998,China,471,negative,0.7
Science,HIV and men who have sex with men in China: the influence of background prevalence and gay social networking platforms.,,,Jason Jiat Shern Ong,2017-01-01,2017,article,0,https://openalex.org/W2883742298,https://openalex.org/W2883742298,China,472,neutral,1.0
Science,China opens unique free electron laser facility,,https://doi.org/10.1126/science.aal0618,Dennis Normile,2017-01-15,2017,article,0,https://openalex.org/W2579081494,https://openalex.org/W2579081494,China,473,positive,0.75
Science,Unique free electron laser laboratory opens in China,New device will probe smog and other gaseous phenomena.,https://doi.org/10.1126/science.355.6322.235,Dennis Normile,2017-01-19,2017,article,18,https://openalex.org/W2572158960,https://openalex.org/W2572158960,China,474,positive,0.9
Science,Enormous otters once roamed southwestern China,,https://doi.org/10.1126/science.aal0633,Sid Perkins,2017-01-23,2017,article,0,https://openalex.org/W2582887406,https://openalex.org/W2582887406,China,475,neutral,0.9
Science,Study retraction reignites concern over China’s possible use of prisoner organs,,https://doi.org/10.1126/science.aal0711,Dalmeet Singh Chawla,2017-02-06,2017,article,2,https://openalex.org/W2587126832,https://openalex.org/W2587126832,China,476,negative,0.95
Science,China’s theft of U.S. trade secrets under scrutiny,,https://doi.org/10.1126/science.aal0837,Mara Hvistendahl,2017-02-28,2017,article,0,https://openalex.org/W2593514199,https://openalex.org/W2593514199,China,477,negative,0.9
Science,"Late Pleistocene archaic human crania from Xuchang, China","Two early Late Pleistocene (~105,000- to 125,000-year-old) crania from Lingjing, Xuchang, China, exhibit a morphological mosaic with differences from and similarities to their western contemporaries. They share pan-Old World trends in encephalization and in supraorbital, neurocranial vault, and nuchal gracilization. They reflect eastern Eurasian ancestry in having low, sagittally flat, and inferiorly broad neurocrania. They share occipital (suprainiac and nuchal torus) and temporal labyrinthine (semicircular canal) morphology with the Neandertals. This morphological combination reflects Pleistocene human evolutionary patterns in general biology, as well as both regional continuity and interregional population dynamics.",https://doi.org/10.1126/science.aal2482,Zhanyang Li; Xiujie Wu; Liping Zhou; Wu Liu; Xing Gao; Xiaomei Nian; Erik Trinkaus,2017-03-02,2017,article,199,https://openalex.org/W2591587127,https://openalex.org/W2591587127,China,478,neutral,0.9
Science,Close relative of Neandertals unearthed in China,"Partial skulls may belong to elusive Denisovans, who are known almost exclusively by their DNA.",https://doi.org/10.1126/science.355.6328.899,Ann Gibbons,2017-03-02,2017,article,3,https://openalex.org/W2594437354,https://openalex.org/W2594437354,China,479,neutral,0.9
Science,China pledges to cut pollution and boost food safety,,https://doi.org/10.1126/science.aal0865,Kathleen McLaughlin,2017-03-06,2017,article,0,https://openalex.org/W2592825001,https://openalex.org/W2592825001,China,480,positive,0.95
Science,Challenges of S&T system reform in China,"Despite promising reforms, autonomy is unclear",https://doi.org/10.1126/science.aal2515,Cong Cao; Richard P. Suttmeier,2017-03-10,2017,article,56,https://openalex.org/W2598141673,https://openalex.org/W2598141673,China,481,neutral,0.7
Science,Why is China’s smog so bad? Researchers point far away to a melting Arctic,,https://doi.org/10.1126/science.aal0912,Eli Kintisch,2017-03-15,2017,article,1,https://openalex.org/W2596472686,https://openalex.org/W2596472686,China,482,negative,0.8
Science,Underground labs in China are devising potent new opiates faster than authorities can respond,,https://doi.org/10.1126/science.aal0971,Kathleen McLaughlin,2017-03-29,2017,article,8,https://openalex.org/W2600322625,https://openalex.org/W2600322625,China,483,negative,0.9
Science,Response to Comments on “Outburst flood at 1920 BCE supports historicity of China’s Great Flood and the Xia dynasty”,"question our reconstruction of a large outburst flood and its possible relationship to China's Great Flood and the Xia dynasty. Here, we clarify misconceptions concerning geologic evidence of the flood, its timing and magnitude, and the complex social-cultural response. We also further discuss how this flood may be related to ancient accounts of the Great Flood and origins of the Xia dynasty.",https://doi.org/10.1126/science.aal1325,Qinglong Wu; Zhijun Zhao; Li Liu; Darryl E. Granger; Hui Wang; David J. Cohen; Xiaohong Wu; Maolin Ye; Ofer Bar‐Yosef; Bin Lü; Jin Zhang; Peizhen Zhang; Daoyang Yuan; Wuyun Qi; Linhai Cai; Shibiao Bai,2017-03-30,2017,article,10,https://openalex.org/W2601892498,https://openalex.org/W2601892498,China,484,neutral,0.7
Science,China cracks down on coastal fisheries,Moratorium may not be enough to restore fish stocks.,https://doi.org/10.1126/science.356.6338.573,Dennis Normile,2017-05-11,2017,article,7,https://openalex.org/W2613349390,https://openalex.org/W2613349390,China,485,neutral,0.6
Science,China’s belt and road infrastructure plan also includes science,,https://doi.org/10.1126/science.aal1198,Dennis Normile,2017-05-16,2017,article,14,https://openalex.org/W2615791944,https://openalex.org/W2615791944,China,486,neutral,0.9
Science,Migration of ideas: China and U.S.,"Migration of ideas comes not only from permanent migrants but also from temporary migrants, such as international students, conference attendees, and visitors at foreign laboratories and centers. Given that collaborations generally arise from personal connections ([ 1 ][1]), it is hard to imagine internationally coauthored research expanding absent researcher mobility. Ties between U.S. and Chinese researchers exemplify how migration advances knowledge and benefits source and destination country. The United States is the top destination of Chinese international students and postdocs, and China is the top source of foreign students in the United States, and they contribute to U.S. scientific productivity ([ 2 ][2]). Those who return to China tend to outperform other Chinese researchers in terms of citations in international scientific journals ([ 3 ][3]). Homophily in citations suggests that a paper with authors from two countries is likely to spread new ideas or findings more rapidly across borders than if the paper's authors were from the same country. Having a foreign collaborator with a network of researchers in another country usually attracts overseas attention to research. In scientific work, China and the United States are each others' biggest partners: 16% of U.S. international collaborations are with China, and 48% of China's international collaborations are with the United States ([ 4 ][4]). U.S. corporations conduct research and patent inventions in China, and Chinese firms buy U.S. start-ups and patent in the United States. About 15% of author names on papers written at U.S.-based institutions are Chinese, whose first names (e.g., Xu rather than David) identify them as born overseas ([ 5 ][5]). Connections between migrants and natives on papers, patents, and citations does not directly measure the migration of ideas, which requires latent semantic analysis of the content of the underlying documents. But network links between collaborators from different countries establish a prima facie case for policies that treat foreign-born students and migrant researchers as valuable contributors to the United States and home-country scientific and economic progress and as possible future U.S. citizens as well.

1. [↵][6]1. A. Jaffe and 2. B. Jones
 1. R. B. Freeman, 2. I. Ganguli, 3. R. Murciano-Goroff
 , The Changing Frontier: Rethinking Science and Innovation Policy, A. Jaffe and B. Jones, Eds. (University of Chicago Press, 2015), pp. 17–48.
 

2. [↵][7]1. G. Borjas, 2. K. Doran, 3. Y. Shen
 , “Ethnic complementarities after the opening of China: How Chinese graduate students affected the productivity of their advisors” (NBER Working paper 21096, NBER, Cambridge, MA, 2015).
 

3. [↵][8]1. A. Guena
 1. R. B. Freeman, 2. W. Huang
 , Global Mobility of Research Scientists: The Economics of Who Goes Where and Why, A. Guena, Ed. (Academic Press-Elsevier, 2015), pp. 155–175.
 

4. [↵][9]National Science Board, Science and Engineering Indicators 2014 (National Science Foundation, Arlington, VA, 2014), appendix table 5-56.
 

5. [↵][10]1. R. B. Freeman, 2. W. Huang
 , J. Labor Econ. 33 (suppl. 1, part 2), S289 (2015).
 [OpenUrl][11]

 [1]: #ref-1
 [2]: #ref-2
 [3]: #ref-3
 [4]: #ref-4
 [5]: #ref-5
 [6]: #xref-ref-1-1 View reference 1 in text
 [7]: #xref-ref-2-1 View reference 2 in text
 [8]: #xref-ref-3-1 View reference 3 in text
 [9]: #xref-ref-4-1 View reference 4 in text
 [10]: #xref-ref-5-1 View reference 5 in text
 [11]: {openurl}?query=rft.jtitle%253DJ.%2BLabor%2BEcon.%26rft.volume%253D33%26rft.spage%253DS289%26rft.genre%253Darticle%26rft_val_fmt%253Dinfo%253Aofi%252Ffmt%253Akev%253Amtx%253Ajournal%26ctx_ver%253DZ39.88-2004%26url_ver%253DZ39.88-2004%26url_ctx_fmt%253Dinfo%253Aofi%252Ffmt%253Akev%253Amtx%253Actx",https://doi.org/10.1126/science.aan5197,Richard B. Freeman,2017-05-18,2017,article,9,https://openalex.org/W2616564106,https://openalex.org/W2616564106,China,487,neutral,0.9
Science,"For first time, China and EU to join forces on climate",,https://doi.org/10.1126/science.aan6914,Jean Chemnick,2017-05-31,2017,article,1,https://openalex.org/W2620719441,https://openalex.org/W2620719441,China,488,positive,0.9
Science,Spat threatens China’s plans to build world’s largest telescope,,https://doi.org/10.1126/science.aan6969,Dennis Normile,2017-06-14,2017,article,0,https://openalex.org/W2625260111,https://openalex.org/W2625260111,China,489,negative,0.9
Science,China successfully launches x-ray satellite,,https://doi.org/10.1126/science.aan6975,Dennis Normile,2017-06-15,2017,article,0,https://openalex.org/W2775101681,https://openalex.org/W2775101681,China,490,positive,0.95
Science,Reform China's fisheries subsidies,"Despite the moratorium on fishing in China's coastal waters (“China cracks down on coastal fisheries,” D. Normile, In Depth, 12 May, p. [573][1]), the nation's fisheries remain under threat by fuel subsidies. Because of the money saved on fuel, commercial fishermen can afford to use more ships",https://doi.org/10.1126/science.aan8389,Hong Yang; Mingguo Ma; Julian R. Thompson; Roger J. Flower,2017-06-30,2017,article,9,https://openalex.org/W2729387024,https://openalex.org/W2729387024,China,491,neutral,0.9
Science,China cracks down after investigation finds massive peer-review fraud,,https://doi.org/10.1126/science.aan7186,Dennis Normile,2017-07-31,2017,article,20,https://openalex.org/W2740135930,https://openalex.org/W2740135930,China,492,negative,0.8
Science,China cracks down on fraud,More than 400 authors face punishment for peer-review scam.,https://doi.org/10.1126/science.357.6350.435,Dennis Normile,2017-08-03,2017,article,8,https://openalex.org/W2744811023,https://openalex.org/W2744811023,China,493,positive,0.8
Science,China can lead on climate change,"With the United States' exit from the 2015 Paris Agreement (“Can U.S. states and cities overcome Paris exit?” W. Cornwall, News In Depth, 9 June, p. [1000][1]), China—the world's largest energy consumer and carbon emitter ([ 1 ][2])—can and will lead on climate change. China is already",https://doi.org/10.1126/science.aao2785,Changjian Wang; Fei Wang,2017-08-25,2017,article,81,https://openalex.org/W2747070014,https://openalex.org/W2747070014,China,494,positive,0.9
Science,Science suffers as China’s internet censors plug holes in Great Firewall,,https://doi.org/10.1126/science.aap8270,Dennis Normile,2017-08-30,2017,article,5,https://openalex.org/W2753800439,https://openalex.org/W2753800439,China,495,negative,0.95
Science,Science suffers as China plugs holes in Great Firewall,New restrictions hamper access to sites useful for research.,https://doi.org/10.1126/science.357.6354.856,Dennis Normile,2017-08-31,2017,article,8,https://openalex.org/W2752524754,https://openalex.org/W2752524754,China,496,negative,0.95
Science,Carbon footprint of China's belt and road,"Spatio-temporal evolution of green innovation network and its multidimensional proximity analysis: Empirical evidence from China,",https://doi.org/10.1126/science.aao6621,Ning Zhang; Zhu Liu; Xuemei Zheng; Jinjun Xue,2017-09-14,2017,article,164,https://openalex.org/W2754857374,https://openalex.org/W2754857374,China,497,neutral,0.95
Science,China must lead on emissions trading,"About 25% of global greenhouse gas emissions come from sources in China, more than the United States (14%) and the European Union (10%) combined ([ 1 ][1]). Given China's impact on the climate and the Trump Administration's retreat on international action, we should not only welcome positive signs of China's leadership on climate (“China can lead on climate change,” C. Wang and F. Wang, Letters, 25 August, p. [764][2]) but acknowledge that the world is depending it. We must also demand that China's climate actions be sufficiently quick, genuinely effective, open to scrutiny, and free from diplomatic brinkmanship.

Recent declines in energy-related carbon emissions and coal consumption, as well as leadership in manufacturing and deployment of renewable energy technologies, are positive signs, but China's path forward is largely dependent on the effectiveness of its proposed national emissions trading scheme. If effective, this scheme should systematically facilitate China's transition to a low-carbon economy and go a long way toward limiting global climate change. Lessons from other countries, such as those involved in the European Union Emissions Trading Scheme, have shown that emissions trading schemes only work if carbon accounts are accurate, emissions reduction targets are sufficiently ambitious, and the number of free permits allowed is minimized. Furthermore, the supply of offsets cannot distort emissions reduction objectives, and liable entities must be aware of and able to implement their abatement options ([ 2 ][3]–[ 4 ][4]). A trading scheme's effectiveness is ultimately determined by its design architecture and transition trajectory (i.e., the pathway and rate by which an economy transitions from carbon-intensive to low carbon). The seven pilot trading schemes in China over the past few years gave away too many free permits to be truly effective in the short term ([ 5 ][5]). China's national emission trading scheme must strike the elusive balance between a prudently-timed implementation and the need to hastily achieve real emissions reductions. If this can be done, then China most certainly deserves recognition as the world's leading nation on climate action.

1. [↵][6]1. T. Boden, 2. G. Marland, 3. R. J. Andres
 , “National CO2 emissions from fossil-fuel burning, cement manufacture, and gas flaring: 1751–2014” (Carbon Dioxide Information Analysis Center, Oak Ridge National Laboratory, U.S. Department of Energy, 2017).
 

2. [↵][7]1. C. De Perthius, 2. R. Trotignon
 , Energy Pol. 75, 100 (2014).
 [OpenUrl][8]

3. 1. R. G. et al
 ., Science 343, 1316 (2014).
 [OpenUrl][9][Abstract/FREE Full Text][10]

4. [↵][11]1. R. Schmalensee, 2. R. Stavins
 , Rev. Environ. Econ. Pol. 11, 59 (2017).
 [OpenUrl][12]

5. [↵][13]1. L. Xiong et al
 ., Appl. Energy 185, 1849 (2017).
 [OpenUrl][14]

 [1]: #ref-1
 [2]: pending:yes
 [3]: #ref-2
 [4]: #ref-4
 [5]: #ref-5
 [6]: #xref-ref-1-1 View reference 1 in text
 [7]: #xref-ref-2-1 View reference 2 in text
 [8]: {openurl}?query=rft.jtitle%253DEnergy%2BPol.%26rft.volume%253D75%26rft.spage%253D100%26rft.genre%253Darticle%26rft_val_fmt%253Dinfo%253Aofi%252Ffmt%253Akev%253Amtx%253Ajournal%26ctx_ver%253DZ39.88-2004%26url_ver%253DZ39.88-2004%26url_ctx_fmt%253Dinfo%253Aofi%252Ffmt%253Akev%253Amtx%253Actx
 [9]: {openurl}?query=rft.jtitle%253DScience%26rft.stitle%253DScience%26rft.aulast%253DNewell%26rft.auinit1%253DR.%2BG.%26rft.volume%253D343%26rft.issue%253D6177%26rft.spage%253D1316%26rft.epage%253D1317%26rft.atitle%253DCarbon%2BMarket%2BLessons%2Band%2BGlobal%2BPolicy%2BOutlook%26rft_id%253Dinfo%253Adoi%252F10.1126%252Fscience.1246907%26rft_id%253Dinfo%253Apmid%252F24653022%26rft.genre%253Darticle%26rft_val_fmt%253Dinfo%253Aofi%252Ffmt%253Akev%253Amtx%253Ajournal%26ctx_ver%253DZ39.88-2004%26url_ver%253DZ39.88-2004%26url_ctx_fmt%253Dinfo%253Aofi%252Ffmt%253Akev%253Amtx%253Actx
 [10]: /lookup/ijlink/YTozOntzOjQ6InBhdGgiO3M6MTQ6Ii9sb29rdXAvaWpsaW5rIjtzOjU6InF1ZXJ5IjthOjQ6e3M6ODoibGlua1R5cGUiO3M6NDoiQUJTVCI7czoxMToiam91cm5hbENvZGUiO3M6Mzoic2NpIjtzOjU6InJlc2lkIjtzOjEzOiIzNDMvNjE3Ny8xMzE2IjtzOjQ6ImF0b20iO3M6MjM6Ii9zY2kvMzU3LzYzNTYvMTEwNi5hdG9tIjt9czo4OiJmcmFnbWVudCI7czowOiIiO30=
 [11]: #xref-ref-4-1 View reference 4 in text
 [12]: {openurl}?query=rft.jtitle%253DRev.%2BEnviron.%2BEcon.%2BPol.%26rft.volume%253D11%26rft.spage%253D59%26rft.genre%253Darticle%26rft_val_fmt%253Dinfo%253Aofi%252Ffmt%253Akev%253Amtx%253Ajournal%26ctx_ver%253DZ39.88-2004%26url_ver%253DZ39.88-2004%26url_ctx_fmt%253Dinfo%253Aofi%252Ffmt%253Akev%253Amtx%253Actx
 [13]: #xref-ref-5-1 View reference 5 in text
 [14]: {openurl}?query=rft.jtitle%253DAppl.%2BEnergy%26rft.volume%253D185%26rft.spage%253D1849%26rft.genre%253Darticle%26rft_val_fmt%253Dinfo%253Aofi%252Ffmt%253Akev%253Amtx%253Ajournal%26ctx_ver%253DZ39.88-2004%26url_ver%253DZ39.88-2004%26url_ctx_fmt%253Dinfo%253Aofi%252Ffmt%253Akev%253Amtx%253Actx",https://doi.org/10.1126/science.aap7960,Paul Dargusch,2017-09-14,2017,article,14,https://openalex.org/W2754870992,https://openalex.org/W2754870992,China,498,positive,0.9
Science,China’s atomic clock passes space test,,https://doi.org/10.1126/science.aaq0124,Edwin Cartlidge,2017-09-20,2017,article,0,https://openalex.org/W2758527510,https://openalex.org/W2758527510,China,499,positive,0.9
Science,Watch how the U.S. and China are working together to get weapons-grade uranium out of Ghana,,https://doi.org/10.1126/science.aaq1111,Andrew Wagner,2017-10-02,2017,article,0,https://openalex.org/W2763220259,https://openalex.org/W2763220259,China,500,positive,0.85
Science,China sprints ahead in CRISPR therapy race,Human trials are using the genome-editing technique to treat cancers and other conditions.,https://doi.org/10.1126/science.358.6359.20,Dennis Normile,2017-10-05,2017,article,23,https://openalex.org/W2763452304,https://openalex.org/W2763452304,China,501,positive,0.9
Science,Analysis of China’s one-child policy sparks uproar,,https://doi.org/10.1126/science.aar2516,Mara Hvistendahl,2017-10-18,2017,article,3,https://openalex.org/W4248241301,https://openalex.org/W4248241301,China,502,negative,0.9
Science,Germany and China take the lead,"The foundation of the 2015 Paris climate agreement was to a large extent based on cooperation between the United States and China on clean energy and emissions reductions. With the United States now planning to withdraw from the agreement, who will replace them? Ahead of the United Nations climate conference in Bonn that begins next week, the spotlight is on Germany to fill the vacancy. Indeed, there is a strong common ground upon which Germany and China can collaborate to show the world a positive picture of a low-carbon transition. If they work together on renewable energy, a sustainable transport system, and effective policies, these two nations could change the course of the global low-carbon pathway.",https://doi.org/10.1126/science.aar2525,Brigitte Knopf; Kejun Jiang,2017-11-02,2017,article,11,https://openalex.org/W2766816842,https://openalex.org/W2766816842,China,503,neutral,0.9
Science,Medical centers spearhead China's pharma push,Nation hopes reforms will yield more and better drugs,https://doi.org/10.1126/science.358.6364.709,Dennis Normile,2017-11-09,2017,article,1,https://openalex.org/W2767765793,https://openalex.org/W2767765793,China,504,neutral,0.6
Science,China's new era of ecological civilization,"The extensive growth of China's economy has caused serious environmental problems in the recent decades. Instead of setting a specific target for the economic growth in his report to the 19th National Congress of the Communist Party of China, President Xi Jinping proposed an ambitious blueprint of",https://doi.org/10.1126/science.aar3760,Liangang Xiao; Rongqin Zhao,2017-11-23,2017,article,98,https://openalex.org/W2770854452,https://openalex.org/W2770854452,China,505,neutral,0.8
Science,China’s dark matter space probe detects tantalizing signal,,https://doi.org/10.1126/science.aar6217,Dennis Normile,2017-11-29,2017,article,0,https://openalex.org/W2769790047,https://openalex.org/W2769790047,China,506,positive,0.95
Science,Bridging the divide: Interdisciplinary research into vulnerable populations in China,"“Vulnerable populations” describes a range of disadvantaged groups of a society. China is clearly not alone in grappling with this humanitarian problem. However, its continued social and economic progress faces challenges if this dilemma is not addressed. Domestic and international interdisciplinary research, from such fields as neuroscience, sociology, and psychology, are providing answers to this pressing issue. This special supplement brought to you by the Science /AAAS Custom Publishing Office.",https://doi.org/10.1126/science.358.6370.1628-b,,2017-12-22,2017,article,0,https://openalex.org/W2919742012,https://openalex.org/W2919742012,China,507,positive,0.9
Science,Sponsored Collection | Precision medicine and cancer immunology in China,"In order for precision medicine to be successful, accurate characterization of the patient is necessary. A variety of biomarkers could provide the necessary data, collected through a variety of 'omics techniques. However, identifying and characterizing biomarkers that accurately reflect a physiological state (normal or diseased), or response to a particular drug or therapy, has turned out to be challenging. Add to this the complication that biomarkers may differ between population groups, or indeed between individuals, and that tracking these biomarkers as the patient's status changes can be onerous, and the future of precision medicine could be described as bleak. Yet this pessimistic outlook has not stopped researchers from pushing forward in their search for accurate and robust biomarkers, which they hope will help to predict the risk of disease, ascertain the probability of positive clinical outcomes, and evaluate therapeutic efficacy. In this supplement to Science , these important topics are discussed, with a focus on advances in precision medicine research in China. This special supplement brought to you by the Science /AAAS Custom Publishing Office.",https://doi.org/10.1126/science.359.6375.598-b,,2018-02-01,2018,article,5,https://openalex.org/W4233493919,https://openalex.org/W4233493919,China,508,neutral,0.9
Science,Accelerator boom hones China's engineeringexpertise,Bevy of particle accelerators could pave the way for future collider that would be world's largest.,https://doi.org/10.1126/science.359.6375.507,Dennis Normile,2018-02-01,2018,article,1,https://openalex.org/W2785876636,https://openalex.org/W2785876636,China,509,positive,0.95
Science,China's AI imperative,The country's massive investments in artificial intelligence are disrupting the industry—and strengthening control of the populace.,https://doi.org/10.1126/science.359.6376.628,Christina Larson,2018-02-09,2018,article,28,https://openalex.org/W2786078834,https://openalex.org/W2786078834,China,510,neutral,0.8
Science,China's planned exascale computer threatens Summit'sposition at the top,The nation's first exascale system is expected in 2020.,https://doi.org/10.1126/science.359.6376.618,Robert F. Service,2018-02-09,2018,article,1,https://openalex.org/W4254679340,https://openalex.org/W4254679340,China,511,negative,0.8
Science,Biologist unveils China's first private research university,Venture aims to fill gap in higher education landscape.,https://doi.org/10.1126/science.359.6378.856,Dennis Normile,2018-02-22,2018,article,6,https://openalex.org/W2787903391,https://openalex.org/W2787903391,China,512,positive,0.9
Science,China unveils plans for x-ray satellite to probe most violent corners of the universe,,https://doi.org/10.1126/science.aat5220,Dennis Normile,2018-03-07,2018,article,0,https://openalex.org/W2791434210,https://openalex.org/W2791434210,China,513,neutral,0.9
Science,China hones plans for ambitious x-ray probe,Mission would firm up China's status as a leader in x-ray astronomy.,https://doi.org/10.1126/science.359.6380.1085,Dennis Normile,2018-03-08,2018,article,2,https://openalex.org/W2792168747,https://openalex.org/W2792168747,China,514,positive,0.9
Science,"China’s government shake-up could have big payoffs for public health, environment",,https://doi.org/10.1126/science.aat5755,Dennis Normile,2018-03-13,2018,article,0,https://openalex.org/W2789966867,https://openalex.org/W2789966867,China,515,positive,0.9
Science,China asserts firm grip on research data,,https://doi.org/10.1126/science.aat8311,Dennis Normile,2018-04-09,2018,article,3,https://openalex.org/W2797327303,https://openalex.org/W2797327303,China,516,neutral,0.65
Science,Sponsored Collection | Hangzhou Normal University: Serving China through world-class research and education,"Nestled next to the natural beauty of West Lake, the city of Hangzhou is the most populous and popular destination in Zhejiang Province in Eastern China. It provides the backdrop for one of China’s oldest universities, Hangzhou Normal University. Established in 1908 as the Zhejiang Official Secondary Normal School, the university has grown to become a respected educational institution encompassing two faculties (Education and Medical Science), 18 schools, and a teaching hospital, with over 17,000 undergraduate and 2,700 graduate students. Despite its size and accomplishments over the past 110 years, the university is still growing, developing, and improving. With a focus on both education and research, it is constantly striving to extract the best quality research from its faculty and to produce students eminently qualified to join the workforce as productive and useful members of society. Within this supplement, we have striven to provide a representative sampling of the exceptional research currently being conducted at the university, the range of which is both deep and broad. A common theme is that the authors are attempting to push scientific boundaries while remaining focused on asking questions and finding solutions that will benefit their society and drive progress in China. This special supplement brought to you by the Science /AAAS Custom Publishing Office.",https://doi.org/10.1126/science.360.6387.454-b,,2018-04-26,2018,article,0,https://openalex.org/W4256196942,https://openalex.org/W4256196942,China,517,positive,0.9
Science,China’s moon mission will probe cosmic dark ages,,https://doi.org/10.1126/science.aau2004,Daniel Clery,2018-05-16,2018,article,0,https://openalex.org/W2804309771,https://openalex.org/W2804309771,China,518,positive,0.9
Science,China's moon mission is set to probe cosmic dark ages,Radio quiet environment near the moon will help Dutch-Chinese experiment explore time before the first stars.,https://doi.org/10.1126/science.360.6390.698,Daniel Clery,2018-05-17,2018,article,1,https://openalex.org/W2803646120,https://openalex.org/W2803646120,China,519,neutral,0.85
Science,Here’s how China is challenging the U.S. and European brain initiatives,,https://doi.org/10.1126/science.aau2582,Dennis Normile,2018-05-22,2018,article,1,https://openalex.org/W2804237705,https://openalex.org/W2804237705,China,520,neutral,0.8
Science,The road to wild yak protection in China,"China is home to about 22,000 wild yaks, which account for 90% of the global wild yak population ([ 1 ][1]). The International Union for Conservation of Nature (IUCN) categorizes the wild yak, a cold-tolerant herbivore, as a vulnerable species ([ 2 ][2]), mainly attributable to excessive hunting for",https://doi.org/10.1126/science.aat6749,Ming Chen; Yingzhu Sun; Chunping Yang; Guangming Zeng; Zhongwu Li; Jiachao Zhang,2018-05-24,2018,article,43,https://openalex.org/W2803648577,https://openalex.org/W2803648577,China,521,positive,0.85
Science,China's ambitious brain science project inches forward,Beijing and Shanghai open new research centers ahead of the launch of a 15-year national effort.,https://doi.org/10.1126/science.360.6391.840,Dennis Normile,2018-05-24,2018,article,4,https://openalex.org/W2804618854,https://openalex.org/W2804618854,China,522,positive,0.9
Science,"With generous funding and top-tier jobs, China seeks to lure science talent from abroad",,https://doi.org/10.1126/science.aau3868,Dennis Normile,2018-06-05,2018,article,0,https://openalex.org/W2805705399,https://openalex.org/W2805705399,China,523,positive,0.9
Science,New genus of extinct Holocene gibbon associated with humans in Imperial China,"The noblewoman's ape Human activities are causing extinctions across a wide array of taxa. Yet there has been no evidence of humans directly causing extinction among our relatives, the apes. Turvey et al. describe a species of gibbon found in a 2200- to 2300-year-old tomb ascribed to a Chinese noblewoman. This previously unknown species was likely widespread, may have persisted until the 18th century, and may be the first ape species to have perished as a direct result of human activities. This discovery may also indicate the existence of unrecognized primate diversity across Asia. Science , this issue p. 1346",https://doi.org/10.1126/science.aao4903,Samuel T. Turvey; Kristoffer Bruun; Alejandra Ortiz; James P. Hansford; Songmei Hu; Yan Ding; Tianen Zhang; Helen J. Chatterjee,2018-06-21,2018,article,44,https://openalex.org/W2809074307,https://openalex.org/W2809074307,China,524,neutral,0.95
Science,China's plastic waste import ban,"Environmental Studies
China, the world's top plastic waste importer, implemented a permanent ban on importing nonindustrial plastic waste beginning on 31 December 2017. Brooks et al. examined how this ban may affect countries that had previously exported difficult-to-manage plastic waste to China. Through analyzing 28 years of data on imports and exports from the United Nations Comtrade Database, they found that China has imported 45% of the world's plastic waste since 1992. This means that an estimated 111 million metric tons of plastic waste will have to be redirected by 2030 because of this ban. The analysis further highlights how, for decades, higher-income countries have been exporting plastic waste to lower-income countries that do not have robust waste management infrastructures.

Sci. Adv. 10.1126/sciadv.aat0131 (2018).",https://doi.org/10.1126/science.360.6395.1310-b,Philippa J. Benson,2018-06-21,2018,article,5,https://openalex.org/W2809090432,https://openalex.org/W2809090432,China,525,neutral,0.7
Science,"New China space missions will watch for colliding black holes, solar blasts",,https://doi.org/10.1126/science.aau7501,Dennis Normile,2018-07-11,2018,article,0,https://openalex.org/W2883383860,https://openalex.org/W2883383860,China,526,neutral,0.9
Science,China announces new flotilla of space science missions,"Probes will watch for colliding black holes, image Earth's magnetosphere, and monitor the sun.",https://doi.org/10.1126/science.361.6398.116,Dennis Normile,2018-07-13,2018,article,0,https://openalex.org/W2883159231,https://openalex.org/W2883159231,China,527,neutral,0.95
Science,"Can China, the world’s biggest pork producer, contain a fatal pig virus? Scientists fear the worst",,https://doi.org/10.1126/science.aav1776,Dennis Normile,2018-08-21,2018,article,2,https://openalex.org/W2888289395,https://openalex.org/W2888289395,China,528,negative,0.9
Science,Arrival of deadly pig disease could spell disaster for China,African swine fever threatens the world's largest pig herd.,https://doi.org/10.1126/science.361.6404.741,Dennis Normile,2018-08-23,2018,article,28,https://openalex.org/W2888071481,https://openalex.org/W2888071481,China,529,negative,0.98
Science,"A deadly pig disease raging in China is bound to spread to other Asian countries, experts warn",,https://doi.org/10.1126/science.aav3727,Dennis Normile,2018-09-10,2018,article,0,https://openalex.org/W2889951592,https://openalex.org/W2889951592,China,530,negative,0.98
Science,China narrows U.S. lead in R&D spending,But lagging support for basic research may hinder ambitions to become a science superpower.,https://doi.org/10.1126/science.362.6412.276,Dennis Normile,2018-10-18,2018,article,33,https://openalex.org/W2897597358,https://openalex.org/W2897597358,China,531,positive,0.7
Science,China's fight against soil pollution,"Soil pollution caused by human activities in China threatens agricultural productivity, food safety, and human health ([ 1 ][1], [ 2 ][2]). The Chinese government has taken a series of measures, including the Soil Contamination Prevention and Control Action Plan ([ 2 ][2]), to combat soil pollution ([ 3 ][3]). Recently, the country took another positive step by passing the Law on Soil Pollution Prevention and Control, legislation that was 12 years in the making ([ 4 ][4]).

The new law will help to promote soil conservation in China in several ways ([ 5 ][5]). First, the law clarifies who is responsible for soil pollution and provides a framework for holding those people or entities accountable. Second, targets for soil pollution levels will be put in place, and regular evaluations will determine whether local governments are meeting the targets. Third, China will conduct a nationwide soil condition census at least once every 10 years and will set up several national soil environmental monitoring stations that will share relevant information in real time. Fourth, a list of toxic and hazardous substances will be published. Governments at all levels will use the list to establish management regulations to prevent soil pollution. Finally, China will increase investment in soil pollution control and establish a funding system for soil pollution prevention.

Despite these improvements to soil pollution policies, there is still a long way to go. First, China should strengthen its soil pollution prevention and control by streamlining soil, air, and water pollution efforts through consistent legislation. China should also explicitly state its ecological protection and environmental quality goals, as well as the limits to resource use necessary to meet those goals. In addition, China should set the phased targets of soil pollution prevention to meet the strategic requirements of its ecological civilization construction and rural revitalization. Finally, China's soil pollution has multiple sources, and the type and degree of pollution vary across regions. China must tailor its strategies to account for these differences.

1. [↵][6]1. N. Rodriguez-Eugenio, 2. M. McLaughlin, 3. D. Pennock
 , “Soil pollution: A hidden reality” (Food and Agriculture Organization, 2018).
 

2. [↵][7]1. J. Wang, 2. Q. Hu, 3. X. Wang, 4. X. Li, 5. X. J. Yang
 , Science 354, 562 (2016).
 [OpenUrl][8][FREE Full Text][9]

3. [↵][10]1. R. Chen, 2. A. De Sherbinin, 3. C. Ye, 4. G. Shi
 , Science 344, 691 (2014).
 [OpenUrl][11][FREE Full Text][12]

4. [↵][13]1. Y. Wei
 , “The land defense campaign introduces the Law on Soil Pollution Prevention and Control and sets up funding for soil prevention,” The 21st Century Business Herald (2018); [in Chinese].
 

5. [↵][14]Xinhuanet, “The Law on Soil Pollution Prevention and Control of the P.R. China,” [Xinhua.net][15] (2018); [www.xinhuanet.com/2018-09/01/c_129944871.htm][16] [in Chinese].

 [1]: #ref-1
 [2]: #ref-2
 [3]: #ref-3
 [4]: #ref-4
 [5]: #ref-5
 [6]: #xref-ref-1-1 View reference 1 in text
 [7]: #xref-ref-2-1 View reference 2 in text
 [8]: {openurl}?query=rft.jtitle%253DScience%26rft.stitle%253DScience%26rft.aulast%253DWang%26rft.auinit1%253DJ.%26rft.volume%253D354%26rft.issue%253D6312%26rft.spage%253D562%26rft.epage%253D562%26rft.atitle%253DProtecting%2BChina%2527s%2Bsoil%2Bby%2Blaw%26rft_id%253Dinfo%253Adoi%252F10.1126%252Fscience.aal1847%26rft_id%253Dinfo%253Apmid%252F27811263%26rft.genre%253Darticle%26rft_val_fmt%253Dinfo%253Aofi%252Ffmt%253Akev%253Amtx%253Ajournal%26ctx_ver%253DZ39.88-2004%26url_ver%253DZ39.88-2004%26url_ctx_fmt%253Dinfo%253Aofi%252Ffmt%253Akev%253Amtx%253Actx
 [9]: /lookup/ijlink/YTozOntzOjQ6InBhdGgiO3M6MTQ6Ii9sb29rdXAvaWpsaW5rIjtzOjU6InF1ZXJ5IjthOjQ6e3M6ODoibGlua1R5cGUiO3M6NDoiRlVMTCI7czoxMToiam91cm5hbENvZGUiO3M6Mzoic2NpIjtzOjU6InJlc2lkIjtzOjE0OiIzNTQvNjMxMi81NjItYiI7czo0OiJhdG9tIjtzOjIyOiIvc2NpLzM2Mi82NDEyLzI5OC5hdG9tIjt9czo4OiJmcmFnbWVudCI7czowOiIiO30=
 [10]: #xref-ref-3-1 View reference 3 in text
 [11]: {openurl}?query=rft.jtitle%253DScience%26rft.stitle%253DScience%26rft.aulast%253DChen%26rft.auinit1%253DR.%26rft.volume%253D344%26rft.issue%253D6185%26rft.spage%253D691%26rft.epage%253D691%26rft.atitle%253DChina%2527s%2BSoil%2BPollution%253A%2BFarms%2Bon%2Bthe%2BFrontline%26rft_id%253Dinfo%253Adoi%252F10.1126%252Fscience.344.6185.691-a%26rft_id%253Dinfo%253Apmid%252F24833373%26rft.genre%253Darticle%26rft_val_fmt%253Dinfo%253Aofi%252Ffmt%253Akev%253Amtx%253Ajournal%26ctx_ver%253DZ39.88-2004%26url_ver%253DZ39.88-2004%26url_ctx_fmt%253Dinfo%253Aofi%252Ffmt%253Akev%253Amtx%253Actx
 [12]: /lookup/ijlink/YTozOntzOjQ6InBhdGgiO3M6MTQ6Ii9sb29rdXAvaWpsaW5rIjtzOjU6InF1ZXJ5IjthOjQ6e3M6ODoibGlua1R5cGUiO3M6NDoiRlVMTCI7czoxMToiam91cm5hbENvZGUiO3M6Mzoic2NpIjtzOjU6InJlc2lkIjtzOjE0OiIzNDQvNjE4NS82OTEtYSI7czo0OiJhdG9tIjtzOjIyOiIvc2NpLzM2Mi82NDEyLzI5OC5hdG9tIjt9czo4OiJmcmFnbWVudCI7czowOiIiO30=
 [13]: #xref-ref-4-1 View reference 4 in text
 [14]: #xref-ref-5-1 View reference 5 in text
 [15]: http://Xinhua.net
 [16]: http://www.xinhuanet.com/2018-09/01/c_129944871.htm",https://doi.org/10.1126/science.aav4061,Yang Zhou; Yansui Liu,2018-10-18,2018,article,30,https://openalex.org/W2896725507,https://openalex.org/W2896725507,China,532,positive,0.7
Science,China fosters competition in its race to exascale computing,Three teams are developing prototypes using Chinese chips.,https://doi.org/10.1126/science.362.6413.384,Dennis Normile,2018-10-26,2018,article,0,https://openalex.org/W2898439942,https://openalex.org/W2898439942,China,533,positive,0.85
Science,Improve traffic death statistics in China,,https://doi.org/10.1126/science.aav5117,Helai Huang; Fangrong Chang; David C. Schwebel; Peishan Ning; Peixia Cheng; Guoqing Hu,2018-11-08,2018,article,19,https://openalex.org/W2900142189,https://openalex.org/W2900142189,China,534,positive,0.7
Science,Reform and cooperation in China,"Since it was established as a science funding organization in 1986, the National Natural Science Foundation of China (NSFC) has seen its annual budget grow from CNY 80 million to 28.04 billion in 2018, as China underwent rapid transformation and became a global player in research. Now under the new leadership of President Li Jinghai, the NSFC has engaged in consultations about its future. To promote international dialogue, the NSFC convened representatives from 15 funding agencies around Europe to solicit feedback on proposed reforms. This September meeting in Paris marked a first major step by the NSFC to align its new strategies and policies with those of international partners and demonstrate its commitment to cooperation.",https://doi.org/10.1126/science.aav9737,Manfred Horvat,2018-11-15,2018,article,4,https://openalex.org/W2901878076,https://openalex.org/W2901878076,China,535,neutral,0.9
Science,China unveils design for $5 billion particle smasher,,https://doi.org/10.1126/science.aaw0941,Dennis Normile,2018-11-16,2018,article,0,https://openalex.org/W2901554103,https://openalex.org/W2901554103,China,536,neutral,0.9
Science,China sets out for the far side of the moon,,https://doi.org/10.1126/science.aaw2230,Dennis Normile,2018-11-29,2018,article,0,https://openalex.org/W4252780532,https://openalex.org/W4252780532,China,537,positive,0.9
Science,China sets out for the far side of the moon,Latest mission in ambitious program is a boon for lunar geology and radio astronomy.,https://doi.org/10.1126/science.362.6418.982,Dennis Normile,2018-11-30,2018,article,1,https://openalex.org/W2902165217,https://openalex.org/W2902165217,China,538,neutral,0.9
Science,"For China, a CRISPR first goes too far",Scientists and ethicists call for strengthened oversight in wake of He Jankui's announcement.,https://doi.org/10.1126/science.362.6419.1091,Dennis Normile,2018-12-07,2018,article,7,https://openalex.org/W2902952554,https://openalex.org/W2902952554,China,539,negative,0.9
Science,China's reopened rhino horn trade,"On 29 October, China revoked its 1993 rhino horn trade ban (1) and reopened its domestic rhino horn trade under two conditions: Horns must be sourced sustainably, and the use of the horns must be limited to traditional Chinese medicine (TCM), medical research, the preservation of antique cultural artifacts, and educational materials (2). This policy reversal could have substantial consequences for rhino conservation. State agencies are working to determine regulatory details such as product certification and enforcement infrastructure. African and Asian rhino range states and conservationists should work with Beijing on the implementation of this directive to minimize risks and maximize conservation gains (3).",https://doi.org/10.1126/science.aav9392,Hubert Cheung; Yifu Wang; Duan Biggs,2018-12-20,2018,article,18,https://openalex.org/W2905056530,https://openalex.org/W2905056530,China,540,negative,0.9
Science,Saving China's onager,,https://doi.org/10.1126/science.aaw2940,Yougong Li; Ming Chen; Jilai Gong; Guangming Zeng,2019-02-15,2019,article,0,https://openalex.org/W2914772487,https://openalex.org/W2914772487,China,541,positive,0.9
Science,"China tightens its regulation of some human gene editing, labeling it ‘high-risk’",,https://doi.org/10.1126/science.aax1851,Dennis Normile,2019-02-28,2019,article,2,https://openalex.org/W2918412858,https://openalex.org/W2918412858,China,542,neutral,0.85
Science,China tightens rules on gene editing,Move is response to CRISPR-altered babies.,https://doi.org/10.1126/science.363.6431.1023-b,Dennis Normile,2019-03-08,2019,article,8,https://openalex.org/W2921856040,https://openalex.org/W2921856040,China,543,neutral,0.8
Science,The Qingjiang biota—A Burgess Shale–type fossil Lagerstätte from the early Cambrian of South China,"Burgess Shale-type fossil Lagerstätten provide the best evidence for deciphering the biotic patterns and magnitude of the Cambrian explosion. Here, we report a Lagerstätte from South China, the Qingjiang biota (~518 million years old), which is dominated by soft-bodied taxa from a distal shelf setting. The Qingjiang biota is distinguished by pristine carbonaceous preservation of labile organic features, a very high proportion of new taxa (~53%), and preliminary taxonomic diversity that suggests it could rival the Chengjiang and Burgess Shale biotas. Defining aspects of the Qingjiang biota include a high abundance of cnidarians, including both medusoid and polypoid forms; new taxa resembling extant kinorhynchs; and abundant larval or juvenile forms. This distinctive composition holds promise for providing insights into the evolution of Cambrian ecosystems across environmental gradients.",https://doi.org/10.1126/science.aau8800,Dongjing Fu; Guanghui Tong; Tao Dai; Wei Liu; Yuning Yang; Yuan Zhang; Linhao Cui; Luoyang Li; Hao Yun; Yu Wu; Ao Sun; Cong Liu; Wenrui Pei; Robert R. Gaines; Xingliang Zhang,2019-03-21,2019,article,203,https://openalex.org/W2923733494,https://openalex.org/W2923733494,China,544,neutral,0.9
Science,Rogue ozone-destroying emissions traced to northeastern China,,https://doi.org/10.1126/science.aay1333,Dennis Normile,2019-05-22,2019,article,22,https://openalex.org/W2945564623,https://openalex.org/W2945564623,China,545,negative,0.9
Science,HIV upsurge in China's students,"Thirty years ago, China experienced its first indigenous HIV/AIDS cases. Since then, HIV has spread from drug users and blood transfusion recipients to the general urban population, mainly through sexual routes. Particularly worrisome is the recent increase of HIV infection among college students, according to the Chinese Center for Disease Control and Prevention (CDC). The number of newly diagnosed college students has seen an annual growth rate ranging from 30 to 50% over the past several years. A proactive approach is required to spread public awareness of this trend and to promote aggressive prevention and treatment measures.",https://doi.org/10.1126/science.aay0799,Guanqiao Li; Yan Jiang; Linqi Zhang,2019-05-23,2019,article,135,https://openalex.org/W2945678585,https://openalex.org/W2945678585,China,546,negative,0.95
Science,Terminated Emory researcher disputes university’s allegations about China ties,,https://doi.org/10.1126/science.aay1609,Jon Cohen,2019-05-24,2019,article,0,https://openalex.org/W2945866455,https://openalex.org/W2945866455,China,547,negative,0.8
Science,Former Los Alamos physicist denies federal charges he lied about China ties,,https://doi.org/10.1126/science.aay1973,David Malakoff,2019-05-28,2019,article,1,https://openalex.org/W2947212280,https://openalex.org/W2947212280,China,548,negative,0.8
Science,China's dams threaten green peafowl,,https://doi.org/10.1126/science.aax4779,Wangwang Tang; Xiangxi Wang; Ming Yan; Guangming Zeng; Jie Liang,2019-06-06,2019,article,12,https://openalex.org/W2948117987,https://openalex.org/W2948117987,China,549,negative,0.95
Science,Oldest evidence of marijuana use discovered in 2500-year-old cemetery in peaks of western China,,https://doi.org/10.1126/science.aay3693,Andrew Lawler,2019-06-12,2019,article,2,https://openalex.org/W2949703164,https://openalex.org/W2949703164,China,550,neutral,0.95
Science,Hong Kong researchers forge ties with mainland China even as protesters fight for autonomy,,https://doi.org/10.1126/science.aay4364,Dennis Normile,2019-06-18,2019,article,1,https://openalex.org/W2951642221,https://openalex.org/W2951642221,China,551,neutral,0.6
Science,China's ineffective plastic solution to haze,,https://doi.org/10.1126/science.aax5674,Xueqiang Lu; Rolf D. Vogt; Haixiao Li; Suqin Han; Xunqiang Mo; Yufen Zhang; Sami Ullah; Chen Chen; Xiaoxin Han; Hongyuan Li; Hans M. Seip,2019-06-20,2019,article,21,https://openalex.org/W2952527298,https://openalex.org/W2952527298,China,552,negative,0.95
Science,China's highways threaten wild camels,,https://doi.org/10.1126/science.aay1264,H. J. Yang; Qizi Fu; Dongbo Wang; Xuran Liu; Qiuxiang Xu,2019-06-27,2019,article,5,https://openalex.org/W2953462770,https://openalex.org/W2953462770,China,553,negative,0.95
Science,China’s present and future lunar exploration program,"Since the beginning of the 21st century, the pace of lunar exploration has accelerated, with more than a dozen probes having undertaken scientific exploration of the Moon. Prominent among these have been the robotic ""Chang'E"" (CE) missions of the China Lunar Exploration Program (CLEP). We discuss technological and scientific goals and achievements for the four completed, and four planned, CE missions, and longer-term goals and plans of the CLEP beyond the CE missions. The exploration plan is flexible and iterative, with an emphasis on international cooperation.",https://doi.org/10.1126/science.aax9908,Chunlai Li; Chi Wang; Yong Wei; Yangting Lin,2019-07-18,2019,article,258,https://openalex.org/W2958492081,https://openalex.org/W2958492081,China,554,neutral,0.95
Science,China's early warning system progress,,https://doi.org/10.1126/science.aay4550,Jian Ji; Yufeng Gao; Qing Lü; Zhijun Wu; Weijie Zhang; Chunshun Zhang,2019-07-25,2019,article,35,https://openalex.org/W2964336948,https://openalex.org/W2964336948,China,555,neutral,0.9
Science,"To feed its 1.4 billion, China bets big on genome editing of crops",,https://doi.org/10.1126/science.aay8951,Jon Cohen,2019-07-29,2019,article,19,https://openalex.org/W2965630423,https://openalex.org/W2965630423,China,556,positive,0.85
Science,"China’s scientists alarmed, bewildered by growing anti-Chinese sentiment in the United States",,https://doi.org/10.1126/science.aay9533,Dennis Normile,2019-07-31,2019,article,3,https://openalex.org/W2965298951,https://openalex.org/W2965298951,China,557,negative,0.95
Science,China's CRISPR revolution,"Editing of plant, animal, and human genomes has never been easier, as this country's scientists are rapidly demonstrating.",https://doi.org/10.1126/science.365.6452.420,Jon Cohen,2019-08-01,2019,article,10,https://openalex.org/W2965184692,https://openalex.org/W2965184692,China,558,positive,0.9
Science,"Top stories: The untold story of 2018’s CRISPR babies, China’s gene-edited crops, and new exoplanets",,https://doi.org/10.1126/science.aay9853,Eva Frederick,2019-08-02,2019,article,0,https://openalex.org/W2966130090,https://openalex.org/W2966130090,China,559,neutral,0.9
Science,U.S. groups urge restraint in investigating academic espionage by China,,https://doi.org/10.1126/science.aaz0984,Jeffrey Mervis,2019-08-12,2019,article,0,https://openalex.org/W2967978692,https://openalex.org/W2967978692,China,560,neutral,0.6
Science,Save China's yellow-breasted bunting,,https://doi.org/10.1126/science.aay6909,Yali Wang; Wenjing Xue; Hongjie Wang,2019-08-15,2019,article,2,https://openalex.org/W2967795041,https://openalex.org/W2967795041,China,561,positive,0.8
Science,When Europeans do science in China,,https://doi.org/10.1126/science.aaz4563,Jeffrey Mervis,2019-09-11,2019,article,3,https://openalex.org/W2972674834,https://openalex.org/W2972674834,China,562,neutral,0.8
Science,‘There’s no hope for the rest of us.’ Uyghur scientists swept up in China’s massive detentions,,https://doi.org/10.1126/science.aaz7812,Catherine Matacic,2019-10-10,2019,article,1,https://openalex.org/W2980243100,https://openalex.org/W2980243100,China,563,negative,0.97
Science,Indian government tightens rules on academic collaboration with China,,https://doi.org/10.1126/science.aaz8953,Sanjay Kumar,2019-10-17,2019,article,5,https://openalex.org/W2981201220,https://openalex.org/W2981201220,China,564,negative,0.7
Science,Alzheimer’s experts greet China’s surprise approval of a drug for brain disease with hope and caution,,https://doi.org/10.1126/science.aba1117,Kelly Servick,2019-11-05,2019,article,6,https://openalex.org/W2984318880,https://openalex.org/W2984318880,China,565,positive,0.6
Science,China's key role in scaling low-carbon energy technologies,Meeting the Paris goals will require collaboration with China,https://doi.org/10.1126/science.aaz1014,John Paul Helveston; Jonas Nahm,2019-11-14,2019,article,94,https://openalex.org/W2988158590,https://openalex.org/W2988158590,China,566,positive,0.9
Science,Novel human virus? Pneumonia cases linked to seafood market in China stir concern,,https://doi.org/10.1126/science.aba7672,Dennis Normile,2020-01-03,2020,article,16,https://openalex.org/W2997906430,https://openalex.org/W2997906430,China,567,negative,0.9
Science,China delivers verdict on gene editing of babies,"He Jiankui gets prison sentence, but legal proceedings fail to satisfy calls for transparency.",https://doi.org/10.1126/science.367.6474.130,Jon Cohen; Dennis Normille,2020-01-10,2020,article,6,https://openalex.org/W3000741958,https://openalex.org/W3000741958,China,568,neutral,0.9
Science,"Watch Russia, China, United States race to deploy ‘blazingly fast’ hypersonic weapons",,https://doi.org/10.1126/science.aba8434,Joel E. Goldberg,2020-01-10,2020,article,0,https://openalex.org/W3000475339,https://openalex.org/W3000475339,China,569,neutral,0.9
Science,World on alert for potential spread of new SARS-like virus found in China,,https://doi.org/10.1126/science.aba9012,Jon Cohen,2020-01-14,2020,article,5,https://openalex.org/W2999350354,https://openalex.org/W2999350354,China,570,negative,0.9
Science,China's dams isolate Asian elephants,,https://doi.org/10.1126/science.aba5991,Zhihong Wang; Zhengling Li; Yongjing Tang; Chongxue Yao; Yü Liu; Guilian Jiang; Fang Wang; Liang Liang; Wenlan Zhao; Gaofan Zhu; Mingyong Chen,2020-01-24,2020,article,13,https://openalex.org/W3002946723,https://openalex.org/W3002946723,China,571,negative,0.9
Science,Time to update China's panda loan terms,,https://doi.org/10.1126/science.aba3948,Qi Yan; Yunhong Hu; Ben Haobin Ye,2020-01-24,2020,article,5,https://openalex.org/W3001465887,https://openalex.org/W3001465887,China,572,neutral,0.7
Science,Florida center details fired scientists' links to China,Report finds six cancer researchers didn't disclose Thousand Talents deals.,https://doi.org/10.1126/science.367.6476.351,Jeffrey Mervis,2020-01-24,2020,article,1,https://openalex.org/W3003028519,https://openalex.org/W3003028519,China,573,negative,0.8
Science,Animal rights conflict prompts leading researcher to leave Germany for China,,https://doi.org/10.1126/science.abb0626,Gretchen Vogel,2020-01-27,2020,article,1,https://openalex.org/W3004031565,https://openalex.org/W3004031565,China,574,negative,0.85
Science,United States charges prominent Harvard chemist with failing to disclose China ties,,https://doi.org/10.1126/science.abb0774,Science Staff,2020-01-28,2020,article,0,https://openalex.org/W4251645112,https://openalex.org/W4251645112,China,575,negative,0.9
Science,Outbreak of virus from China declared global emergency,,https://doi.org/10.1126/science.abb1079,Kai Kupferschmidt,2020-01-30,2020,article,7,https://openalex.org/W3003491133,https://openalex.org/W3003491133,China,576,negative,0.95
Science,Monkey facility in China lures neuroscientist,Animal rights conflict spurs move of major German lab.,https://doi.org/10.1126/science.367.6477.496-b,Gretchen Vogel,2020-01-31,2020,article,4,https://openalex.org/W3004259034,https://openalex.org/W3004259034,China,577,neutral,0.7
Science,U.S. prosecutor leading China probe explains effort that led to charges against Harvard chemist,,https://doi.org/10.1126/science.abb1489,Jeffrey Mervis,2020-02-03,2020,article,0,https://openalex.org/W3004783896,https://openalex.org/W3004783896,China,578,neutral,0.9
Science,Ex-Emory scientist with ties to China charged with fraud,,https://doi.org/10.1126/science.abb1827,Jeffrey Mervis,2020-02-05,2020,article,0,https://openalex.org/W3005087130,https://openalex.org/W3005087130,China,579,negative,0.9
Science,Prosecutor details China probe that snared chemist,"Department of Justice initiative aims to counter ""corrupting"" influence of foreign money on scientists.",https://doi.org/10.1126/science.367.6478.614,Jeffrey Mervis,2020-02-07,2020,article,1,https://openalex.org/W3005354350,https://openalex.org/W3005354350,China,580,negative,0.7
Science,U.S. attorneys warn of upcoming ‘spike’ in prosecutions related to China ties,,https://doi.org/10.1126/science.abb2156,Catherine Matacic,2020-02-07,2020,article,1,https://openalex.org/W3004716669,https://openalex.org/W3004716669,China,581,neutral,0.6
Science,China’s aggressive measures have slowed the coronavirus. They may not work in other countries,,https://doi.org/10.1126/science.abb5426,Kai Kupferschmidt,2020-03-02,2020,article,60,https://openalex.org/W3009250718,https://openalex.org/W3009250718,China,582,neutral,0.7
Science,Can China's COVID-19 strategy work elsewhere?,"Rapid decline in cases is real, expert mission concludes—but it came at a high cost.",https://doi.org/10.1126/science.367.6482.1061,Kai Kupferschmidt; Jon Cohen,2020-03-06,2020,article,302,https://openalex.org/W3010308535,https://openalex.org/W3010308535,China,583,neutral,0.9
Science,"Quarantined at home now, U.S. scientist describes his visit to China’s hot zone","On 13 February, Clifford Lane went to a Washington, D C –area airport to catch a flight to Japan, where he would help launch a study of an experimental drug, remdesivir, against coronavirus disease 2019 (COVID-19) Lane is a deputy director at the U S National Institute of Allergy and Infectious Diseases and a right-hand man to Anthony Fauci, head of NIAID and the top research scientist in the country advising the White House on the outbreak of the virus As Lane waited to board his plane, he was told that his final destination had changed “I get an email, ‘You need to go to China ’ It’s like, are you kidding?” Lane had been selected as one of two U S scientists to join a World Health Organization team of 13 international researchers who would tour five different cities with 12 Chinese colleagues to get a firsthand look at the coronavirus epidemic there The joint mission, which ran from 16–23 February led to a report that offered more details about the clinical course of COVID-19 and the epidemiology in China than had appeared anywhere before",https://doi.org/10.1126/science.abb6154,Jon Cohen,2020-03-06,2020,article,0,https://openalex.org/W3009788354,https://openalex.org/W3009788354,China,584,neutral,0.6
Science,The effect of human mobility and control measures on the COVID-19 epidemic in China,"The ongoing coronavirus disease 2019 (COVID-19) outbreak expanded rapidly throughout China. Major behavioral, clinical, and state interventions were undertaken to mitigate the epidemic and prevent the persistence of the virus in human populations in China and worldwide. It remains unclear how these unprecedented interventions, including travel restrictions, affected COVID-19 spread in China. We used real-time mobility data from Wuhan and detailed case data including travel history to elucidate the role of case importation in transmission in cities across China and to ascertain the impact of control measures. Early on, the spatial distribution of COVID-19 cases in China was explained well by human mobility data. After the implementation of control measures, this correlation dropped and growth rates became negative in most locations, although shifts in the demographics of reported cases were still indicative of local chains of transmission outside of Wuhan. This study shows that the drastic control measures implemented in China substantially mitigated the spread of COVID-19.",https://doi.org/10.1126/science.abb4218,Moritz U. G. Kraemer; Chia-Hung Yang; Bernardo Gutiérrez; Chieh‐Hsi Wu; Brennan Klein; David M. Pigott; Open COVID-19 Data Working Group; Louis du Plessis; Nuno R. Faria; Ruoran Li; William P. Hanage; John S. Brownstein; Maylis Layan; Alessandro Vespignani; Huaiyu Tian; Christopher Dye; Oliver G. Pybus; Samuel V. Scarpino,2020-03-25,2020,article,3123,https://openalex.org/W3013594674,https://openalex.org/W3013594674,China,585,neutral,0.95
Science,COVID-19 drives new threat to bats in China,"In China, bats are traditionally symbols of good luck and happiness (1). There are more than 1400 species of bats worldwide, but more than half of them have unknown or decreasing population trends (2). Unfortunately, the suggestion that coronavirus disease 2019 (COVID-19) may have originated in bats (3) is putting them at increased risk.",https://doi.org/10.1126/science.abb3088,Huabin Zhao,2020-03-26,2020,article,92,https://openalex.org/W3013831298,https://openalex.org/W3013831298,China,586,negative,0.9
Science,An investigation of transmission control measures during the first 50 days of the COVID-19 epidemic in China,"Responding to an outbreak of a novel coronavirus [agent of coronavirus disease 2019 (COVID-19)] in December 2019, China banned travel to and from Wuhan city on 23 January 2020 and implemented a national emergency response. We investigated the spread and control of COVID-19 using a data set that included case reports, human movement, and public health interventions. The Wuhan shutdown was associated with the delayed arrival of COVID-19 in other cities by 2.91 days. Cities that implemented control measures preemptively reported fewer cases on average (13.0) in the first week of their outbreaks compared with cities that started control later (20.6). Suspending intracity public transport, closing entertainment venues, and banning public gatherings were associated with reductions in case incidence. The national emergency response appears to have delayed the growth and limited the size of the COVID-19 epidemic in China, averting hundreds of thousands of cases by 19 February (day 50).",https://doi.org/10.1126/science.abb6105,Huaiyu Tian; Yonghong Liu; Yidan Li; Chieh‐Hsi Wu; Бин Чэн; Moritz U. G. Kraemer; Bingying Li; Jun Cai; Bo Xu; Qiqi Yang; Ben Wang; Peng Yang; Yujun Cui; Yimeng Song; Pai Zheng; Quanyi Wang; Ottar N. Bjørnstad; Ruifu Yang; Bryan T. Grenfell; Oliver G. Pybus; Christopher Dye,2020-03-31,2020,article,2145,https://openalex.org/W3013188135,https://openalex.org/W3013188135,China,587,neutral,0.9
Science,"As normalcy returns, can China keep COVID-19 at bay?","Infected travelers pose a continuing threat, but local coronavirus transmission still occurs as well.",https://doi.org/10.1126/science.368.6486.18,Dennis Normile,2020-04-02,2020,article,21,https://openalex.org/W3014683563,https://openalex.org/W3014683563,China,588,neutral,0.85
Science,Effective containment explains subexponential growth in recent confirmed COVID-19 cases in China,"The recent outbreak of coronavirus disease 2019 (COVID-19) in mainland China was characterized by a distinctive subexponential increase of confirmed cases during the early phase of the epidemic, contrasting with an initial exponential growth expected for an unconstrained outbreak. We show that this effect can be explained as a direct consequence of containment policies that effectively deplete the susceptible population. To this end, we introduce a parsimonious model that captures both quarantine of symptomatic infected individuals, as well as population-wide isolation practices in response to containment policies or behavioral changes, and show that the model captures the observed growth behavior accurately. The insights provided here may aid the careful implementation of containment strategies for ongoing secondary outbreaks of COVID-19 or similar future outbreaks of other emergent infectious diseases.",https://doi.org/10.1126/science.abb4557,Benjamin F. Maier; Dirk Brockmann,2020-04-08,2020,article,975,https://openalex.org/W3014866318,https://openalex.org/W3014866318,China,589,positive,0.7
Science,Changes in contact patterns shape the dynamics of the COVID-19 outbreak in China,"Intense nonpharmaceutical interventions were put in place in China to stop transmission of the novel coronavirus disease 2019 (COVID-19). As transmission intensifies in other countries, the interplay between age, contact patterns, social distancing, susceptibility to infection, and COVID-19 dynamics remains unclear. To answer these questions, we analyze contact survey data for Wuhan and Shanghai before and during the outbreak and contact-tracing information from Hunan province. Daily contacts were reduced seven- to eightfold during the COVID-19 social distancing period, with most interactions restricted to the household. We find that children 0 to 14 years of age are less susceptible to severe acute respiratory syndrome coronavirus 2 (SARS-CoV-2) infection than adults 15 to 64 years of age (odds ratio 0.34, 95% confidence interval 0.24 to 0.49), whereas individuals more than 65 years of age are more susceptible to infection (odds ratio 1.47, 95% confidence interval 1.12 to 1.92). Based on these data, we built a transmission model to study the impact of social distancing and school closure on transmission. We find that social distancing alone, as implemented in China during the outbreak, is sufficient to control COVID-19. Although proactive school closures cannot interrupt transmission on their own, they can reduce peak incidence by 40 to 60% and delay the epidemic.",https://doi.org/10.1126/science.abb8001,Juanjuan Zhang; Maria Litvinova; Yuxia Liang; Yan Wang; Wei Wang; Shanlu Zhao; Qianhui Wu; Stefano Merler; Cécile Viboud; Alessandro Vespignani; Marco Ajelli; Hongjie Yu,2020-04-29,2020,article,1345,https://openalex.org/W3021923959,https://openalex.org/W3021923959,China,590,neutral,0.95
Science,Pressure grows on China for independent investigation into pandemic’s origins,,https://doi.org/10.1126/science.abc6174,Science Staff,2020-05-04,2020,article,2,https://openalex.org/W4243877588,https://openalex.org/W4243877588,China,591,negative,0.9
Science,Fired Emory University neuroscientist with ties to China sentenced on tax charge,,https://doi.org/10.1126/science.abc7680,Jeffrey Mervis,2020-05-12,2020,article,2,https://openalex.org/W3024010396,https://openalex.org/W3024010396,China,592,negative,0.9
Science,Ancient DNA indicates human population shifts and admixture in northern and southern China,"Human genetic history in East Asia is poorly understood. To clarify population relationships, we obtained genome-wide data from 26 ancient individuals from northern and southern East Asia spanning 9500 to 300 years ago. Genetic differentiation in this region was higher in the past than the present, which reflects a major episode of admixture involving northern East Asian ancestry spreading across southern East Asia after the Neolithic, thereby transforming the genetic ancestry of southern China. Mainland southern East Asian and Taiwan Strait island samples from the Neolithic show clear connections with modern and ancient individuals with Austronesian-related ancestry, which supports an origin in southern China for proto-Austronesians. Connections among Neolithic coastal groups from Siberia and Japan to Vietnam indicate that migration and gene flow played an important role in the prehistory of coastal Asia.",https://doi.org/10.1126/science.aba0909,Melinda A. Yang; Xuechun Fan; Bo Sun; Chung‐Yu Chen; Jianfeng Lang; Ying‐Chin Ko; Cheng-hwa Tsang; H.-L. Chiu; Tianyi Wang; Qingchuan Bao; Xiaohong Wu; Mateja Hajdinjak; Albert Min‐Shan Ko; Manyu Ding; Peng Cao; Ruowei Yang; Feng Liu; Birgit Nickel; Qingyan Dai; Xiaotian Feng; Lizhao Zhang; Chengkai Sun; Chao Ning; Wen Zeng; Yongsheng Zhao; Ming Zhang; Xing Gao; Yinqiu Cui; David Reich; Mark Stoneking; Qiaomei Fu,2020-05-14,2020,article,498,https://openalex.org/W3025183036,https://openalex.org/W3025183036,China,593,neutral,0.95
Science,China's wild turtles at risk of extinction,,https://doi.org/10.1126/science.abc0997,Jun Wu; Yanqing Wu; Dingqi Rao; Ting Zhou; Shiping Gong,2020-05-21,2020,article,14,https://openalex.org/W3026616290,https://openalex.org/W3026616290,China,594,negative,0.95
Science,‘The house was on fire.’ Top Chinese virologist on how China and U.S. have met the pandemic,,https://doi.org/10.1126/science.abc9534,Jon Cohen,2020-05-22,2020,article,2,https://openalex.org/W3026744893,https://openalex.org/W3026744893,China,595,negative,0.7
Science,Cetaceans under threat in South China Sea,"Species diversity and spatiotemporal patterns based on cetacean stranding records in China, 1950–2018,",https://doi.org/10.1126/science.abc7557,Songhai Li; Mingli Lin; Francesco Caruso; Lijun Dong; Wenzhi Lin; Massimiliano Rosso; Alessandro Bocconcelli,2020-06-04,2020,article,26,https://openalex.org/W3033846618,https://openalex.org/W3033846618,China,596,negative,0.95
Science,Unexpected air pollution with marked emission reductions during the COVID-19 outbreak in China,"The absence of motor vehicle traffic and suspended manufacturing during the coronavirus disease 2019 (COVID-19) pandemic in China enabled assessment of the efficiency of air pollution mitigation. Up to 90% reduction of certain emissions during the city-lockdown period can be identified from satellite and ground-based observations. Unexpectedly, extreme particulate matter levels simultaneously occurred in northern China. Our synergistic observation analyses and model simulations show that anomalously high humidity promoted aerosol heterogeneous chemistry, along with stagnant airflow and uninterrupted emissions from power plants and petrochemical facilities, contributing to severe haze formation. Also, because of nonlinear production chemistry and titration of ozone in winter, reduced nitrogen oxides resulted in ozone enhancement in urban areas, further increasing the atmospheric oxidizing capacity and facilitating secondary aerosol formation.",https://doi.org/10.1126/science.abb7431,Tianhao Le; Yuan Wang; Lang Liu; Jiani Yang; Yuk L. Yung; Guohui Li; John H. Seinfeld,2020-06-17,2020,article,992,https://openalex.org/W3035769787,https://openalex.org/W3035769787,China,597,neutral,0.8
Science,Mars mission would put China among space leaders,"Tianwen-1, a ""quest for heavenly truth,"" aims for an orbiter-lander-rover trifecta.",https://doi.org/10.1126/science.368.6498.1420,Dennis Normile,2020-06-25,2020,article,5,https://openalex.org/W3037834025,https://openalex.org/W3037834025,China,598,positive,0.9
Science,Mars mission would put China among space leaders,,https://doi.org/10.1126/science.abd5026,Dennis Normile,2020-06-25,2020,article,2,https://openalex.org/W4205645784,https://openalex.org/W4205645784,China,599,positive,0.9
Science,Swine flu strain with human pandemic potential increasingly found in pigs in China,,https://doi.org/10.1126/science.abd5761,Jon Cohen,2020-06-29,2020,article,3,https://openalex.org/W3040257077,https://openalex.org/W3040257077,China,600,negative,0.9
Science,A genetic history of China,"Human Evolution
The history of human movements into and within China has been difficult to determine solely from archaeological investigations or genetic studies of contemporary peoples. Yang et al. sequenced DNA from 26 individuals from 9500 to 300 years ago from locations within China. Analyses of these individuals, along with previously sequenced ancient individuals and present-day genomes representing global populations, show a split between ancient humans in northern and southern China. Neolithic northern Chinese individuals are closest to modern-day East Asians, whereas ancient individuals from southern China are most closely related to modern-day Southeast Asians and show an affinity to modern-day Austronesian populations. These results indicate that there was a southward movement and admixture of peoples during the Neolithic that gave rise to modern-day populations in East Asia.

Science this issue p. [282][1]

 [1]: /lookup/doi/10.1126/science.aba0909",https://doi.org/10.1126/science.369.6501.264-c,Laura M. Zahn,2020-07-16,2020,article,0,https://openalex.org/W3043146901,https://openalex.org/W3043146901,China,601,neutral,0.9
Science,Technology Feature | The road to reducing traffic accidents in China,"Biomarkers for neurological diseases used to be few and far between, but better technology is making it easier for researchers to track brain health by measuring molecules. This means less invasive testing, earlier diagnosis, faster drug development, and—hopefully—more effective treatments.",https://doi.org/10.1126/science.369.6501.338,Sarah O’Meara,2020-07-17,2020,article,4,https://openalex.org/W3042275523,https://openalex.org/W3042275523,China,602,positive,0.8
Science,China and India: Toward a sustainable world,,https://doi.org/10.1126/science.abd4723,Kamaljit S. Bawa; Eben Goodale; Wambura M. Mtemi; Youfang Chen; Ranjit Barthakur; Uromi Manage Goodale; Jianguo Liu; Aiwu Jiang; Christos Mammides; Madhava Meegaskumbura; Maharaj K. Pandit; Kun‐Fang Cao,2020-07-30,2020,article,13,https://openalex.org/W3046637141,https://openalex.org/W3046637141,China,603,neutral,0.6
Science,Former Los Alamos physicist gets probation for failing to disclose China ties,,https://doi.org/10.1126/science.abe8452,Science Staff,2020-09-17,2020,article,1,https://openalex.org/W4232145105,https://openalex.org/W4232145105,China,604,negative,0.9
Science,"Can China, the world’s biggest coal consumer, become carbon neutral by 2060?",,https://doi.org/10.1126/science.abf0377,Dennis Normile,2020-09-29,2020,article,32,https://openalex.org/W3091131214,https://openalex.org/W3091131214,China,605,neutral,0.9
Science,China's bold climate pledge earns praise—but is it feasible?,"Plan to achieve carbon neutrality by 2060 would make China a global leader, but abandoning coal will be hard.",https://doi.org/10.1126/science.370.6512.17,Dennis Normile,2020-10-02,2020,article,98,https://openalex.org/W3090533614,https://openalex.org/W3090533614,China,606,negative,0.6
Science,"China’s rare birds may move north as the climate changes, new data suggest",,https://doi.org/10.1126/science.abf3027,Dennis Normile,2020-10-16,2020,article,0,https://openalex.org/W4232700919,https://openalex.org/W4232700919,China,607,neutral,0.9
Science,China set to bring back first rocks from the Moon in more than 40 years,,https://doi.org/10.1126/science.abf7940,Dennis Normile,2020-11-19,2020,article,1,https://openalex.org/W3109495536,https://openalex.org/W3109495536,China,608,positive,0.95
Science,China set to bring back rocks from the Moon,Chang'e-5's lunar samples could firm up shaky crater count dating system for the rocky planets.,https://doi.org/10.1126/science.370.6519.900,Dennis Normile,2020-11-20,2020,article,2,https://openalex.org/W3106249677,https://openalex.org/W3106249677,China,609,positive,0.9
Science,"Great efficacy claimed for another COVID-19 vaccine, this one from China",,https://doi.org/10.1126/science.abg0891,Jon Cohen,2020-12-09,2020,article,0,https://openalex.org/W3111997617,https://openalex.org/W3111997617,China,610,positive,0.9
Science,China's vaccine gambit,"With its global campaign to test and promote COVID-19 vaccines, China aims to win friends and cut deals.",https://doi.org/10.1126/science.370.6522.1263,Jon Cohen,2020-12-10,2020,article,25,https://openalex.org/W3110871775,https://openalex.org/W3110871775,China,611,neutral,0.6
Science,China launches gamma ray–hunting satellites to trace sources of gravitational waves,,https://doi.org/10.1126/science.abg1057,Dennis Normile,2020-12-10,2020,article,0,https://openalex.org/W3110964272,https://openalex.org/W3110964272,China,612,neutral,0.85
Science,China lands its Moon rocks in Inner Mongolia,,https://doi.org/10.1126/science.abg1989,Paul Voosen,2020-12-16,2020,article,1,https://openalex.org/W3117737486,https://openalex.org/W3117737486,China,613,neutral,0.95
Science,‘It’s crazy.’ Upbeat COVID-19 vaccine news from China and U.K. leaves scientists wanting more details,,https://doi.org/10.1126/science.abg3694,Jon Cohen,2020-12-30,2020,article,1,https://openalex.org/W3119329939,https://openalex.org/W3119329939,China,614,positive,0.85
Science,Third time’s the charm? Brazil scales back efficacy claims for COVID-19 vaccine from China,,https://doi.org/10.1126/science.abg5483,Jon Cohen,2021-01-12,2021,article,8,https://openalex.org/W3119314406,https://openalex.org/W3119314406,China,615,negative,0.8
Science,China is pivotal to the ocean's future,"Since the 1980s, China has developed into the most important player in global capture fisheries; the country now catches about 15% of the global total (1). As scientists and environmental groups called for an end to harmful fishing subsidies (2, 3), China spent US$5.89 billion in 2018—more than twice that of the European Union—on subsidies that increase fisheries capacity (4). However, China has indicated a willingness to make commitments that would move the nation toward a more sustainable path. We call on the country to take these steps. Without China's action, attaining international fisheries sustainability will be unachievable.",https://doi.org/10.1126/science.abf8888,Andrew F. Johnson; Susanna Lidström,2021-01-14,2021,article,0,https://openalex.org/W3119207892,https://openalex.org/W3119207892,China,616,positive,0.9
Science,China can help solve the debt and environmental crises,China could implement debt-for-nature and debt-for-climate swaps to protect the environment and reduce global debt,https://doi.org/10.1126/science.abf4049,B. Alexander Simmons; Rebecca Ray; Hongbo Yang; Kevin P. Gallagher,2021-01-28,2021,article,34,https://openalex.org/W3121163725,https://openalex.org/W3121163725,China,617,positive,0.95
Science,China's turtles need protection in the wild,,https://doi.org/10.1126/science.abg3541,Jian Wang; James F. Parham; Haitao Shi,2021-01-28,2021,article,19,https://openalex.org/W3124918546,https://openalex.org/W3124918546,China,618,neutral,0.7
Science,U.S. scientists want Congress to look into complaints of racial profiling in China Initiative,,https://doi.org/10.1126/science.abg9532,Jeffrey Mervis,2021-02-05,2021,article,2,https://openalex.org/W3126339646,https://openalex.org/W3126339646,China,619,negative,0.9
Science,China’s Tianwen-1 enters Mars orbit,,https://doi.org/10.1126/science.abh0268,Paul Voosen,2021-02-10,2021,article,0,https://openalex.org/W3129881733,https://openalex.org/W3129881733,China,620,neutral,0.9
Science,Reversing extinction in China's Père David's deer,"Pere David's deer (Elaphurus davidianus) became extinct in the wild in China in the late 19th century, but after reintroduction three decades go. The population has grown more than 8000 individuals with at least 2420 living in the wild in China. A successful story.",https://doi.org/10.1126/science.abg6237,Yuanyuan Zhang; Jiade Bai; Annah Lake Zhu; Ruishan Chen; Dayuan Xue; Zhenyu Zhong; Zhibin Cheng,2021-02-11,2021,article,28,https://openalex.org/W3126257306,https://openalex.org/W3126257306,China,621,positive,0.95
Science,A marine biodiversity plan for China and beyond,,https://doi.org/10.1126/science.abg7976,Wenliang Zhou; Meng Wang; Mingpan Huang; Fuwen Wei,2021-02-11,2021,article,14,https://openalex.org/W3128730114,https://openalex.org/W3128730114,China,622,neutral,0.6
Science,Protect and regulate China's oyster resources,"China has at least 30 oyster species, all of which provide valuable ecosystem services. Oysters’ filter feeding habit reduces suspended particles and nutrients. One hectare of oyster reef can clean a volume of water equivalent to nearly 15 Olympic swimming pools daily. Oysters’ excrement can stimulate denitrification by removing nitrogenous organic matter, helping to mitigate eutrophication. Natural oyster reefs provide habitat for many species, enhancing biodiversity and increasing fisheries. Oyster reefs can reduce impacts of waves caused by hurricanes and typhoons, stabilizing shorelines. Despite their ecological importance, 85% of oyster reefs globally have been degraded since the 19th century by overharvesting, coastal development, water pollution, and disease. China’s oyster reefs, especially those in Tianjin and Jiangsu, have been seriously damaged during recent decades. Urgent action by Chinese authorities is required to protect these crucial species.",https://doi.org/10.1126/science.abg8656,Hong Yang; Mingguo Ma; Julian R. Thompson; Roger J. Flower,2021-02-19,2021,article,9,https://openalex.org/W3130418372,https://openalex.org/W3130418372,China,623,neutral,0.8
Science,China's new laws overlook native herpetofauna,,https://doi.org/10.1126/science.abg9978,Kai Wang; Yunke Wu; Zhiyong Yuan,2021-03-05,2021,article,6,https://openalex.org/W3135038035,https://openalex.org/W3135038035,China,624,negative,0.9
Science,Protecting China's finless porpoise,,https://doi.org/10.1126/science.abg9955,Qi Yan; Yunhong Hu,2021-03-05,2021,article,3,https://openalex.org/W3135878204,https://openalex.org/W3135878204,China,625,positive,0.9
Science,China needs better postdoctoral policy,"In December 2020, the Ministry of Human Resources and Social Security of China and the National Postdoctoral Management Committee met to emphasize the importance of training postdoctoral fellows to maintain international competitiveness in science and technology (1). To this end, major cities and well-known universities and institutes in China are increasing recruiting efforts, offering high wages to attract more domestic and international postdocs (2, 3). However, before increasing the number of postdocs in China, the country should formulate more effective policies to protect the interests of postdoctoral fellows.",https://doi.org/10.1126/science.abg6881,Guoqian Yang,2021-03-11,2021,article,1,https://openalex.org/W3135101852,https://openalex.org/W3135101852,China,626,positive,0.7
Science,Seize China's momentum to protect pangolins,"TEST 02 - Elsevier's Scopus, the largest abstract and citation database of peer-reviewed literature. Search and access research from the science, technology, medicine, social sciences and arts and humanities fields.",https://doi.org/10.1126/science.abh3100,Changlei Xia; Su Shiung Lam; Christian Sonne,2021-03-18,2021,article,6,https://openalex.org/W3137011637,https://openalex.org/W3137011637,China,627,positive,0.9
Science,China's scientific treasures tempt foreign collaborators,"Outside researchers are offered telescope time and access to Moon rocks, but some are uneasy about the relationship.",https://doi.org/10.1126/science.372.6537.17,Dennis Normile,2021-04-01,2021,article,3,https://openalex.org/W3149484584,https://openalex.org/W3149484584,China,628,positive,0.9
Science,China’s premier astronomy and planetary resources lure foreign collaborators,,https://doi.org/10.1126/science.abi8046,Dennis Normile,2021-04-01,2021,article,0,https://openalex.org/W3151049622,https://openalex.org/W3151049622,China,629,positive,0.9
Science,Assessing China’s efforts to pursue the 1.5°C warming limit,"Given the increasing interest in keeping global warming below 1.5°C, a key question is what this would mean for China's emission pathway, energy restructuring, and decarbonization. By conducting a multimodel study, we find that the 1.5°C-consistent goal would require China to reduce its carbon emissions and energy consumption by more than 90 and 39%, respectively, compared with the ""no policy"" case. Negative emission technologies play an important role in achieving near-zero emissions, with captured carbon accounting on average for 20% of the total reductions in 2050. Our multimodel comparisons reveal large differences in necessary emission reductions across sectors, whereas what is consistent is that the power sector is required to achieve full decarbonization by 2050. The cross-model averages indicate that China's accumulated policy costs may amount to 2.8 to 5.7% of its gross domestic product by 2050, given the 1.5°C warming limit.",https://doi.org/10.1126/science.aba8767,Hongbo Duan; Sheng Zhou; Kejun Jiang; Christoph Bertram; Mathijs Harmsen; Elmar Kriegler; Detlef P. van Vuuren; Shouyang Wang; Shinichiro Fujimori; Massimo Tavoni; Xi Ming; Kimon Keramidas; Gokul Iyer; Jae Edmonds,2021-04-22,2021,article,522,https://openalex.org/W3153296559,https://openalex.org/W3153296559,China,630,neutral,0.9
Science,China's dhole population at risk of extinction,,https://doi.org/10.1126/science.abi8889,Xiaoyang Wu; Qinguo Wei; Sai Deni; Honghai Zhang,2021-04-29,2021,article,1,https://openalex.org/W3158427802,https://openalex.org/W3158427802,China,631,negative,0.95
Science,"China’s population still growing, census shows—but barely",,https://doi.org/10.1126/science.abj4242,Dennis Normile,2021-05-11,2021,article,1,https://openalex.org/W4236477773,https://openalex.org/W4236477773,China,632,neutral,0.7
Science,"China's population still growing, census shows—but barely","Looming turning point triggers calls to raise retirement ages and create a ""fertility-friendly society.""",https://doi.org/10.1126/science.372.6543.669,Dennis Normile,2021-05-13,2021,article,10,https://openalex.org/W3163436181,https://openalex.org/W3163436181,China,633,neutral,0.6
Science,China overhauls its public health bureaucracy,,https://doi.org/10.1126/science.abj5298,Dennis Normile,2021-05-18,2021,article,0,https://openalex.org/W4239133286,https://openalex.org/W4239133286,China,634,neutral,0.8
Science,China overhauls its public health bureaucracy,Early stumbles in pandemic response prompt new top-level agency to better handle future threats.,https://doi.org/10.1126/science.372.6544.779,Dennis Normile,2021-05-21,2021,article,4,https://openalex.org/W3160779275,https://openalex.org/W3160779275,China,635,neutral,0.9
Science,Stop the decline of China's wild otters,,https://doi.org/10.1126/science.abj2530,Qinguo Wei; Xiaoyang Wu; Xiaodong Gao; Honghai Zhang,2021-05-21,2021,article,0,https://openalex.org/W3162194262,https://openalex.org/W3162194262,China,636,positive,0.85
Science,China's ambitious energy transition plans,"Performance Evaluation of Torrefaction Coupled with a Chemical Looping Gasification Process under Autothermal Conditions: Flexible Syngas Production from Biomass,",https://doi.org/10.1126/science.abj8773,Xunpeng Shi; Yongping Sun; Yifan Shen,2021-07-09,2021,article,55,https://openalex.org/W3180687643,https://openalex.org/W3180687643,China,637,positive,0.9
Science,Save China's blue-crowned laughingthrush,,https://doi.org/10.1126/science.abj4535,Ning Li; Xinglong Huang; Qi Yan; Weiwei Zhang; Zheng Wang,2021-07-09,2021,article,11,https://openalex.org/W3177845163,https://openalex.org/W3177845163,China,638,positive,0.9
Science,WHO chief pressures China on pandemic origin,Agency director calls for lab audits and more studies of how SARS-CoV-2 emerged.,https://doi.org/10.1126/science.373.6553.378,Jon Cohen,2021-07-22,2021,article,1,https://openalex.org/W3186122373,https://openalex.org/W3186122373,China,639,negative,0.8
Science,Mitigate human-wildlife conflict in China,"Since passing a wildlife protection law in 1989, China has made great strides in wildlife conservation (1). Protection in natural habitats, conservation in zoos, and release of captive wildlife back into nature have all facilitated the population growth of species such as the Siberian tiger (Panthera tigris ssp. altaica) and Amur leopard (Panthera pardus orientalis) (2). These animals, in search of additional food and space, enter areas developed by humans, leading to human-wildlife conflicts (3, 4). From the late 1990s through 2010, there were more than 6000 cases of compensation for wildlife damage nationwide (5). Yet, local populations and governments remain unprepared to deal with wildlife in populated areas.",https://doi.org/10.1126/science.abj8766,Duo Yin; Zhenjie Yuan; Jie Li; Hong Zhu,2021-07-29,2021,article,20,https://openalex.org/W3186107539,https://openalex.org/W3186107539,China,640,positive,0.8
Science,China's algal bloom suffocates marine life,"Every summer since 2007, algal blooms have grown in China's Yellow Sea (1). This year, covering about 1746 km2, the bloom is 2.3 times larger than the country's previous record-holding bloom in 2013 (2). Such massive quantities of algae block sunlight from entering the ocean and deplete oxygen levels, suffocating marine life (3). The algae also pose challenges for tourism and marine transport. The city of Qingdao has deployed 12,686 boats to clean the water, collecting 457,700 tons of algae by 12 July (2). The algae are expected to persist until mid-August (4), at enormous economic and biological cost. Mitigating the damage will require regional collaboration.",https://doi.org/10.1126/science.abl5774,Xiaona Guo; Annah Lake Zhu; Ruishan Chen,2021-08-12,2021,article,41,https://openalex.org/W3191492677,https://openalex.org/W3191492677,China,641,negative,0.95
Science,Genetics papers from China face ethical scrutiny,Questions about consent and potential for abuse trigger investigations,https://doi.org/10.1126/science.373.6556.727,Dennis Normile,2021-08-12,2021,article,12,https://openalex.org/W3192212365,https://openalex.org/W3192212365,China,642,negative,0.8
Science,Dire warming report triggers calls for more action from China,Climate advocates want the world’s largest carbon producer to level off emissions soon and aim for “neutrality” by 2050,https://doi.org/10.1126/science.373.6557.842,Lili Pike,2021-08-19,2021,article,6,https://openalex.org/W3194884509,https://openalex.org/W3194884509,China,643,negative,0.8
Science,Preventing urban soil loss in China,,https://doi.org/10.1126/science.abl8918,San’an Nie; Ya-Ping Fang; Shun Li,2021-09-09,2021,article,7,https://openalex.org/W3198815022,https://openalex.org/W3198815022,China,644,neutral,0.8
Science,China’s carbon emissions in Brazil,,https://doi.org/10.1126/science.abl9962,Philip M. Fearnside,2021-09-09,2021,article,2,https://openalex.org/W3196773733,https://openalex.org/W3196773733,China,645,neutral,1.0
Science,U.S. judge acquits researcher charged with hiding China ties,Decision to free former engineering professor Anming Hu could have implications for other China Initiative cases,https://doi.org/10.1126/science.acx9104,Jeffrey Mervis,2021-09-16,2021,article,0,https://openalex.org/W3201518998,https://openalex.org/W3201518998,China,646,positive,0.8
Science,Community stewardship of China’s national parks,"When striving to conserve natural habitats, ensuring that “wilderness” is completely free of human activities is not always the best option. Conservation goals can be achieved by seeking a balance between sustainable community development and nature conservation (1, 2). This strategy has been successful in China, where ethnic minorities live in some of the country’s most vulnerable protected areas.",https://doi.org/10.1126/science.abm2665,Yuyao Feng; Guowen Li; Jianping Li; Xiaolei Sun; Dengsheng Wu,2021-10-14,2021,article,7,https://openalex.org/W3207139094,https://openalex.org/W3207139094,China,647,neutral,0.7
Science,Bird-friendly buildings for China’s cities,,https://doi.org/10.1126/science.abm3221,Hong Yang; Xianjin Huang; Julian R. Thompson; Roger J. Flower,2021-10-15,2021,article,4,https://openalex.org/W3207719238,https://openalex.org/W3207719238,China,648,positive,0.95
Science,China embraces global biodiversity push—cautiously,Xi's silence on 30% set-aside target disappoints advocates.,https://doi.org/10.1126/science.acx9347,Dennis Normile,2021-10-15,2021,article,0,https://openalex.org/W3205069000,https://openalex.org/W3205069000,China,649,positive,0.8
Science,Protect China’s karst cave habitats,,https://doi.org/10.1126/science.abm5389,Yifan Duan; Meng Li; Ke‐Wang Xu; Liang Zhang; Liang Zhang; Li-Bing Zhang; Li-Bing Zhang,2021-11-04,2021,article,25,https://openalex.org/W3210873508,https://openalex.org/W3210873508,China,650,positive,0.8
Science,China Initiative spawns distrust—and activism,Two surveys reveal fallout from U.S. investigations as Chinese faculty form campus groups,https://doi.org/10.1126/science.acx9540,Jeffrey Mervis,2021-11-04,2021,article,1,https://openalex.org/W3210380682,https://openalex.org/W3210380682,China,651,negative,0.8
Science,‘Zero COVID’ is getting harder—but China is sticking with it,Government aims to increase immunity further before relaxing controls and trying to live with the virus,https://doi.org/10.1126/science.acx9657,Dennis Normile,2021-11-18,2021,article,22,https://openalex.org/W3211958684,https://openalex.org/W3211958684,China,652,neutral,0.6
Science,China tightens its grip on Hong Kong universities,"As dissent is stifled, a wave of departures at all levels is “mainlandizing” the higher education system",https://doi.org/10.1126/science.acx9740,Dennis Normile,2021-12-02,2021,article,0,https://openalex.org/W3216059468,https://openalex.org/W3216059468,China,653,negative,0.9
Science,Wastewater: China’s next water source,[Figure: see text].,https://doi.org/10.1126/science.abm6738,Yanxia Zhang; Jiazhen Huo; Xiaojin Zheng,2021-12-09,2021,article,48,https://openalex.org/W4200425573,https://openalex.org/W4200425573,China,654,neutral,0.8
Science,Trial of Harvard chemist poses test for U.S.’s China Initiative,"Prosecution of Charles Lieber “misguided,” critics say",https://doi.org/10.1126/science.acx9784,Jeffrey Mervis,2021-12-09,2021,article,0,https://openalex.org/W4200438078,https://openalex.org/W4200438078,China,655,negative,0.7
Science,What the Lieber verdict means for the China Initiative,Jury finds Harvard University chemist guilty of lying about ties to China,https://doi.org/10.1126/science.acz9929,Jeffrey Mervis,2022-01-06,2022,article,0,https://openalex.org/W4206433423,https://openalex.org/W4206433423,China,656,neutral,0.9
Science,China falls silent about its recruitment efforts,Information about “talent programs” that drew U.S. scrutiny is no longer available,https://doi.org/10.1126/science.ada0235,Dennis Normile,2022-01-20,2022,article,2,https://openalex.org/W4205718259,https://openalex.org/W4205718259,China,657,negative,0.7
Science,China’s seafood imports—Not for domestic consumption?,An estimated 74.9% of China’s seafood imports are reexported,https://doi.org/10.1126/science.abl4756,Frank Asche; Bixuan Yang; Jessica A. Gephart; Martin D. Smith; James L. Anderson; Edward V. Camp; Taryn Garlock; David C. Love; Atle Øglend; Hans‐Martin Straume,2022-01-27,2022,article,107,https://openalex.org/W4210731068,https://openalex.org/W4210731068,China,658,neutral,0.75
Science,Why a high-profile China Initiative case collapsed,U.S. government drops all charges against MIT engineering professor Gang Chen,https://doi.org/10.1126/science.ada0541,Jeffrey Mervis,2022-01-27,2022,article,0,https://openalex.org/W4210660689,https://openalex.org/W4210660689,China,659,neutral,0.8
Science,Plans to protect China’s depleted groundwater,,https://doi.org/10.1126/science.abn8377,Chunmiao Zheng; Zhilin Guo,2022-02-24,2022,article,47,https://openalex.org/W4213454536,https://openalex.org/W4213454536,China,660,positive,0.9
Science,A role for funders in fostering China’s research integrity,"Despite recent progress, challenges remain.",https://doi.org/10.1126/science.abm7992,Li Tang,2022-03-03,2022,article,15,https://openalex.org/W4214887286,https://openalex.org/W4214887286,China,661,neutral,0.9
Science,China quietly plans a pivot from ‘zero COVID’,Scientists are studying how to live with the virus while avoiding a crisis like in Hong Kong.,https://doi.org/10.1126/science.adb1762,Dennis Normile,2022-03-03,2022,article,5,https://openalex.org/W4214851409,https://openalex.org/W4214851409,China,662,neutral,0.7
Science,"New name won’t fix all flaws in China Initiative, critics worry",Justice Department promises tighter focus on preventing espionage and no profiling of Chinese academics.,https://doi.org/10.1126/science.adb1759,Jeffrey Mervis,2022-03-03,2022,article,3,https://openalex.org/W4214908602,https://openalex.org/W4214908602,China,663,negative,0.95
Science,China’s dams threaten the Sichuan taimen,"The Sichuan taimen (Hucho bleekeri), a glacial relict and freshwater salmonid fish endemic to the Yangtze River (1), has been categorized as Critically Endangered on the Red List of the International Union for Conservation of Nature (2) and is listed as an endangered species on China’s Species Red List (3). There are currently between 2000 and 2500 Sichuan taimen individuals, and the population is likely to decrease by more than 20% over the next two generations (2, 4). The species’ decline is the result of habitat loss, overfishing, pollution, and climate change (2, 5–7). The planned construction of the Barra dam now threatens to destroy the Sichuan taimen’s last refuge (8, 9).",https://doi.org/10.1126/science.abo0354,Di Tong,2022-03-03,2022,article,1,https://openalex.org/W4214805650,https://openalex.org/W4214805650,China,664,negative,0.95
Science,China refuses to end harsh lockdowns,"Still not fully prepared for living with the virus, the government is sticking to ""zero COVID"".",https://doi.org/10.1126/science.abq6109,Dennis Normile,2022-04-21,2022,article,7,https://openalex.org/W4224225896,https://openalex.org/W4224225896,China,665,negative,0.9
Science,Math professor’s trial next test of China Initiative,Mingqing Xiao is fighting U.S. charges that he failed to disclose ties to Chinese institutions.,https://doi.org/10.1126/science.abq7233,Jeffrey Mervis,2022-04-28,2022,article,3,https://openalex.org/W4224996783,https://openalex.org/W4224996783,China,666,negative,0.8
Science,Reverse the hidden loss of China’s wetlands,"Reverse the hidden loss of China's wetlands 2022 marks the 30th anniversary of China's accession to the Ramsar Convention, the international treaty for wetland conservation and wise use.News headlines celebrate recent increases in the total area of protected wetlands [e.g., (1)], but focusing on total extent masks decline in specific wetland types.Despite some progress, the degradation of many Chinese wetlands habitats continues.Renewed efforts, supported by more international collaboration, are required to protect the nation's remaining wetland environments.",https://doi.org/10.1126/science.adc8833,Dehua Mao; Hong Yang; Zongming Wang; Kaishan Song; Julian R. Thompson; Roger J. Flower,2022-06-02,2022,article,59,https://openalex.org/W4281843382,https://openalex.org/W4281843382,China,667,positive,0.8
Science,Vaccinate to combat COVID-19 in China,"As W. C. Kirby argues in his Editorial “Zeroing out on zero-COVID” (3 June, p. 1026), the cost of China’s strict zero-COVID policy is enormous. From local to regional to international impacts, this policy is likely to increase unemployment and poverty while further disrupting global supply, communication, and cooperation. China should replace its zero-COVID strategy with a plan to increase vaccination rates. This year marks the largest surge in COVID-19 cases in China since the beginning of the outbreak in 2019 (1). Shanghai was the epicenter of the surge, recording 625,186 positive cases during the city’s strict lockdown from 1 April to 1 June (2). Most cases (90.75%) were asymptomatic, and the death rate was only 0.094% (2). Of the 588 people in Shanghai who died from Covid-19 during this time, the average age was 82.9, and all had severe preexisting medical conditions (3). For those above 80, the vaccination rate was a meager 1.3% (3).Between 10 March and 16 April, each Shanghai resident underwent more than a dozen polymerase chain reaction (PCR) tests, in addition to daily at-home antigen testing (4). Long lines for testing increased the possibility of spreading the virus, and with tens of millions of people taking tests daily, false positives were frequent (5). The cost of massive testing sites and test materials, combined with the required employee salaries, could reach billions of US dollars (6).Lockdowns and mandatory proactive testing have high social and economic costs as well. People have had difficulty accessing hospital services, acquiring medications, and making routine medical appointments (7). Loss of employment has led to food and housing insecurity (8). Shanghai’s industrial output fell by 61.5% in April compared to a year earlier. Retail sales fell by 48.3% over the same period (9). Instead of spending billions on testing and quarantine, China should invest in vaccination (10). Data from Shanghai show that with three doses of China’s vaccine, including two primary shots and a booster, the incidence of severe symptoms decreases by 90% (11). Yet vaccination rates remain surprisingly low. By May, only 62% of Shanghai residents older than 60 had received two doses of the vaccine, and only 39% had received boosters. The cost of vaccinating all residents over 60 would be much lower than the cost of regular testing (12), while mitigating the social and economic consequences of the zero-COVID strategy.",https://doi.org/10.1126/science.add4602,Ruishan Chen; Xiaona Guo; Annah Lake Zhu,2022-07-14,2022,article,4,https://openalex.org/W4285385687,https://openalex.org/W4285385687,China,668,positive,0.95
Science,Bill would bar NIH and CDC from funding lab research in China,House of Representatives measure catalyzed in part by suspicions that Wuhan lab leak led to pandemic.,https://doi.org/10.1126/science.add9089,Jocleyn Kaiser,2022-07-14,2022,article,1,https://openalex.org/W4285491273,https://openalex.org/W4285491273,China,669,neutral,0.95
Science,China’s restoration fees require transparency,No abstract available.,https://doi.org/10.1126/science.add5125,Shuo Gao; Joseph W. Bull; Zhiqiang Wu; Renlu Qiao; Li Xia; Ming K. Lim,2022-07-21,2022,article,6,https://openalex.org/W4286488940,https://openalex.org/W4286488940,China,670,neutral,0.8
Science,China rises to first place in one key metric of research impact,Other methods still put the United States somewhat ahead.,https://doi.org/10.1126/science.ade4423,Jeffrey Brainard; Dennis Normile,2022-08-18,2022,article,29,https://openalex.org/W4292219759,https://openalex.org/W4292219759,China,671,positive,0.95
Science,Rapid loss of China’s pollinator diversity,,https://doi.org/10.1126/science.ade2089,Fangzhou Ma; Chen-Bin Wang; Yanjing Zhang; Peng Cui; Haigen Xu,2022-09-01,2022,article,5,https://openalex.org/W4294167171,https://openalex.org/W4294167171,China,672,negative,0.95
Science,Restore China’s coastline from the ground up,"In China, decades of industrialization and growing cities have replaced coastal mudflats, sandy beaches, mangroves, and rocky reefs with engineered structures such as seawalls, break walls, and dikes (1–3). The loss of coastal wetlands exposes coastal cities and communities to substantial damages from storms (4) and extreme events, which are increasing in frequency, intensity, and scale (5). The degradation of coastal ecosystems also threatens migratory birds, which depend on the wetland habitats along their flyway (6). To conserve and restore natural coastlines, policies must prioritize quantitative local assessments of successes and failures and use that information to guide national and regional priorities.",https://doi.org/10.1126/science.ade3911,Xuege Wang; Fengqin Yan; Vincent Lyne; Fenzhen Su,2022-09-08,2022,article,3,https://openalex.org/W4295088414,https://openalex.org/W4295088414,China,673,positive,0.9
Science,Risks of decoupling from China on low-carbon technologies,"For most technologies, the cure is likely worse than the disease.",https://doi.org/10.1126/science.abq5446,Michael R. Davidson; Valerie J. Karplus; Joanna I. Lewis; Jonas Nahm; Alex Wang,2022-09-15,2022,article,58,https://openalex.org/W4295923991,https://openalex.org/W4295923991,China,674,negative,0.85
Science,China’s big brain project is finally gathering steam,The $746 million program builds on the country's strengths in neuroscience-and its openness to primate research.,https://doi.org/10.1126/science.ade9806,Dennis Normile,2022-09-22,2022,article,3,https://openalex.org/W4296808597,https://openalex.org/W4296808597,China,675,positive,0.9
Science,A low-carbon future for China’s tech industry,,https://doi.org/10.1126/science.ade7583,Ke He; Fanlue Li; Hao Wang; Ruoyu Ming; Junbiao Zhang,2022-09-29,2022,article,21,https://openalex.org/W4298006537,https://openalex.org/W4298006537,China,676,positive,0.9
Science,Fraud charges crumble in China Initiative cases,Judges reject claims that defendants defrauded agencies by not disclosing China ties.,https://doi.org/10.1126/science.adf0776,Jeffrey Mervis,2022-09-29,2022,article,2,https://openalex.org/W4297995865,https://openalex.org/W4297995865,China,677,positive,0.8
Science,China must balance renewable energy sites,,https://doi.org/10.1126/science.adf3720,Yang Yu; Siyou Xia,2022-11-10,2022,article,23,https://openalex.org/W4308882977,https://openalex.org/W4308882977,China,678,neutral,0.9
Science,Research under China’s personal information law,The new law may present obstacles to some kinds of research.,https://doi.org/10.1126/science.abq7402,Xiaojie Li; Yali Cong; Ruishuang Liu,2022-11-17,2022,article,9,https://openalex.org/W4309232848,https://openalex.org/W4309232848,China,679,neutral,0.95
Science,Biological invasions in China’s coastal zone,"2,8841MetricsTotal Downloads2,884Last 6 Months410Last 12 Months744Total Citations1Last 6 Months0Last 12 Months0View all metrics",https://doi.org/10.1126/science.ade9665,Xinxin Wang; Xiangming Xiao; Qiang He; Xi Zhang; Jihua Wu; Bo Li,2022-12-01,2022,article,31,https://openalex.org/W4310780892,https://openalex.org/W4310780892,China,680,neutral,0.95
Science,Long-term solutions for China’s heat and drought,"Since July, China has experienced the most severe heatwave ever recorded in the world, compounded by the worst drought since record-keeping began in the country six decades ago (1). The areas hardest hit by the combined heatwave and drought fall along the Yangtze River basin, a populous and immense industrial economic belt. Impacts range from disruptions in global supply chains (2) to reductions in habitat for critically endangered species such as the Yangtze finless porpoise. Long-term anticipatory policies are needed to mitigate these far-reaching effects, in China and beyond, yet the current policy approach favors short-term solutions that are ill-equipped to tackle persistent climatic extremes in an era of climate catastrophe.",https://doi.org/10.1126/science.adf6012,Xiaona Guo; Annah Lake Zhu; Qiang Li; Zilong Xia; Ruishan Chen,2022-12-08,2022,article,5,https://openalex.org/W4311883517,https://openalex.org/W4311883517,China,681,positive,0.75
Science,"In China, ‘zero COVID’ has become a Catch-22","Population chafes at control measures, but lifting them now would carry huge risks.",https://doi.org/10.1126/science.adg1902,Dennis Normile,2022-12-08,2022,article,0,https://openalex.org/W4311883554,https://openalex.org/W4311883554,China,682,negative,0.9
Science,Has China’s Young Thousand Talents program been successful in recruiting and nurturing top-caliber scientists?,"In this study, we examined China's Young Thousand Talents (YTT) program and evaluated its effectiveness in recruiting elite expatriate scientists and in nurturing the returnee scientists' productivity. We find that YTT scientists are generally of high caliber in research but, as a group, fall below the top category in pre-return productivity. We further find that YTT scientists are associated with a post-return publication gain across journal-quality tiers. However, this gain mainly takes place in last-authored publications and for high-caliber (albeit not top-caliber) recruits and can be explained by YTT scientists' access to greater funding and larger research teams. This paper has policy implications for the mobility of scientific talent, especially as early-career scientists face growing challenges in accessing research funding in the United States and European Union.",https://doi.org/10.1126/science.abq1218,Dongbo Shi; Weichen Liu; Yanbo Wang,2023-01-05,2023,article,75,https://openalex.org/W4313555553,https://openalex.org/W4313555553,China,683,neutral,0.9
Science,China is flying blind as the pandemic rages,"Official death tolls are impossibly low, and some worry new variants may escape detection.",https://doi.org/10.1126/science.adg5286,Dennis Normile,2023-01-05,2023,article,6,https://openalex.org/W4313555686,https://openalex.org/W4313555686,China,684,negative,0.95
Science,Protect seagrass meadows in China’s waters,,https://doi.org/10.1126/science.adg2926,Jianguo Du; Bin Chen; Ivan Nagelkerken; Shiquan Chen; Wenjia Hu,2023-02-02,2023,article,39,https://openalex.org/W4318960847,https://openalex.org/W4318960847,China,685,positive,0.95
Science,Risks of China’s increased forest area,"Between 2010 and 2020, China increased its forest area by 193,680 km2 (1). The country plans to plant 70 billion more trees before 2030 (2). Although the UN’s Global Forest Goals regard the increase of forest cover as a primary goal (3), the types of trees and locations selected for planting can determine whether increased cover constitutes a conservation success or an environmental threat.",https://doi.org/10.1126/science.adg0210,Yujie Niu; Victor R. Squires; Anke Jentsch,2023-02-02,2023,article,22,https://openalex.org/W4318960887,https://openalex.org/W4318960887,China,686,negative,0.9
Science,Farming in arid areas depletes China’s water,,https://doi.org/10.1126/science.adg4780,Yongyong Song; Dongqian Xue; Beibei Ma; Siyou Xia; Hengchun Ye,2023-02-16,2023,article,40,https://openalex.org/W4321018141,https://openalex.org/W4321018141,China,687,negative,0.9
Science,Potential of China’s offshore wind energy,"Floating offshore wind, which can operate in deep ocean waters, is a potential source for increasing renewable energy production (1). By 2035, 11 to 25% of all new offshore wind projects worldwide will feature floating equipment (2). However, this energy strategy faces technical, economic, and ecological challenges (3). By the end of 2021, only 17 floating offshore wind projects existed globally, with a cumulative installed capacity of only 142.37 MW (4). Countries planning massive investment in floating offshore wind farms, such as China, must ensure that the infrastructure is efficient and environmentally responsible.",https://doi.org/10.1126/science.adh0511,Siyou Xia; Yang Yu; Yi Liu,2023-03-02,2023,article,17,https://openalex.org/W4322764003,https://openalex.org/W4322764003,China,688,positive,0.7
Science,China battles alien weed at unprecedented scale,"""Mammoth"" plan to control a coastal invader would benefit migratory birds.",https://doi.org/10.1126/science.adh4966,Erik Stokstad,2023-03-10,2023,article,23,https://openalex.org/W4323811382,https://openalex.org/W4323811382,China,689,neutral,0.8
Science,China sets new ethics rules for human studies,Revised regulations follow controversy over work that created genetically edited babies.,https://doi.org/10.1126/science.adh4963,Dennis Normile,2023-03-10,2023,article,3,https://openalex.org/W4323807348,https://openalex.org/W4323807348,China,690,neutral,0.9
Science,Lessons from China’s overseas coal exit and domestic support,This dichotomy can inform environmental cooperation.,https://doi.org/10.1126/science.adf0126,Christoph Nedopil,2023-03-16,2023,article,13,https://openalex.org/W4327550255,https://openalex.org/W4327550255,China,691,neutral,0.6
Science,China’s research enterprise undergoes shake-up,"Revamp aims to respond to U.S. challenge and promote ""self-reliance"" in science.",https://doi.org/10.1126/science.adh9057,Dennis Normile,2023-03-23,2023,article,0,https://openalex.org/W4360609443,https://openalex.org/W4360609443,China,692,neutral,0.8
Science,Gaps seen in China’s crackdown on wildlife trade,"Stricter rules could prevent disease outbreaks, but allowances for fur farming spur concern.",https://doi.org/10.1126/science.adi0094,Dennis Normile,2023-03-31,2023,article,1,https://openalex.org/W4362470867,https://openalex.org/W4362470867,China,693,negative,0.9
Science,Protect oyster reefs in China’s coastal zone,,https://doi.org/10.1126/science.adh1965,Wei Xu; Aifeng Tao; Jinhai Zheng,2023-04-13,2023,article,10,https://openalex.org/W4365445784,https://openalex.org/W4365445784,China,694,positive,0.9
Science,Managing United States–China university relations and risks,US universities must proactively address potential concerns.,https://doi.org/10.1126/science.adg5619,Richard K. Lester; Lily Tsai; Suzanne Berger; Peter Fisher; M. Taylor Fravel; David B. Goldston; Yasheng Huang; Daniela Rus,2023-04-20,2023,article,11,https://openalex.org/W4366507073,https://openalex.org/W4366507073,China,695,neutral,0.95
Science,China bans electric capture of earthworms,,https://doi.org/10.1126/science.adh3383,Jiangwei Zhu; Li Fu; Meixia Guo; Min Wang; Zhao Yan,2023-04-20,2023,article,3,https://openalex.org/W4366507088,https://openalex.org/W4366507088,China,696,neutral,0.9
Science,Renewable energy in China’s abandoned mines,,https://doi.org/10.1126/science.adi1496,Gang Lin; Yanan Zhao; Jingying Fu; Dong Jiang,2023-05-18,2023,article,20,https://openalex.org/W4377013809,https://openalex.org/W4377013809,China,697,neutral,0.85
Science,US “China initiatives” promote racial bias,,https://doi.org/10.1126/science.adi4909,Shan‐Lu Liu; Lishan Su; Kunxin Luo; Kai Li; Gang Chen; Xiaodong Zhang; Bo Zhao; Ruirong Yuan; Yingzi Yang; Lee Zou; Chuan He; Jing Yang; Lin He; Yi Li; Dong Wang; Zhigang Suo; Gisela Perez Kusakawa; Yasheng Huang,2023-05-25,2023,article,2,https://openalex.org/W4378194909,https://openalex.org/W4378194909,China,698,negative,0.9
Science,Improve energy-efficient construction in China,,https://doi.org/10.1126/science.adi0397,Xinbo Xu; Zhiwei Lian,2023-06-01,2023,article,2,https://openalex.org/W4378977623,https://openalex.org/W4378977623,China,699,positive,0.9
Science,China’s water diversion carries invasive species,,https://doi.org/10.1126/science.adi6022,Kai Zhu; Yufeng Cheng; Quan Zhou,2023-06-22,2023,article,8,https://openalex.org/W4381613361,https://openalex.org/W4381613361,China,700,negative,0.8
Science,New farmlands threaten the North China leopard,,https://doi.org/10.1126/science.adi7209,Xianghong Dong; Tao Ju,2023-06-22,2023,article,1,https://openalex.org/W4381613224,https://openalex.org/W4381613224,China,701,negative,0.9
Science,China’s canal project threatens biodiversity,,https://doi.org/10.1126/science.adj1395,Qiying Yang; Shanshan Yang,2023-08-10,2023,article,2,https://openalex.org/W4385726858,https://openalex.org/W4385726858,China,702,negative,0.9
Science,Save China’s gaurs,,https://doi.org/10.1126/science.adj4691,Tao Xiang,2023-08-17,2023,article,0,https://openalex.org/W4385928159,https://openalex.org/W4385928159,China,703,positive,0.9
Science,China prepares to open new neutrino observatory,Physicists hope to answer long-standing question about the relative masses of the three types of neutrinos.,https://doi.org/10.1126/science.adk4477,Dennis Normile,2023-08-24,2023,article,0,https://openalex.org/W4386119283,https://openalex.org/W4386119283,China,704,neutral,0.9
Science,Green decommissioning for renewables in China,,https://doi.org/10.1126/science.adj5769,Siyou Xia; Yang Yu; Yi Liu; Jessie Poon,2023-08-31,2023,article,9,https://openalex.org/W4386306809,https://openalex.org/W4386306809,China,705,positive,0.8
Science,Tensions endanger U.S.-China research agreement,Scientists on both sides welcome decision to continue talks on renewing collaboration.,https://doi.org/10.1126/science.adk5721,Jeffrey Mervis,2023-08-31,2023,article,0,https://openalex.org/W4386316933,https://openalex.org/W4386316933,China,706,negative,0.9
Science,Reducing single-use cutlery with green nudges: Evidence from China’s food-delivery industry,"Rising consumer demand for online food delivery has increased the consumption of disposable cutlery, leading to plastic pollution worldwide. In this work, we investigate the impact of green nudges on single-use cutlery consumption in China. In collaboration with Alibaba's food-delivery platform, Eleme (which is similar to Uber Eats and DoorDash), we analyzed detailed customer-level data and found that the green nudges-changing the default to ""no cutlery"" and rewarding consumers with ""green points""-increased the share of no-cutlery orders by 648%. The environmental benefits are sizable: If green nudges were applied to all of China, more than 21.75 billion sets of single-use cutlery could be saved annually, equivalent to preventing the generation of 3.26 million metric tons of plastic waste and saving 5.44 million trees.",https://doi.org/10.1126/science.add9884,Guojun He; Yuhang Pan; Albert Park; Yasuyuki Sawada; Elaine Tan,2023-09-07,2023,article,105,https://openalex.org/W4386495297,https://openalex.org/W4386495297,China,707,positive,0.9
Science,Enforce China’s plan to protect spotted seals,,https://doi.org/10.1126/science.adj9396,Zongxing Wang,2023-09-14,2023,article,3,https://openalex.org/W4386736889,https://openalex.org/W4386736889,China,708,positive,0.95
Science,Enhance China’s urban flood resilience,,https://doi.org/10.1126/science.adk1100,Longwu Liang; Mingxing Chen; Jiafan Cheng,2023-09-21,2023,article,9,https://openalex.org/W4386917129,https://openalex.org/W4386917129,China,709,positive,0.9
Science,Document meaning behind China’s cultural relics,,https://doi.org/10.1126/science.adl5907,Biao Li; Gang Kou; LI He-min; Kun Guo; Yong Shi,2023-12-07,2023,article,1,https://openalex.org/W4389429321,https://openalex.org/W4389429321,China,710,neutral,0.9
Science,Good governance can save China’s mine ecosystems,,https://doi.org/10.1126/science.adn2422,Weibo Ma; Haidong Li; Shaogang Lei; Xianghua Xu; Shengguo Xue,2024-01-11,2024,article,12,https://openalex.org/W4390734565,https://openalex.org/W4390734565,China,711,positive,0.95
Science,Environmental risks and infertility in China,,https://doi.org/10.1126/science.adn3214,Rui Feng; Bin Chen,2024-01-18,2024,article,24,https://openalex.org/W4390967714,https://openalex.org/W4390967714,China,712,negative,0.8
Science,China’s plan to control methane emissions,,https://doi.org/10.1126/science.adn4233,Heyuan You,2024-01-25,2024,article,9,https://openalex.org/W4391215397,https://openalex.org/W4391215397,China,713,neutral,0.9
Science,Connectivity in China’s marine protected areas,,https://doi.org/10.1126/science.adn2505,Zhijian Jiang; Xu Long; Wenqian Qi; Nan Jiang; Yijun Liu; Fang Yang; Songlin Liu; Yunchao Wu; Xiaoping Huang,2024-02-01,2024,article,6,https://openalex.org/W4391428165,https://openalex.org/W4391428165,China,714,neutral,0.95
Science,Protect native fish in China’s Yellow River,,https://doi.org/10.1126/science.adn7432,Xu Guo; Qianhui Lin; Xiangcheng Zheng; Shuo Wang; Qiao Li; Chao Shi,2024-02-08,2024,article,5,https://openalex.org/W4391640525,https://openalex.org/W4391640525,China,715,positive,0.9
Science,Value China’s deserts beyond energy projects,,https://doi.org/10.1126/science.ado0596,Chenyujing Yang; KuoRay Mao; Xiaomeng Liang; Yongji Xue,2024-03-21,2024,article,10,https://openalex.org/W4393036131,https://openalex.org/W4393036131,China,716,positive,0.75
Science,Renewables’ impacts on ecosystems in China,,https://doi.org/10.1126/science.ado6369,Yongyong Song; Dongqian Xue; Qi Wen; Hengchun Ye; Beibei Ma,2024-03-21,2024,article,7,https://openalex.org/W4393036078,https://openalex.org/W4393036078,China,717,neutral,0.85
Science,China’s plan to combat antimicrobial resistance,,https://doi.org/10.1126/science.ado5186,Xinyang Li; Yuye Wu; Tian Jiang; Бин Чэн; Rui Feng; Jun Zhang; Xinyou Xie; Zhi Ruan,2024-03-28,2024,article,17,https://openalex.org/W4393279641,https://openalex.org/W4393279641,China,718,positive,0.7
Science,A national-scale assessment of land subsidence in China’s major cities,"China's massive wave of urbanization may be threatened by land subsidence. Using a spaceborne synthetic aperture radar interferometry technique, we provided a systematic assessment of land subsidence in all of China's major cities from 2015 to 2022. Of the examined urban lands, 45% are subsiding faster than 3 millimeters per year, and 16% are subsiding faster than 10 millimeters per year, affecting 29 and 7% of the urban population, respectively. The subsidence appears to be associated with a range of factors such as groundwater withdrawal and the weight of buildings. By 2120, 22 to 26% of China's coastal lands will have a relative elevation lower than sea level, hosting 9 to 11% of the coastal population, because of the combined effect of city subsidence and sea-level rise. Our results underscore the necessity of enhancing protective measures to mitigate potential damages from subsidence.",https://doi.org/10.1126/science.adl4366,Zurui Ao; Xiaomei Hu; Xiaomei Hu; Shengli Tao; Xie Hu; Xie Hu; Guoquan Wang; Mingjia Li; Fang Wang; Litang Hu; Xiuyu Liang; Jingfeng Xiao; Asadilla Yusup; Wenhua Qi; Qinwei Ran; Jiayi Fang; Jinfeng Chang; Zhenzhong Zeng; Yongshuo H. Fu; Baolin Xue; Ping Wang; Kefei Zhao; Le Li; Wenkai Li; Yumei Li; Mi Jiang; Yuanhe Yang; Haihua Shen; Xia Zhao; Yue Shi; Bo Wu; Zhengbing Yan; Mengjia Wang; Yanjun Su; Tianyu Hu; Qin Ma; Hao Bai; Lijun Wang; Ziyan Yang; Yuhao Feng; Danhua Zhang; Erhan Huang; Jiamin Pan; Huiying Ye; Chen Yang; Yanwei Qin; C. Y. He; Yanpei Guo; Kai Cheng; Yu Ren; Haitao Yang; Chengyang Zheng; Jiangling Zhu; Shaopeng Wang; Chengjun Ji; Biao Zhu; Hongyan Liu; Zhiyao Tang; Zhiheng Wang; Shuqing Zhao; Yanhong Tang; Hanfa Xing; Qinghua Guo; Yu Liu; Jingyun Fang,2024-04-18,2024,article,166,https://openalex.org/W4394909777,https://openalex.org/W4394909777,China,719,neutral,0.9
Science,China set to fetch first rocks from mysterious lunar far side,Chang'e-6 to target Moon's largest and oldest impact crater.,https://doi.org/10.1126/science.adq0312,Dennis Normile,2024-04-25,2024,article,0,https://openalex.org/W4395447689,https://openalex.org/W4395447689,China,720,positive,0.85
Science,China’s road slopes need long-term protection,,https://doi.org/10.1126/science.adp5259,Shenghao Ai; Zongyang Liu; Xiaoyan Ai; Yi Pan; Yingwei Ai,2024-05-30,2024,article,9,https://openalex.org/W4399168066,https://openalex.org/W4399168066,China,721,neutral,0.85
Science,Settlement over China funding puts institutions on notice,Cleveland Clinic fined $7.6 million for alleged mismanagement of NIH grants.,https://doi.org/10.1126/science.adr1505,Jeffrey Mervis,2024-06-20,2024,article,0,https://openalex.org/W4399848778,https://openalex.org/W4399848778,China,722,negative,0.85
Science,China’s GeoGPT led to firing of top European geoscientist,Fears of AI and foreign influence prompt panic among publishers.,https://doi.org/10.1126/science.adr4534,Paul Voosen,2024-07-04,2024,article,1,https://openalex.org/W4400314230,https://openalex.org/W4400314230,China,723,negative,0.9
Science,Mangrove restoration in China’s tidal ecosystems,,https://doi.org/10.1126/science.adq0220,Xiaoguang Ouyang; Fen Guo; Shing Yip Lee; Zhifeng Yang,2024-08-22,2024,article,34,https://openalex.org/W4401751720,https://openalex.org/W4401751720,China,724,neutral,0.9
Science,Ecological restoration for China’s mines,"Ecological restoration for China's minesChina's 1986 Mineral Resources Law, which is undergoing its third revision, now includes a section that requires mining rights holders to formulate ecological restoration plans (1).Although it is an important step forward, the restoration section focuses heavily on remediating toxic waste.China can maximize the revised law's impact by also requiring mining companies to incorporate plans to restore ecosystem services and carbon benefits and to commit to transparency.China's domestic mineral mining production has grown substantially in recent years.In 2023, non-ferrous metal production reached 74.7 million tonnes, a 7.1% increase from 2022 (2).International-ly, China's investments in metals mining soared to US$19.4 billion in 2023, a 158% increase from 2022 (3).Although crucial to the green transition, especially electric vehicle battery production, this expansion has led to environmental degradation, resource depletion, and social inequality in host countries, particularly the ""lithium triangle"" of Argentina, Bolivia, and Chile (4).",https://doi.org/10.1126/science.adr1001,Hong Yang; Xiang Gao; Jianhua Wu; Julian R. Thompson; Roger J. Flower,2024-09-05,2024,article,12,https://openalex.org/W4402263368,https://openalex.org/W4402263368,China,725,positive,0.9
Science,A ‘home bias’ in citations boosts China’s global science ranking,Studies find a majority of citations to top-ranked papers produced in China come from within the nation itself.,https://doi.org/10.1126/science.adt5690,Dennis Normile,2024-10-03,2024,article,4,https://openalex.org/W4403092362,https://openalex.org/W4403092362,China,726,negative,0.8
Science,Antimony’s environmental impact in China,,https://doi.org/10.1126/science.adr3933,Chuan Jin; Lizeng Peng,2024-10-17,2024,article,35,https://openalex.org/W4403510099,https://openalex.org/W4403510099,China,727,negative,0.7
Science,Protect China’s coastal salt marshes,,https://doi.org/10.1126/science.adr6994,Xinhui Feng; Yan Li; Xinle Lin,2024-11-07,2024,article,12,https://openalex.org/W4404125142,https://openalex.org/W4404125142,China,728,positive,0.95
Science,End illegal sand mining in China,,https://doi.org/10.1126/science.adr7278,Mingrong Liang; Yuling Liang; Yongyue Lu; Yijuan Xu; Benoît Guénard,2024-11-14,2024,article,1,https://openalex.org/W4404350016,https://openalex.org/W4404350016,China,729,negative,0.9
Science,"Canada should curtail research ties with China, lawmakers say","Canada should curtail research ties with China, lawmakers say.",https://doi.org/10.1126/science.adu7464,Brian Owens,2024-11-21,2024,article,0,https://openalex.org/W4404577715,https://openalex.org/W4404577715,China,730,negative,0.7
Science,China’s hunger for minerals spurs massive geology survey,$1 billion SinoProbe II will map the depths with drill rigs and instrument arrays.,https://doi.org/10.1126/science.adu7463,Richard Stone,2024-11-21,2024,article,0,https://openalex.org/W4404577721,https://openalex.org/W4404577721,China,731,neutral,0.6
Science,China’s ‘dreamy’ scientific drilling ship takes global command,"As U.S. leadership falters, Meng Xiang prepares for bold mission to retrieve rocks from Earth’s mantle",https://doi.org/10.1126/science.adv2419,Dennis Normile,2024-12-12,2024,article,3,https://openalex.org/W4405306504,https://openalex.org/W4405306504,China,732,positive,0.9
Science,University of Michigan ends joint effort in China,Republican lawmakers had criticized decades-old ties with Shanghai Jiao Tong University.,https://doi.org/10.1126/science.adv9837,Richard Stone,2025-01-16,2025,article,2,https://openalex.org/W4406440059,https://openalex.org/W4406440059,China,733,negative,0.6
Science,Guiding science in China,Increasing emphasis on national priorities creates tension with curiosity-driven research.,https://doi.org/10.1126/science.ads9216,Andrew Kennedy,2025-03-27,2025,article,2,https://openalex.org/W4408891908,https://openalex.org/W4408891908,China,734,neutral,0.6
Science,Modernizing wildfire management in China,,https://doi.org/10.1126/science.adu3537,Junran Li,2025-04-10,2025,article,3,https://openalex.org/W4409317555,https://openalex.org/W4409317555,China,735,positive,0.8
Science,Prevent coastal seawater intrusion in China,,https://doi.org/10.1126/science.adv5677,Chao Liu; Ping Li; Dahai Liu,2025-04-17,2025,article,7,https://openalex.org/W4409530074,https://openalex.org/W4409530074,China,736,neutral,0.9
Science,Tariff war takes toll on labs in China,Scientists face higher prices and import bans on equipment and supplies.,https://doi.org/10.1126/science.ady6486,Richard Stone,2025-05-01,2025,article,0,https://openalex.org/W4410050875,https://openalex.org/W4410050875,China,737,negative,0.95
Science,China reveals the foreign scientists who will share its rare lunar samples,Seven research teams in six nations get Moon rocks and soil brought to Earth by the Chang'e-5 mission.,https://doi.org/10.1126/science.ady6488,Dennis Normile,2025-05-01,2025,article,0,https://openalex.org/W4410050991,https://openalex.org/W4410050991,China,738,neutral,0.9
Science,China’s pet squirrel trade needs regulation,,https://doi.org/10.1126/science.adv6576,Yueqin Yang; Jishan Xiang; Xianfeng Yi,2025-05-01,2025,article,0,https://openalex.org/W4410051004,https://openalex.org/W4410051004,China,739,negative,0.75
Science,China’s urbanization at a turning point—challenges and opportunities,"According to the National Bureau of Statistics, China's urbanization ratio (i.e., the share of population living in urban areas) reached 67% in 2024, maintaining a pace of over 1 percentage point increase per year over the past 45 years. Strongly driven by national policy, such extraordinary speed and scale are described as the largest experiment in human settlement in history. The latest national policy documents reiterate the commitment to ""people-centered urbanization,"" a principle put in place in the National New-type Urbanization Plan announced in 2014. This continuity in language belies a critical turning point-a shift from land-driven development to prioritizing people's welfare, and a transition from pursuing quantity to prioritizing quality in urban development.",https://doi.org/10.1126/science.adw3443,Xuemei Bai; Peijun Shi,2025-05-08,2025,article,47,https://openalex.org/W4410251435,https://openalex.org/W4410251435,China,740,neutral,0.8
Science,China sets out to sample an unusual asteroid,"Kamo'oalewa, a rare quasi-satellite of Earth, could be a chunk of the Moon.",https://doi.org/10.1126/science.adz3358,Dennis Normile,2025-05-29,2025,article,0,https://openalex.org/W4410850950,https://openalex.org/W4410850950,China,741,neutral,0.9
Science,Integrated carbon and nitrogen management for cost-effective environmental policies in China,"Carbon and nitrogen are central elements in global biogeochemical cycles. To effectively manage carbon and nitrogen in China, we developed a comprehensive model for quantifying their fluxes, investigating their interplay across 16 human and natural subsystems. Between 1980 and 2020, nitrogen losses in China increased 2.3-fold and carbon emissions surged 6.5-fold. Integrated carbon and nitrogen management holds the potential for a 74% reduction in nitrogen losses to air and water and a 91% decrease in carbon emissions to the atmosphere by 2060. Compared with separate control of carbon or nitrogen, integrated management delivers an additional reduction of 1.8 million tons of nitrogen and 26.5 million tons of carbon by 2060, bringing out a 37% decrease in unit abatement cost and a net societal benefit of 1384 billion USD.",https://doi.org/10.1126/science.ads4105,Xin Xu; Xiuming Zhang; Yiyang Zou; Tianrun Chen; Jingfang Zhan; Luxi Cheng; Wilfried Winiwarter; Shaohui Zhang; Peter M. Vitousek; W. de Vries; Baojing Gu,2025-06-05,2025,article,48,https://openalex.org/W4411051332,https://openalex.org/W4411051332,China,742,neutral,0.9
Science,Remembering China’s coastal mudflats,remembers from childhood.,https://doi.org/10.1126/science.adu4856,Fu Chen,2025-06-19,2025,article,1,https://openalex.org/W4411505772,https://openalex.org/W4411505772,China,743,neutral,0.9
Science,"300,000-year-old wooden tools from Gantangqing, southwest China","Evidence of Early and Middle Pleistocene wooden implements is exceptionally rare, and existing evidence has been found only in Africa and western Eurasia. We report an assemblage of 35 wooden implements from the site of Gantangqing in southwestern China, which was found associated with stone tools, antler billets (soft hammers), and cut-marked bones and is dated from ~361,000 to ~250,000 years at a 95% confidence interval. The wooden implements include digging sticks and small, complete, hand-held pointed tools. The sophistication of many of these tools offsets the seemingly ""primitive"" aspects of stone tool assemblages in the East Asian Early Paleolithic. This discovery suggests that wooden implements might have played an important role in hominin survival and adaptation in Middle Pleistocene East Asia.",https://doi.org/10.1126/science.adr8540,Jian-Hui Liu; Qi-Jun Ruan; Junyi Ge; Yong‐Jiang Huang; Xiaoling Zhang; Jia Liu; Shufeng Li; Hui Shên; Yuan Wang; Thomas A. Stidham; Cheng-Long Deng; Sheng‐Hua Li; Fei Han; Yingyu Jin; Kieran O’Gorman; Bo Li; Robin Dennell; Xing Gao,2025-07-03,2025,article,10,https://openalex.org/W4411983831,https://openalex.org/W4411983831,China,744,neutral,0.9
Science,China’s antismog push faces challenges,,https://doi.org/10.1126/science.adx0798,Yi Qiang; Qiang Cao; L. Xia; Yuquan Chen; Xinyan Wu; Hao Chi,2025-07-10,2025,article,2,https://openalex.org/W4412165575,https://openalex.org/W4412165575,China,745,negative,0.8
Science,Safeguarding US-China climate cooperation,"Recent years have brought a chill to United States-China relations that extends into scientific collaboration. The recent renewal and amendment of the US-China Science and Technology Agreement (STA), in place for nearly a half-century, both reflects current tensions and offers an opportunity to remedy them. The United States and China could seize this opportunity by developing a constructive implementation strategy under the STA specifically for climate science and technology collaboration. Such a strategy would leverage the STA framework to advance science for the common good and demonstrate that cooperation on urgent issues can endure despite political headwinds.",https://doi.org/10.1126/science.adx5182,Fan Dai,2025-07-31,2025,article,0,https://openalex.org/W4412794750,https://openalex.org/W4412794750,China,746,positive,0.9
Science,Secondary organic aerosol in urban China: A distinct chemical regime for air pollution studies,"In the past decades, China has witnessed high air pollution associated with rapid economic development, although regulatory efforts have alleviated the situation since 2013. Haze events characterized by high particulate matter (PM) levels in China are not only of enormous magnitude but also represent a distinct chemical regime. Once driven by direct emissions, these high-PM episodes are now more affected by secondary aerosol, especially secondary organic aerosol (SOA). This Review synthesizes the state of the science of SOA formation in urban China, specifically (i) how the dominance of anthropogenic precursors affects SOA formation, (ii) what are the prevailing SOA formation mechanisms, and (iii) how important are the multipollutant and multiphase processes in SOA formation and evolution. We also highlight essential directions for future studies.",https://doi.org/10.1126/science.adq2840,Ru‐Jin Huang; Yongjie Li; Qi Chen; Yanli Zhang; Chunshui Lin; Chak K. Chan; Jian Zhen Yu; J. A. de Gouw; Shengrui Tong; Jingkun Jiang; Weigang Wang; Xiang Ding; Xinming Wang; Maofa Ge; Weijian Zhou; Douglas R. Worsnop; Michael Boy; Merete Bilde; Ulrike Dusek; Annmarie G. Carlton; Thorsten Hoffmann; V. Faye McNeill; Marianne Glasius,2025-08-28,2025,article,49,https://openalex.org/W4413786034,https://openalex.org/W4413786034,China,747,neutral,0.9
Science,New museum bolsters China’s controversial claim to Pacific languages,"Nationalist narrative holds that Austronesian language and culture originated in China, not Taiwan.",https://doi.org/10.1126/science.aec7430,Marcel Hobma,2025-10-02,2025,article,0,https://openalex.org/W4414758827,https://openalex.org/W4414758827,China,748,negative,0.7
Science,China’s emerging regulation toward an open future for AI,"Legislation proposals seek to bring certainty, clarification, harmonization, and simplification.",https://doi.org/10.1126/science.ady7922,Yue Zhu; Bo He; Hongyu Fu; Naying Hu; Shaoqing Wu; Taolue Zhang; Xinyi Liu; Gang Xu; Linghan Zhang; Hui Zhou,2025-10-09,2025,article,3,https://openalex.org/W4415033769,https://openalex.org/W4415033769,China,749,neutral,0.6
Science,Halt China’s waste incinerator expansion,,https://doi.org/10.1126/science.aea3724,Xinhui Feng; Yan Li; Siyu Huang; Feng Li,2025-10-23,2025,article,4,https://openalex.org/W4415482416,https://openalex.org/W4415482416,China,750,negative,0.9
Science,How collaboration with China can revitalize US automotive innovation,"Strategic collaboration, not protectionist barriers, should be pursued.",https://doi.org/10.1126/science.adz0541,John Paul Helveston,2025-10-30,2025,article,1,https://openalex.org/W4415707573,https://openalex.org/W4415707573,China,751,positive,0.9
Science,Argentine telescope caught in U.S.-China crossfire,Superpower tensions have abruptly derailed a nearly finished radio telescope.,https://doi.org/10.1126/science.aed4586,María de los Ángeles Orfila,2025-10-30,2025,article,0,https://openalex.org/W4415707544,https://openalex.org/W4415707544,China,752,negative,0.9
Science,A megadam test for China and South Asia,China has begun construction on what may become the world's most ambitious effort to harness mighty rivers to generate electricity. The 60-gigawatt Lower Yarlung Tsangpo Hydropower Project portends a new frontier in renewable energy but also reopens long-standing questions about managing rivers that cross national borders and the unintended impacts of hydropower megaprojects on people and ecosystems depending on rivers.,https://doi.org/10.1126/science.aed9275,Rafael Schmitt; Brian Eyler,2025-11-20,2025,article,0,https://openalex.org/W4416432149,https://openalex.org/W4416432149,China,753,neutral,0.6
Science,SAFE Act hinders US-China collaboration,,https://doi.org/10.1126/science.aed7998,Alex J. Yang; Richard B. Freeman; Sanhong Deng,2025-12-04,2025,article,0,https://openalex.org/W4417005308,https://openalex.org/W4417005308,China,754,negative,0.95
Science,Communities can enforce China’s national parks,,https://doi.org/10.1126/science.aed0470,Shuo Gao; Qinglong Shao,2025-12-11,2025,article,1,https://openalex.org/W4417251523,https://openalex.org/W4417251523,China,755,positive,0.85
Science,China turns the tables in biotech,"For at least a century, major scientific research initiatives have reliably occurred in the United States, usually in response to geopolitical competition. This helped establish the country's status as a global scientific power, enabling the US to set the standards for new technologies and pave the way forward. That edge began to erode around 20 years ago with the success of Chinese universities in engineering and materials science. Most recently, the rise of China's success in medicine and biopharmaceuticals has happened so quickly that the US risks losing its position of leadership in the life sciences. One would normally expect the US to react vigorously. But these are far from normal times. Saddled with an administration's apparent indifference, the US has responded not with a bang, but a whimper.",https://doi.org/10.1126/science.aef7757,H. Holden Thorp,2026-01-29,2026,article,3,https://openalex.org/W7126061387,https://openalex.org/W7126061387,China,756,positive,0.95
Science,International conferences must include China,,https://doi.org/10.1126/science.aef5164,Yifang Ma; Yinan Shen; Hai Rao,2026-03-19,2026,article,0,https://openalex.org/W7138934077,https://openalex.org/W7138934077,China,757,neutral,0.6
Science,China demands evidence for traditional medicine injections,New regulations ask manufacturers to provide efficacy and safety data-or withdraw their products.,https://doi.org/10.1126/science.aeh2958,Dennis Normile,2026-03-19,2026,article,0,https://openalex.org/W7139120173,https://openalex.org/W7139120173,China,758,neutral,0.9
Science,Beyond the US-China biotech scoreboard,,https://doi.org/10.1126/science.aeg0560,Y. Tony Yang,2026-03-26,2026,article,1,https://openalex.org/W7140726707,https://openalex.org/W7140726707,China,759,neutral,0.85
Science,Coal-to-gas transition strains equity in China,,https://doi.org/10.1126/science.aef7960,Bing Zhang; Jingyan Han; Zhao Yong; Jianbo Liu; Huanyu Chang,2026-03-26,2026,article,0,https://openalex.org/W7140896247,https://openalex.org/W7140896247,China,760,negative,0.85
Science,The dawn of the Phanerozoic: A transitional fauna from the late Ediacaran of Southwest China,"Animal diversification across the Ediacaran-Cambrian transition was a crucial event in Earth history, fundamentally altering our planet and its biosphere. However, Ediacaran fossil assemblages show limited overlap with those from the Cambrian, obscuring the critical interval when the animal phyla were diversifying. We report a new terminal Ediacaran fossil assemblage preserved as carbonaceous films from the Jiangchuan Biota, Yunnan, Southwest China. This assemblage diverges from coeval sites, preserving Ediacaran body fossils alongside recognizable nonbilaterians and bilaterian body and trace fossils. These include diverse vermiform animals and the oldest deuterostomes (stem-group ambulacrarians). Our discovery provides insight into the radiation of Bilateria, the most diverse and disparate animal clade.",https://doi.org/10.1126/science.adu2291,Gaorong Li; Fan Wei; Wenwen Wen; Xiaodong Wang; Xiangtong Lei; Ross P. Anderson; Yang Zhao; Frances S. Dunn; Luke A. Parry; Peiyun Cong,2026-04-02,2026,article,2,https://openalex.org/W7148399932,https://openalex.org/W7148399932,China,761,neutral,0.95
Science,Accurately accounting for China’s typhoon losses,,https://doi.org/10.1126/science.adw4897,Congcong Zhang; Zhongkai Liao,2026-04-16,2026,article,0,https://openalex.org/W7154569521,https://openalex.org/W7154569521,China,762,neutral,0.9
Science,Defender of postdoc from China locked out of his lab,Plant biologist Roger Innes decried prosecution for smuggling biological materials.,https://doi.org/10.1126/science.aei8227,Jeffrey Mervis,2026-05-14,2026,article,0,https://openalex.org/W7161164806,https://openalex.org/W7161164806,China,763,negative,0.9
Science,Effects of China’s underground infrastructure,,https://doi.org/10.1126/science.aeh4973,Quan Jiang; Xu Guo; Shuo Wang; Hang Ruan; Shishu Zhang; Chao Shi,2026-06-04,2026,article,0,https://openalex.org/W7163507167,https://openalex.org/W7163507167,China,764,neutral,0.9
Science,Science sleuth finds rare acclaim in China,Geng Hongwei's investigations into prominent Chinese scientists have triggered unusually swift responses.,https://doi.org/10.1126/science.aej5918,Dennis Normile,2026-06-11,2026,article,0,https://openalex.org/W7164385901,https://openalex.org/W7164385901,China,765,positive,0.92
Science,NSF bans almost all research collaborations with China,Agency drops attempt to mitigate risk in favor of outright prohibition on working with most Chinese research institutions.,https://doi.org/10.1126/science.aek5957,Jeffrey Mervis,2026-07-16,2026,article,0,https://openalex.org/W7168789568,https://openalex.org/W7168789568,China,766,negative,0.9
Science,Detention of U.S. seismologist by China alarms researchers,Youlin Chen analyzed earthquake data that can also aid nuclear test monitoring.,https://doi.org/10.1126/science.aek8033,Richard Stone,2026-07-23,2026,article,0,https://openalex.org/W7170182154,https://openalex.org/W7170182154,China,767,negative,0.9
Science,China’s cordgrass removal increases erosion,,https://doi.org/10.1126/science.aej6290,Wei Zhang; Hao Li,2026-07-30,2026,article,0,https://openalex.org/W7171884538,https://openalex.org/W7171884538,China,768,negative,0.9
Science,Hidden costs of China’s straw-burning ban,,https://doi.org/10.1126/science.aej7857,Xinhui Feng; Qirui Zhang; Yan Li; Yimin Wang,2026-08-13,2026,article,0,https://openalex.org/W7202362754,https://openalex.org/W7202362754,China,769,negative,0.9
Science,China’s solar expansion policy reduces bird diversity,"Could the global transition to renewable energy create a green dilemma that pits carbon reduction against biodiversity conservation? This study examined the effect of policies promoting solar photovoltaics on local avian biodiversity using a panel dataset covering 2344 counties in China from 2014 to 2023. Policies that favored photovoltaic expansion led to reductions in bird diversity, disproportionately affecting wealthier and nondesert regions, as well as widespread species. The mechanism operated primarily through land conversion: Cropland and grassland were transformed into developed areas, reducing the diversity of vegetation. Paradoxically, the leaf area index increased, a pattern we term ""inferior greening,"" whereby diverse natural landscapes were replaced by dense but ecologically homogeneous vegetation. We argue that future photovoltaic development should be accompanied by strict biodiversity safeguards, especially in economically developed regions with high habitat complexity.",https://doi.org/10.1126/science.aee0747,Huiming Zhang; Aixin Zhang; Kai Wu; Yinyin Cai; Shanjun Li; Shouyang Wang; Yueming Qiu; Shoujun Huang; Anh Phan,2026-08-20,2026,article,1,https://openalex.org/W7203823799,https://openalex.org/W7203823799,China,770,negative,0.98
Science,China mission aims to probe the Moon’s hidden water,Chang'e-7 will send a hopping craft into a polar crater to directly sample lunar ice.,https://doi.org/10.1126/science.ael6248,Dennis Normile,2026-08-20,2026,article,0,https://openalex.org/W7203830348,https://openalex.org/W7203830348,China,771,neutral,0.9
Nature,y THE SEMICONDUCTOR INDUSTRY WILL SOON ABANDON ITS PURSUIT OF MOORE'S LAW. NOW THINGS COULD GET A LOT MORE INTERESTING,,,Waldrop Mm,2016-01-01,2016,article,0,https://openalex.org/W3198675041,https://openalex.org/W3198675041,United States,772,positive,0.8
Nature,Recent improvement and projected worsening of weather in the United States,,https://doi.org/10.1038/nature17441,Patrick J Egan; Megan Mullin,2016-04-19,2016,article,44,https://openalex.org/W2339875322,https://openalex.org/W2339875322,United States,773,neutral,0.7
Nature,Hurricane intensification along United States coast suppressed during active hurricane periods,,https://doi.org/10.1038/nature20783,James P. Kossin,2017-01-01,2017,article,89,https://openalex.org/W2571389238,https://openalex.org/W2571389238,United States,774,neutral,0.8
Nature,"A 130,000-year-old archaeological site in southern California, USA",,https://doi.org/10.1038/nature22065,Steven R. Holen; Thomas A. Deméré; Daniel C. Fisher; Richard Fullagar; James B. Paces; George T. Jefferson; Jared M. Beeton; Richard A. Cerutti; Adam N. Rountrey; Lawrence Vescera; Kathleen A. Holen,2017-04-01,2017,article,209,https://openalex.org/W2609017406,https://openalex.org/W2609017406,United States,775,neutral,0.95
Nature,The United States must act quickly to control the use of e-cigarettes,,https://doi.org/10.1038/nature.2017.21987,,2017-05-01,2017,article,1,https://openalex.org/W4246143128,https://openalex.org/W4246143128,United States,776,negative,0.85
Nature,Revamped 'anti-science' education bills in United States find success,,https://doi.org/10.1038/nature.2017.21986,E. Denison Ross,2017-05-12,2017,article,2,https://openalex.org/W2612356330,https://openalex.org/W2612356330,United States,777,negative,0.8
Nature,Genomic epidemiology reveals multiple introductions of Zika virus into the United States,"Genome sequencing of Zika virus samples from infected patients and Aedes aegypti mosquitoes in Florida shows that the virus was probably introduced into the United States on multiple occasions, and that the Caribbean is the most likely source. Three papers in this issue present a wealth of new Zika virus (ZIKV) genome sequences and further insights into the genetic epidemiology of ZIKV. Nathan Grubaugh et al. provide 39 new ZIKV genome sequences from infected patients and Aedes aegypti mosquitoes in Florida. Phylogenetic analysis suggests that the virus has been introduced on multiple separate occasions, probably linked to travel from the Caribbean. They find a low probability of long-term persistence of ZIKV transmission chains within Florida, suggesting that the potential for future ZIKV outbreaks there will depend on transmission dynamics in the Americas. Nuno Faria et al. and Hayden Metsky et al. reconstruct the spread of ZIKV in Brazil and the Americas. Faria et al. provide 54 new ZIKV genomes, several sequenced in real time in a mobile genomics laboratory. They trace the spatial origins and spread of ZIKV in Brazil and the Americas and date the timing of the international spread of ZIKV from Brazil. They find that northeast Brazil had a crucial role in the establishment of the epidemic and the spread of the virus within Brazil and the Americas. Metsky et al. generate 110 ZIKV genomes from clinical and mosquito samples from ten regions. They also see rapid expansion of the epidemic within Brazil and multiple introductions to other geographic areas. In agreement with Faria et al., they find that ZIKV circulated unobserved for many months before transmission was detected. Metsky et al. additionally describe ZIKV evolution and discuss how the accumulation of mutations might affect the performance of diagnostic tests in the future. Zika virus (ZIKV) is causing an unprecedented epidemic linked to severe congenital abnormalities1,2. In July 2016, mosquito-borne ZIKV transmission was reported in the continental United States; since then, hundreds of locally acquired infections have been reported in Florida3,4. To gain insights into the timing, source, and likely route(s) of ZIKV introduction, we tracked the virus from its first detection in Florida by sequencing ZIKV genomes from infected patients and Aedes aegypti mosquitoes. We show that at least 4 introductions, but potentially as many as 40, contributed to the outbreak in Florida and that local transmission is likely to have started in the spring of 2016—several months before its initial detection. By analysing surveillance and genetic data, we show that ZIKV moved among transmission zones in Miami. Our analyses show that most introductions were linked to the Caribbean, a finding corroborated by the high incidence rates and traffic volumes from the region into the Miami area. Our study provides an understanding of how ZIKV initiates transmission in new regions.",https://doi.org/10.1038/nature22400,Nathan D. Grubaugh; Jason T. Ladner; Moritz U. G. Kraemer; Gytis Dudas; Amanda L. Tan; Karthik Gangavarapu; Michael R. Wiley; Stephen White; Julien Thézé; Diogo M. Magnani; Karla Prieto; Daniel Reyes; Andrea Bingham; Lauren M. Paul; Refugio Robles‐Sikisaka; Glenn Oliveira; Darryl Pronty; Carolyn M. Barcellona; Hayden C. Metsky; Mary Lynn Baniecki; Kayla G. Barnes; Bridget Chak; Catherine A. Freije; Adrianne Gladden-Young; Andreas Gnirke; Cynthia Luo; Bronwyn MacInnis; Christian B. Matranga; Daniel J. Park; James Qu; S. F. Schaffner; Christopher H. Tomkins-Tinch; Kendra West; S Winnicki; Shirlee Wohl; Nathan L. Yozwiak; Joshua Quick; Joseph R. Fauver; Kamran Khan; Shannon E. Brent; Robert C. Reiner; Paola N. Lichtenberger; Michael J. Ricciardi; Varian K. Bailey; David I. Watkins; Marshall Cone; Edgar Kopp; Kelly N. Hogan; Andrew C. Cannons; Reynald Jean; Andrew J. Monaghan; Robert F. Garry; Nicholas J. Loman; Nuno R. Faria; Mario C. Porcelli; Chalmers Vasquez; Elyse R. Nagle; Derek A. T. Cummings; Danielle Stanek; Andrew Rambaut; Mariano Sánchez-Lockhart; Pardis C. Sabeti; Leah D. Gillis; Scott F. Michael; Trevor Bedford; Oliver G. Pybus; Sharon Isern; Gustavo Palacios; Kristian G. Andersen,2017-05-23,2017,article,399,https://openalex.org/W2617274523,https://openalex.org/W2617274523,United States,778,neutral,0.95
Nature,Trump pulls United States out of Paris climate agreement,,https://doi.org/10.1038/nature.2017.22096,Jeff Tollefson,2017-06-01,2017,article,37,https://openalex.org/W2621208338,https://openalex.org/W2621208338,United States,779,negative,0.85
Nature,United States revives space-policy council after 24-year absence,,https://doi.org/10.1038/nature.2017.22130,Alexandra Witze,2017-06-07,2017,article,0,https://openalex.org/W2624514004,https://openalex.org/W2624514004,United States,780,neutral,0.9
Nature,Taxonomy: the IUBS responds,,https://doi.org/10.1038/546600d,Hiroyuki Takeda,2017-06-27,2017,article,2,https://openalex.org/W2731166337,https://openalex.org/W2731166337,United States,781,neutral,0.95
Nature,The United States is failing its mothers,,https://doi.org/10.1038/550s20a,Lauren Gravitz,2017-10-01,2017,article,2,https://openalex.org/W2760827201,https://openalex.org/W2760827201,United States,782,negative,0.98
Nature,How the United States plans to trap its biggest stash of nuclear-weapons waste in glass,,https://doi.org/10.1038/550172a,Jeff Tollefson,2017-10-09,2017,article,3,https://openalex.org/W2761646021,https://openalex.org/W2761646021,United States,783,neutral,0.9
Nature,How a biotech entrepreneur benefits from splitting time between China and the United States,,https://doi.org/10.1038/d41586-018-00543-2,Sarah O’Meara,2018-01-17,2018,article,0,https://openalex.org/W2785737342,https://openalex.org/W2785737342,United States,784,neutral,0.9
Nature,The United States will lose money if it charges for Earth observation data,"Databases, Research management, Environmental sciences",https://doi.org/10.1038/d41586-018-05796-5,Barbara J. Ryan,2018-07-23,2018,article,0,https://openalex.org/W2884749421,https://openalex.org/W2884749421,United States,785,negative,0.9
Nature,Wednesday briefing: The United States is woefully unprepared for a nuclear strike,,https://doi.org/10.1038/d41586-018-06118-5,Flora Graham,2018-08-29,2018,article,0,https://openalex.org/W4248700171,https://openalex.org/W4248700171,United States,786,negative,0.9
Nature,"Daily briefing: India, China, Saudi Arabia and the United States will lose most from climate change",,https://doi.org/10.1038/d41586-018-06836-w,Flora Graham,2018-09-25,2018,article,0,https://openalex.org/W4244182222,https://openalex.org/W4244182222,United States,787,negative,0.9
Nature,Stop exploitation of foreign postdocs in the United States,,https://doi.org/10.1038/d41586-018-07479-7,,2018-11-20,2018,article,2,https://openalex.org/W4230552406,https://openalex.org/W4230552406,United States,788,negative,0.9
Nature,International students steer clear of graduate programmes in the United States,,https://doi.org/10.1038/d41586-018-07675-5,Molly Hawes,2018-12-13,2018,article,0,https://openalex.org/W2905147254,https://openalex.org/W2905147254,United States,789,negative,0.8
Nature,Why scientist-mums in the United States need better parental-support policies,,https://doi.org/10.1038/d41586-019-01315-2,Kendall Powell,2019-04-30,2019,article,5,https://openalex.org/W2942619315,https://openalex.org/W2942619315,United States,790,negative,0.7
Nature,Female physicists make slow academic headway in the United States,,https://doi.org/10.1038/d41586-019-01414-0,Chris Woolston,2019-05-01,2019,article,0,https://openalex.org/W2943105788,https://openalex.org/W2943105788,United States,791,negative,0.65
Nature,Daily briefing: Being a Chinese scientist in the United States,,https://doi.org/10.1038/d41586-019-01722-5,Flora Graham,2019-05-30,2019,article,0,https://openalex.org/W4244679464,https://openalex.org/W4244679464,United States,792,neutral,0.9
Nature,Royal Society president stands up for Chinese scientists in the United States,,https://doi.org/10.1038/d41586-019-02164-9,V. Ramakrishnan,2019-07-16,2019,article,0,https://openalex.org/W2960028714,https://openalex.org/W2960028714,United States,793,positive,0.9
Nature,Daily briefing: Two researchers released in prisoner swap between Iran and the United States,,https://doi.org/10.1038/d41586-019-03828-2,Flora Graham,2019-12-11,2019,article,0,https://openalex.org/W4250656226,https://openalex.org/W4250656226,United States,794,positive,0.75
Nature,United States drops charges against two more scientists after Iran prisoner swap,,https://doi.org/10.1038/d41586-019-03856-y,Michele Catanzaro,2019-12-13,2019,article,1,https://openalex.org/W2994740254,https://openalex.org/W2994740254,United States,795,neutral,0.7
Nature,United States to fund gun-violence research after 20-year freeze,,https://doi.org/10.1038/d41586-019-03882-w,Nidhi Subbaraman,2019-12-17,2019,article,24,https://openalex.org/W2995302423,https://openalex.org/W2995302423,United States,796,positive,0.9
Nature,KNOW THE VALUE OF OUTSOURCING,,,Johan van den Hoogen,2019-12-19,2019,article,0,https://openalex.org/W3000196682,https://openalex.org/W3000196682,United States,797,positive,0.8
Nature,Premature mortality related to United States cross-state air pollution,,https://doi.org/10.1038/s41586-020-1983-8,Irene C. Dedoussi; Sebastian D. Eastham; Erwan Monier; Steven R. H. Barrett,2020-02-12,2020,article,406,https://openalex.org/W3005920146,https://openalex.org/W3005920146,United States,798,negative,0.95
Nature,Daily briefing: First coronavirus vaccine clinical trials begin in United States,,https://doi.org/10.1038/d41586-020-00802-1,Flora Graham,2020-03-17,2020,article,3,https://openalex.org/W4206709195,https://openalex.org/W4206709195,United States,799,positive,0.8
Nature,First CRISPR test for the coronavirus approved in the United States,,https://doi.org/10.1038/d41586-020-01402-9,Giorgia Guglielmi,2020-05-08,2020,article,33,https://openalex.org/W3023492882,https://openalex.org/W3023492882,United States,800,positive,0.9
Nature,Science superpowers after COVID-19 lockdowns lift: a letter of hope from China to the United States,,https://doi.org/10.1038/d41586-020-01544-w,Xiao‐Nong Zhou,2020-05-21,2020,article,3,https://openalex.org/W3026205141,https://openalex.org/W3026205141,United States,801,positive,0.9
Nature,"Space leaders from China, United States and Europe call for coronavirus collectivisim",,https://doi.org/10.1038/d41586-020-01881-w,Ji Wu; J. J. Dordain; Charles F. Bolden,2020-06-23,2020,article,1,https://openalex.org/W3035800384,https://openalex.org/W3035800384,United States,802,neutral,0.7
Nature,Daily briefing: Huge data set reveals COVID-19’s unequal toll in the United States,,https://doi.org/10.1038/d41586-020-02036-7,Flora Graham,2020-07-06,2020,article,0,https://openalex.org/W4205545078,https://openalex.org/W4205545078,United States,803,negative,0.8
Nature,Why the United States is having a coronavirus data crisis,,https://doi.org/10.1038/d41586-020-02478-z,Amy Maxmen,2020-08-25,2020,article,26,https://openalex.org/W3081378665,https://openalex.org/W3081378665,United States,804,negative,0.9
Nature,Africa’s reforestation: European Union and United States should step up,,https://doi.org/10.1038/d41586-020-03642-1,David Gurwitz,2021-01-05,2021,article,1,https://openalex.org/W3120911244,https://openalex.org/W3120911244,United States,805,positive,0.8
Nature,Widespread potential loss of streamflow into underlying aquifers across the USA,,https://doi.org/10.1038/s41586-021-03311-x,Scott Jasechko; Hansjörg Seybold; Debra Perrone; Ying Fan; James W. Kirchner,2021-03-17,2021,article,157,https://openalex.org/W3138289994,https://openalex.org/W3138289994,United States,806,negative,0.9
Nature,"Form a climate club: United States, European Union and China",,https://doi.org/10.1038/d41586-021-00736-2,Simone Tagliapietra; Guntram B. Wolff,2021-03-23,2021,article,68,https://openalex.org/W3137228542,https://openalex.org/W3137228542,United States,807,positive,0.9
Nature,Will the United States make its most dramatic climate pledge yet?,,https://doi.org/10.1038/d41586-021-01000-3,Jeff Tollefson,2021-04-16,2021,article,1,https://openalex.org/W3156439180,https://openalex.org/W3156439180,United States,808,neutral,0.9
Nature,United States: invest infrastructure stimulus in astronomy facilities,,https://doi.org/10.1038/d41586-021-01691-8,Adam C. Cohen; Matt Mountain; David H. Reitze,2021-06-22,2021,article,0,https://openalex.org/W3173992662,https://openalex.org/W3173992662,United States,809,neutral,0.6
Nature,Household water crisis affects millions in the United States,,https://doi.org/10.1038/d41586-021-01704-6,,2021-06-22,2021,article,0,https://openalex.org/W4205908106,https://openalex.org/W4205908106,United States,810,negative,0.95
Nature,Burden and characteristics of COVID-19 in the United States during 2020,,https://doi.org/10.1038/s41586-021-03914-4,Sen Pei; Teresa K. Yamana; Sasikiran Kandula; Marta Galanti; Jeffrey Shaman,2021-08-26,2021,article,204,https://openalex.org/W3195051481,https://openalex.org/W3195051481,United States,811,neutral,0.9
Nature,United States has several programmes for early-career leaders,,https://doi.org/10.1038/d41586-021-02830-x,D. Najib; John Boright; John Hildebrand,2021-10-19,2021,article,1,https://openalex.org/W3206943438,https://openalex.org/W3206943438,United States,812,neutral,0.95
Nature,The United States needs a department of technology and science policy,,https://doi.org/10.1038/d41586-021-03543-x,Harold Varmus; Elias A. Zerhouni,2021-11-30,2021,article,1,https://openalex.org/W3215948835,https://openalex.org/W3215948835,United States,813,neutral,0.8
Nature,Daily briefing: The United States’s controversial China Initiative is over,,https://doi.org/10.1038/d41586-022-00609-2,Flora Graham,2022-02-28,2022,article,0,https://openalex.org/W4214914034,https://openalex.org/W4214914034,United States,814,neutral,0.6
Nature,Daily briefing: Results from GM mosquito trial in the United States,,https://doi.org/10.1038/d41586-022-01098-z,Flora Graham,2022-04-19,2022,article,0,https://openalex.org/W4224229534,https://openalex.org/W4224229534,United States,815,neutral,0.9
Nature,Daily briefing: COVID czar Ashish Jha on the United States’ pandemic future,,https://doi.org/10.1038/d41586-022-01756-2,Flora Graham,2022-06-22,2022,article,0,https://openalex.org/W4283330599,https://openalex.org/W4283330599,United States,816,neutral,0.9
Nature,Coronapod: USA authorizes vaccines for youngest of kids,,https://doi.org/10.1038/d41586-022-01776-y,Noah Baker; LAUREN K. WOLF,2022-06-24,2022,article,0,https://openalex.org/W4283384318,https://openalex.org/W4283384318,United States,817,positive,0.85
Nature,How a dangerous stew of air pollution is choking the United States,,https://doi.org/10.1038/d41586-022-04333-9,Virginia Gewin,2022-12-06,2022,article,2,https://openalex.org/W4311574129,https://openalex.org/W4311574129,United States,818,negative,0.98
Nature,"International students are returning to the United States, but will that last?",,https://doi.org/10.1038/d41586-022-04431-8,Virginia Gewin,2022-12-12,2022,article,0,https://openalex.org/W4311284641,https://openalex.org/W4311284641,United States,819,neutral,0.6
Nature,Confronting racism in Black maternal health care in the United States,,https://doi.org/10.1038/d41586-022-04409-6,Frances Gatta,2022-12-12,2022,article,0,https://openalex.org/W4311286445,https://openalex.org/W4311286445,United States,820,positive,0.75
Nature,Coronavirus variant XBB.1.5 rises in the United States — is it a global threat?,,https://doi.org/10.1038/d41586-023-00014-3,Ewen Callaway,2023-01-09,2023,article,86,https://openalex.org/W4313887879,https://openalex.org/W4313887879,United States,821,negative,0.8
Nature,Daily briefing: What’s behind falling life expectancy in the United States,,https://doi.org/10.1038/d41586-023-00930-4,Flora Graham,2023-03-29,2023,article,0,https://openalex.org/W4361279815,https://openalex.org/W4361279815,United States,822,negative,0.9
Nature,China overtakes United States on contribution to research in Nature Index,,https://doi.org/10.1038/d41586-023-01705-7,Simon Baker,2023-05-19,2023,article,18,https://openalex.org/W4377096125,https://openalex.org/W4377096125,United States,823,positive,0.85
Nature,The contribution of wildfire to PM2.5 trends in the USA,,https://doi.org/10.1038/s41586-023-06522-6,Marshall Burke; Marissa L. Childs; Brandon De La Cuesta; Minghao Qiu; Jessica Li; Carlos Gould; Sam Heft‐Neal; Michael W. Wara,2023-09-20,2023,article,326,https://openalex.org/W4386886497,https://openalex.org/W4386886497,United States,824,neutral,0.9
Nature,Wildfires are worsening air quality in the United States,"Air-pollution data from pollution-monitoring stations and satellites show that wildfire smoke has influenced trends in levels of fine particulate matter in nearly three-quarters of the contiguous United States, undoing around 25% of air-quality improvements made between 2000 and 2016. Wildfires are likely to further erode air quality in the country as the climate warms. Pollution data show that air quality would have continued to improve over the past seven years in the absence of wildfire smoke.",https://doi.org/10.1038/d41586-023-02794-0,,2023-09-20,2023,article,4,https://openalex.org/W4386887821,https://openalex.org/W4386887821,United States,825,negative,0.9
Nature,United States and India are becoming science partners of choice,,https://doi.org/10.1038/d41586-023-03443-2,Natasha Gilbert,2023-11-08,2023,article,0,https://openalex.org/W4388490454,https://openalex.org/W4388490454,United States,826,positive,0.95
Nature,Mortality caused by tropical cyclones in the United States,"Abstract Natural disasters trigger complex chains of events within human societies 1 . Immediate deaths and damage are directly observed after a disaster and are widely studied, but delayed downstream outcomes, indirectly caused by the disaster, are difficult to trace back to the initial event 1,2 . Tropical cyclones (TCs)—that is, hurricanes and tropical storms—are widespread globally and have lasting economic impacts 3–5 , but their full health impact remains unknown. Here we conduct a large-scale evaluation of long-term effects of TCs on human mortality in the contiguous United States (CONUS) for all TCs between 1930 and 2015. We observe a robust increase in excess mortality that persists for 15 years after each geophysical event. We estimate that the average TC generates 7,000–11,000 excess deaths, exceeding the average of 24 immediate deaths reported in government statistics 6,7 . Tracking the effects of 501 historical storms, we compute that the TC climate of CONUS imposes an undocumented mortality burden that explains a substantial fraction of the higher mortality rates along the Atlantic coast and is equal to roughly 3.2–5.1% of all deaths. These findings suggest that the TC climate, previously thought to be unimportant for broader public health outcomes, is a meaningful underlying driver for the distribution of mortality risk in CONUS, especially among infants (less than 1 year of age), people 1–44 years of age, and the Black population. Understanding why TCs induce this excess mortality is likely to yield substantial health benefits.",https://doi.org/10.1038/s41586-024-07945-5,Rachel M. Young; Solomon Hsiang,2024-10-02,2024,article,91,https://openalex.org/W4403062928,https://openalex.org/W4403062928,United States,827,negative,0.8
Nature,United States sets the pace for implantable brain–computer interfaces,,https://doi.org/10.1038/d41586-024-03046-5,Liam Drew,2024-10-02,2024,article,1,https://openalex.org/W4403070001,https://openalex.org/W4403070001,United States,828,positive,0.9
Nature,"The United States, as a marine superpower, must ratify the high seas biodiversity treaty now",,https://doi.org/10.1038/d41586-024-03867-4,Alice B. M. Vadrot,2024-11-26,2024,article,0,https://openalex.org/W4404723943,https://openalex.org/W4404723943,United States,829,positive,0.9
Nature,Is political interference causing faculty brain drain in the southern United States?,,https://doi.org/10.1038/d41586-024-04070-1,Laurie Udesky,2024-12-20,2024,article,1,https://openalex.org/W4405618100,https://openalex.org/W4405618100,United States,830,negative,0.7
Nature,The financial shackling of historically Black universities in the United States,,https://doi.org/10.1038/d41586-025-00481-w,Joseph L. Graves,2025-03-06,2025,article,1,https://openalex.org/W4408181247,https://openalex.org/W4408181247,United States,831,negative,0.9
Nature,These frustrated scientists want to leave the United States — do you? Take Nature’s poll,,https://doi.org/10.1038/d41586-025-00757-1,Smriti Mallapaty,2025-03-13,2025,article,0,https://openalex.org/W4408403398,https://openalex.org/W4408403398,United States,832,negative,0.9
Nature,Action needed to mitigate effects of slashing USAID,,https://doi.org/10.1038/d41586-025-01005-2,Zaheer Allam; Ali Cheshmehzangi,2025-04-01,2025,article,0,https://openalex.org/W4409035365,https://openalex.org/W4409035365,United States,833,negative,0.9
Nature,How the United States became a science superpower — and how quickly it could crumble,,https://doi.org/10.1038/d41586-025-01146-4,Steve Blank,2025-04-14,2025,article,8,https://openalex.org/W4409408337,https://openalex.org/W4409408337,United States,834,negative,0.8
Nature,China overtakes the United States in cancer research output,,https://doi.org/10.1038/d41586-025-01154-4,,2025-04-23,2025,article,2,https://openalex.org/W4409696425,https://openalex.org/W4409696425,United States,835,neutral,0.9
Nature,USAID’s shutdown: a crisis for sub-Saharan Africa,,https://doi.org/10.1038/d41586-025-01405-4,Mauer Gonçalves; Howard Lopes Ribeiro,2025-05-06,2025,article,0,https://openalex.org/W4410132486,https://openalex.org/W4410132486,United States,836,negative,0.95
Nature,Not all clinical data in the United States are fragmented,,https://doi.org/10.1038/d41586-025-01810-9,Enlli Lewis,2025-06-10,2025,article,0,https://openalex.org/W4411190729,https://openalex.org/W4411190729,United States,837,neutral,0.85
Nature,‘We couldn’t live without it’: the UCSC Genome Browser turns 25,,https://doi.org/10.1038/d41586-025-02034-7,Michael Eisenstein,2025-06-30,2025,article,1,https://openalex.org/W4411834036,https://openalex.org/W4411834036,United States,838,positive,0.98
Nature,Inventions that made the United States a powerhouse of innovation,,https://doi.org/10.1038/d41586-025-02061-4,,2025-07-08,2025,article,0,https://openalex.org/W4412156564,https://openalex.org/W4412156564,United States,839,positive,0.95
Nature,Meet the early-career scientists planning to leave the United States,,https://doi.org/10.1038/d41586-025-01900-8,Rita Aksenfeld; Jenna Ahart,2025-07-25,2025,article,4,https://openalex.org/W4412708351,https://openalex.org/W4412708351,United States,840,negative,0.65
Nature,Wildfire smoke exposure and mortality burden in the USA under climate change,,https://doi.org/10.1038/s41586-025-09611-w,Minghao Qiu; Jessica Li; Carlos Gould; Renzhi Jing; Makoto Kelp; Marissa L. Childs; Jeff Wen; Yuanyu Xie; Meiyun Lin; Mathew V. Kiang; Sam Heft‐Neal; Noah S. Diffenbaugh; Marshall Burke,2025-09-18,2025,article,37,https://openalex.org/W4414312165,https://openalex.org/W4414312165,United States,841,neutral,0.95
Nature,Climate change is reshaping fish communities in the United States,,https://doi.org/10.1038/d41586-025-02826-x,Ian P. Vaughan,2025-09-24,2025,article,0,https://openalex.org/W4414453547,https://openalex.org/W4414453547,United States,842,neutral,0.8
Nature,China is planning to land people on the Moon — and might beat the United States to it,,https://doi.org/10.1038/d41586-026-01059-w,Jonathan O'Callaghan,2026-04-02,2026,article,0,https://openalex.org/W7148673585,https://openalex.org/W7148673585,United States,843,neutral,0.7
Science,"DATA CHECK: For female scientists, mixed funding results at U.S. agencies",Report to Congress finds a gender disparity in grant awards—and a dearth of data.,https://doi.org/10.1126/science.351.6269.115,Jeffrey Mervis,2016-01-07,2016,article,1,https://openalex.org/W2236297806,https://openalex.org/W2236297806,United States,844,neutral,0.9
Science,"Flawed U.S. response to pig virus outbreaks highlights vulnerabilities, report finds",,https://doi.org/10.1126/science.aae0256,Puneet Kollipara,2016-01-20,2016,article,0,https://openalex.org/W2774889340,https://openalex.org/W2774889340,United States,845,negative,0.9
Science,"Better power lines would help U.S. supercharge renewable energy, study suggests",,https://doi.org/10.1126/science.aae0271,Puneet Kollipara,2016-01-25,2016,article,1,https://openalex.org/W2774140368,https://openalex.org/W2774140368,United States,846,positive,0.9
Science,"U.S. charges drug researchers with sending trade secrets to China, but will case stand up?",,https://doi.org/10.1126/science.aae0273,Mara Hvistendahl,2016-01-26,2016,article,0,https://openalex.org/W2774187580,https://openalex.org/W2774187580,United States,847,negative,0.85
Science,U.S. and Cuban researchers begin neuroscience collaborations,The projects reflect a decades-long commitment by AAAS to foster partnerships with Cuban scientists,https://doi.org/10.1126/science.351.6272.458,Becky Ham,2016-01-28,2016,article,1,https://openalex.org/W2282762200,https://openalex.org/W2282762200,United States,848,neutral,0.9
Science,Updated: U.S. House passes controversial bill on NSF research,,https://doi.org/10.1126/science.aae0320,Jeffrey Mervis,2016-02-05,2016,article,1,https://openalex.org/W2599351266,https://openalex.org/W2599351266,United States,849,negative,0.7
Science,Climate confusion among U.S. teachers,Teachers' knowledge and values can hinder climate education,https://doi.org/10.1126/science.aab3907,Eric Plutzer; M. S. McCaffrey; A. Lee Hannah; Joshua Rosenau; Minda Berbeco; Ann Reid,2016-02-12,2016,article,302,https://openalex.org/W2287963350,https://openalex.org/W2287963350,United States,850,negative,0.7
Science,Scientists race to stop an amphibian-killing fungus from entering the United States,,https://doi.org/10.1126/science.aaf4053,Patrick O. Monahan,2016-02-12,2016,article,0,https://openalex.org/W2323903300,https://openalex.org/W2323903300,United States,851,negative,0.8
Science,What’s the face of U.S. innovation? Don’t think Bill Gates,,https://doi.org/10.1126/science.aaf4146,David Malakoff,2016-03-03,2016,article,0,https://openalex.org/W2320498913,https://openalex.org/W2320498913,United States,852,neutral,0.8
Science,"U.S. needs Robin Hood approach to saving endangered species, researcher argues",,https://doi.org/10.1126/science.aaf4191,Susan Cosier,2016-03-14,2016,article,0,https://openalex.org/W2603830238,https://openalex.org/W2603830238,United States,853,positive,0.7
Science,"U.S. agencies need better data to protect bees, watchdog says",,https://doi.org/10.1126/science.aaf4198,Puneet Kollipara,2016-03-15,2016,article,0,https://openalex.org/W2332872308,https://openalex.org/W2332872308,United States,854,neutral,0.7
Science,Opposition stalls U.S. Senate bill aimed at blocking GMO food labels,,https://doi.org/10.1126/science.aaf4206,Puneet Kollipara,2016-03-17,2016,article,1,https://openalex.org/W2316517578,https://openalex.org/W2316517578,United States,855,negative,0.8
Science,U.S. and China cooperate to thwart nuclear smuggling,,https://doi.org/10.1126/science.aaf4203,Kathleen McLaughlin,2016-03-17,2016,article,0,https://openalex.org/W2334712983,https://openalex.org/W2334712983,United States,856,positive,0.9
Science,Reboot Gitmo for U.S.-Cuba research diplomacy,Transform Guantánamo into a peace park and ecological research center,https://doi.org/10.1126/science.aad4247,Joe Roman; James Kraska,2016-03-18,2016,article,11,https://openalex.org/W2308455059,https://openalex.org/W2308455059,United States,857,positive,0.7
Science,"U.S. senators advance biomedical innovation bills, but key NIH funding issue unresolved",,https://doi.org/10.1126/science.aaf9891,Kelly Servick,2016-04-07,2016,article,1,https://openalex.org/W2599218395,https://openalex.org/W2599218395,United States,858,negative,0.6
Science,U.S. looking to expert panel to predict future GM products,,https://doi.org/10.1126/science.aaf9935,Kelly Servick,2016-04-19,2016,article,2,https://openalex.org/W2399811040,https://openalex.org/W2399811040,United States,859,neutral,0.9
Science,"U.S. Senate calls for building three, not two, new regional research vessels",,https://doi.org/10.1126/science.aaf9940,Carolyn Gramling,2016-04-19,2016,article,0,https://openalex.org/W2404697613,https://openalex.org/W2404697613,United States,860,neutral,0.7
Science,New energy bill approved by U.S. Senate looks favorably on research,,https://doi.org/10.1126/science.aaf9946,Warren Cornwall,2016-04-20,2016,article,0,https://openalex.org/W2603581110,https://openalex.org/W2603581110,United States,861,positive,0.9
Science,"ITER leader faces tough questions, even from relatively supportive U.S. House panel",,https://doi.org/10.1126/science.aaf9953,Adrian Cho,2016-04-21,2016,article,1,https://openalex.org/W2600756653,https://openalex.org/W2600756653,United States,862,negative,0.7
Science,U.S. and U.K. universities announce binational postdoc program,,https://doi.org/10.1126/science.caredit.a1600066,Beryl Lieff Benderly,2016-04-21,2016,article,0,https://openalex.org/W2337261200,https://openalex.org/W2337261200,United States,863,neutral,0.9
Science,"U.S. goes shopping in Iran’s nuclear bazaar, will buy heavy water for science",,https://doi.org/10.1126/science.aaf9962,Richard Stone,2016-04-22,2016,article,0,https://openalex.org/W2601935479,https://openalex.org/W2601935479,United States,864,neutral,0.9
Science,Critics complain as U.S. shops in Iran's nuclear bazaar,"Heavy water purchase will benefit science, industry.",https://doi.org/10.1126/science.352.6285.502,Richard Stone,2016-04-28,2016,article,0,https://openalex.org/W2344179372,https://openalex.org/W2344179372,United States,865,negative,0.9
Science,Empirical evidence of contrasting soil moisture–precipitation feedbacks across the United States,"Soil moisture influences fluxes of heat and moisture originating at the land surface, thus altering atmospheric humidity and temperature profiles. However, empirical and modeling studies disagree on how this affects the propensity for precipitation, mainly owing to the difficulty in establishing causality. We use Granger causality to estimate the relationship between soil moisture and occurrence of subsequent precipitation over the contiguous United States using remotely sensed soil moisture and gauge-based precipitation observations. After removing potential confounding effects of daily persistence, and seasonal and interannual variability in precipitation, we find that soil moisture anomalies significantly influence rainfall probabilities over 38% of the area with a median factor of 13%. The feedback is generally positive in the west and negative in the east, suggesting dependence on regional aridity.",https://doi.org/10.1126/science.aaa7185,S. E. Tuttle; Guido D. Salvucci,2016-05-12,2016,article,244,https://openalex.org/W2352044181,https://openalex.org/W2352044181,United States,866,neutral,0.95
Science,Soil moisture alters next-day rainfall in the United States,,https://doi.org/10.1126/science.aaf5718,Eric Hand,2016-05-12,2016,article,0,https://openalex.org/W2773880086,https://openalex.org/W2773880086,United States,867,neutral,0.9
Science,"Once again, U.S. expert panel says genetically engineered crops are safe to eat",,https://doi.org/10.1126/science.aaf9997,Kelly Servick,2016-05-17,2016,article,1,https://openalex.org/W2402624848,https://openalex.org/W2402624848,United States,868,positive,0.95
Science,U.S. research groups going to war again over small business funding,,https://doi.org/10.1126/science.aaf5728,Jeffrey Mervis,2016-05-18,2016,article,0,https://openalex.org/W2399692980,https://openalex.org/W2399692980,United States,869,negative,0.9
Science,"As U.S. moves to cut greenhouse emissions from farms, new study finds big global challenge",,https://doi.org/10.1126/science.aag0007,Virginia Gewin,2016-05-19,2016,article,1,https://openalex.org/W2398591167,https://openalex.org/W2398591167,United States,870,neutral,0.7
Science,"New U.S. overtime rules will bump up postdoc pay, but could hurt research budgets",,https://doi.org/10.1126/science.aaf5735,Jocelyn Kaiser,2016-05-19,2016,article,1,https://openalex.org/W2403272129,https://openalex.org/W2403272129,United States,871,negative,0.6
Science,U.S. lawmaker orders NASA to plan for trip to Alpha Centauri by 100th anniversary of moon landing,,https://doi.org/10.1126/science.aag0558,Daniel Clery,2016-05-23,2016,article,2,https://openalex.org/W2397547971,https://openalex.org/W2397547971,United States,872,positive,0.9
Science,Updated: United States adopts major chemical safety overhaul,,https://doi.org/10.1126/science.aag0564,Puneet Kollipara,2016-05-26,2016,article,1,https://openalex.org/W2404024336,https://openalex.org/W2404024336,United States,873,positive,0.9
Science,"U.S. should stick with troubled ITER fusion project, secretary of energy recommends",,https://doi.org/10.1126/science.aag0568,Adrian Cho,2016-05-26,2016,article,0,https://openalex.org/W2394610023,https://openalex.org/W2394610023,United States,874,positive,0.7
Science,U.S. advisers sign off on plan for reviewing risky virus studies,,https://doi.org/10.1126/science.aaf5753,Jocelyn Kaiser,2016-05-27,2016,article,1,https://openalex.org/W2398661232,https://openalex.org/W2398661232,United States,875,neutral,0.9
Science,"Not unexpectedly, a new drug-resistant ‘superbug’ pops up in the United States",,https://doi.org/10.1126/science.aag0576,Kelly Servick,2016-05-27,2016,article,0,https://openalex.org/W2400913920,https://openalex.org/W2400913920,United States,876,negative,0.9
Science,New chair of science board helps make NSF’s case to U.S. Congress,,https://doi.org/10.1126/science.aag0582,Jeffrey Mervis,2016-05-31,2016,article,0,https://openalex.org/W2598978296,https://openalex.org/W2598978296,United States,877,neutral,0.9
Science,Some U.S. nuke testing sites are now less radioactive than Central Park,,https://doi.org/10.1126/science.aag0591,Patrick Monahan,2016-06-06,2016,article,0,https://openalex.org/W2773724603,https://openalex.org/W2773724603,United States,878,neutral,0.8
Science,Frustrated by politics—and under investigation—Italian bird flu scientist heads to the United States,,https://doi.org/10.1126/science.aag0593,Luca Tancredi Barone,2016-06-07,2016,article,1,https://openalex.org/W2774335430,https://openalex.org/W2774335430,United States,879,negative,0.9
Science,U.S. Academies gives cautious go-ahead to gene drive,,https://doi.org/10.1126/science.aaf5773,Elizabeth Pennisi,2016-06-08,2016,article,2,https://openalex.org/W2417465402,https://openalex.org/W2417465402,United States,880,positive,0.8
Science,"Top stories: A very ancient hobbit, four new element names, and the U.S. Academies weigh in on risky GMO technology",,https://doi.org/10.1126/science.aaf5778,Patrick J. Monahan,2016-06-10,2016,article,0,https://openalex.org/W2412765766,https://openalex.org/W2412765766,United States,881,neutral,0.7
Science,California to fund first public research center on gun violence in the United States,,https://doi.org/10.1126/science.aag0621,Emily Underwood,2016-06-17,2016,article,0,https://openalex.org/W2420443097,https://openalex.org/W2420443097,United States,882,positive,0.9
Science,China overtakes U.S. supercomputing lead,,https://doi.org/10.1126/science.aaf5791,Robert F. Service,2016-06-20,2016,article,0,https://openalex.org/W4251457228,https://openalex.org/W4251457228,United States,883,positive,0.9
Science,STEM educators fear spending bill undermines goal of new U.S. law,,https://doi.org/10.1126/science.aaf5795,Devi Shastri,2016-06-21,2016,article,0,https://openalex.org/W2461450392,https://openalex.org/W2461450392,United States,884,negative,0.9
Science,"Giant U.S. fusion laser might never achieve goal, report concludes",,https://doi.org/10.1126/science.aaf5793,Daniel Clery,2016-06-21,2016,article,0,https://openalex.org/W2471657208,https://openalex.org/W2471657208,United States,885,negative,0.9
Science,Senators introduce bipartisan bill to support U.S. research and education,,https://doi.org/10.1126/science.aaf5810,Jeffrey Mervis,2016-06-23,2016,article,0,https://openalex.org/W2471793517,https://openalex.org/W2471793517,United States,886,positive,0.95
Science,New U.S. drone rules get positive reviews from researchers,,https://doi.org/10.1126/science.aaf5817,Dianne Lugo,2016-06-24,2016,article,0,https://openalex.org/W2775506557,https://openalex.org/W2775506557,United States,887,positive,0.98
Science,"U.S. should abandon controversial effort to update human research rules, National Academies panel says",,https://doi.org/10.1126/science.aaf5824,David Malakoff,2016-06-29,2016,article,2,https://openalex.org/W2472275449,https://openalex.org/W2472275449,United States,888,negative,0.9
Science,Reforms to improve U.S. government accountability,Bill will encode a “presumption of openness” into law,https://doi.org/10.1126/science.aag2886,Alexander B. Howard; Patrice McDermott,2016-07-01,2016,article,4,https://openalex.org/W2471061342,https://openalex.org/W2471061342,United States,889,positive,0.9
Science,U.S. Senate passes GM food labeling bill,,https://doi.org/10.1126/science.aag0649,Dianne Lugo,2016-07-08,2016,article,2,https://openalex.org/W2472992155,https://openalex.org/W2472992155,United States,890,neutral,0.9
Science,Bill to reform U.S. skilled worker visa programs is effort to ‘build momentum’,,https://doi.org/10.1126/science.caredit.a1600109,Beryl Lieff Benderly,2016-07-21,2016,article,0,https://openalex.org/W2482755755,https://openalex.org/W2482755755,United States,891,neutral,0.7
Science,Zika has gained a foothold in Florida but is unlikely to become widespread in the United States,,https://doi.org/10.1126/science.aag0710,Jon Cohen,2016-07-29,2016,article,2,https://openalex.org/W2491668011,https://openalex.org/W2491668011,United States,892,neutral,0.8
Science,China-U.S. cooperation to advance nuclear power,Mass-manufacturing and coordinated approvals are key,https://doi.org/10.1126/science.aaf7131,Junji Cao; Armond Cohen; James E. Hansen; Richard K. Lester; Per F. Peterson; Hongjie Xu,2016-08-04,2016,article,53,https://openalex.org/W2480049662,https://openalex.org/W2480049662,United States,893,neutral,0.9
Science,Much of U.S. coastline vulnerable to hidden contamination,,https://doi.org/10.1126/science.aag0722,Emily Underwood,2016-08-04,2016,article,0,https://openalex.org/W2504305724,https://openalex.org/W2504305724,United States,894,negative,0.95
Science,U.S. science groups have 20 questions for candidates,,https://doi.org/10.1126/science.aag0743,Jeffrey Mervis,2016-08-10,2016,article,0,https://openalex.org/W2775537888,https://openalex.org/W2775537888,United States,895,neutral,0.9
Science,Blue ribbon report urges U.S. cancer moonshot to invest in 10 promising areas,,https://doi.org/10.1126/science.aah7271,Jocelyn Kaiser,2016-09-07,2016,article,4,https://openalex.org/W2509041949,https://openalex.org/W2509041949,United States,896,neutral,0.9
Science,"Most humpback whales no longer endangered, United States says",,https://doi.org/10.1126/science.aah7274,Virginia Morell,2016-09-07,2016,article,0,https://openalex.org/W2510187204,https://openalex.org/W2510187204,United States,897,positive,0.95
Science,A U.S. “Cancer Moonshot” to accelerate cancer research,Patient engagement and data sharing must improve,https://doi.org/10.1126/science.aai7862,Dinah S. Singer; Tyler Jacks; Elizabeth M. Jaffee,2016-09-08,2016,article,56,https://openalex.org/W2510824538,https://openalex.org/W2510824538,United States,898,positive,0.9
Science,A missed opportunity for U.S. biotechnology regulation,Policy options for change were not on the table,https://doi.org/10.1126/science.aai7854,Jennifer Kuzma,2016-09-15,2016,article,21,https://openalex.org/W2520048372,https://openalex.org/W2520048372,United States,899,negative,0.9
Science,Will latest U.S. law lead to successful schools in STEM?,"Despite shortcomings, there is room for cautious optimism",https://doi.org/10.1126/science.aah4037,Adam Gamoran,2016-09-15,2016,article,6,https://openalex.org/W2519357408,https://openalex.org/W2519357408,United States,900,neutral,0.6
Science,"United States will miss Paris climate targets without further action, study finds",,https://doi.org/10.1126/science.aah7344,Warren Cornwall,2016-09-26,2016,article,0,https://openalex.org/W2525907097,https://openalex.org/W2525907097,United States,901,negative,0.8
Science,Director of U.S. fusion lab steps downs as researchers struggle to repair flagship machine,,https://doi.org/10.1126/science.aah7351,Adrian Cho,2016-09-27,2016,article,0,https://openalex.org/W2523907619,https://openalex.org/W2523907619,United States,902,negative,0.9
Science,"U.S. officials welcome new Zika funding, but say delays hurt",,https://doi.org/10.1126/science.aah7375,Jon Cohen,2016-10-03,2016,article,1,https://openalex.org/W2527926568,https://openalex.org/W2527926568,United States,903,negative,0.65
Science,U.S. charges journal publisher with misleading authors,OMICS Group Inc. has drawn numerous complaints about allegedly shady editorial practices and meetings.,https://doi.org/10.1126/science.354.6308.23,John Bohannon,2016-10-06,2016,article,7,https://openalex.org/W2529129382,https://openalex.org/W2529129382,United States,904,negative,0.9
Science,U.S. and U.K. plan ‘Thwaites invasion’ in Antarctica,,https://doi.org/10.1126/science.aal0238,Paul Voosen,2016-10-06,2016,article,0,https://openalex.org/W2529205796,https://openalex.org/W2529205796,United States,905,negative,0.7
Science,U.S. and Cuban biomedical researchers are free to collaborate,,https://doi.org/10.1126/science.aal0265,Richard M. Stone,2016-10-14,2016,article,0,https://openalex.org/W2530596391,https://openalex.org/W2530596391,United States,906,positive,0.9
Science,Are U.S. schools teaching hands-off science?,,https://doi.org/10.1126/science.aal0332,Jeffrey Mervis,2016-11-01,2016,article,0,https://openalex.org/W2548792885,https://openalex.org/W2548792885,United States,907,negative,0.7
Science,The average U.S. family destroys a football field's worth of Arctic sea ice every 30 years,,https://doi.org/10.1126/science.aal0339,Warren Cornwall,2016-11-03,2016,article,0,https://openalex.org/W2548249567,https://openalex.org/W2548249567,United States,908,negative,0.95
Science,Data Check: California rules U.S. corporate research,New NSF survey finds that California has widened its lead over the rest of the country in state-by-state analysis of what companies spend on research.,https://doi.org/10.1126/science.354.6312.537,Jeffrey Mervis,2016-11-03,2016,article,0,https://openalex.org/W2548257018,https://openalex.org/W2548257018,United States,909,neutral,0.9
Science,"Toward a national, sustained U.S. ecosystem assessment","Pieces are in place, but need coordination and policy focus",https://doi.org/10.1126/science.aah5750,Stephen T. Jackson; Clifford S. Duke; Stephanie E. Hampton; Katharine L. Jacobs; Lucas Joppa; Karim-Aly Kassam; Harold A. Mooney; Laura A. Ogden; Mary Ruckelshaus; Jason F. Shogren,2016-11-17,2016,article,21,https://openalex.org/W2549990029,https://openalex.org/W2549990029,United States,910,neutral,0.95
Science,New U.S. Research Policy Board would aim to slash regulatory paperwork,,https://doi.org/10.1126/science.aal0436,Jeffrey Mervis,2016-11-29,2016,article,0,https://openalex.org/W2559263365,https://openalex.org/W2559263365,United States,911,neutral,0.8
Science,More tornadoes in the most extreme U.S. tornado outbreaks,"Tornadoes and severe thunderstorms kill people and damage property every year. Estimated U.S. insured losses due to severe thunderstorms in the first half of 2016 were $8.5 billion (US). The largest U.S. effects of tornadoes result from tornado outbreaks, which are sequences of tornadoes that occur in close succession. Here, using extreme value analysis, we find that the frequency of U.S. outbreaks with many tornadoes is increasing and that it is increasing faster for more extreme outbreaks. We model this behavior by extreme value distributions with parameters that are linear functions of time or of some indicators of multidecadal climatic variability. Extreme meteorological environments associated with severe thunderstorms show consistent upward trends, but the trends do not resemble those currently expected to result from global warming.",https://doi.org/10.1126/science.aah7393,Michael K. Tippett; Chiara Lepore; Joel E. Cohen,2016-12-01,2016,article,143,https://openalex.org/W2559652366,https://openalex.org/W2559652366,United States,912,negative,0.6
Science,Reforming the U.S. coal leasing program,Royalty rates and auction practices do not reflect the social costs of coal,https://doi.org/10.1126/science.aak9851,Kenneth Gillingham; James Bushnell; Meredith Fowlie; Michael Greenstone; Charles D. Kolstad; Alan Krupnick; Adele C. Morris; Richard Schmalensee; James H. Stock,2016-12-01,2016,article,10,https://openalex.org/W2558064509,https://openalex.org/W2558064509,United States,913,neutral,0.9
Science,U.S. Congress wants to know the weather weeks ahead,Bill targets seasonal forecasts and NOAA's pricey satellites.,https://doi.org/10.1126/science.354.6317.1212,Paul Voosen,2016-12-08,2016,article,0,https://openalex.org/W2560822978,https://openalex.org/W2560822978,United States,914,neutral,0.9
Science,U.S. seafood import restriction presents opportunity and risk,Marine mammal protections require increased global capacity,https://doi.org/10.1126/science.aai8222,Rob Williams; Matthew G. Burgess; Erin Ashe; Steven D. Gaines; Randall R. Reeves,2016-12-15,2016,article,51,https://openalex.org/W2566404476,https://openalex.org/W2566404476,United States,915,neutral,0.8
Science,"In reversal, U.S. Park Service aims to move new wolves to Isle Royale",,https://doi.org/10.1126/science.aal0528,Christine Mlot,2016-12-16,2016,article,0,https://openalex.org/W2772504008,https://openalex.org/W2772504008,United States,916,neutral,0.8
Science,U.S. physics society removes chief lobbyist after controversial press release on Trump’s election,,https://doi.org/10.1126/science.aal0549,Jeffrey Mervis,2016-12-21,2016,article,0,https://openalex.org/W2563031384,https://openalex.org/W2563031384,United States,917,negative,0.8
Science,Genetic identification of familial hypercholesterolemia within a single U.S. health care system,"Familial hypercholesterolemia (FH) remains underdiagnosed despite widespread cholesterol screening. Exome sequencing and electronic health record (EHR) data of 50,726 individuals were used to assess the prevalence and clinical impact of FH-associated genomic variants in the Geisinger Health System. The estimated FH prevalence was 1:256 in unselected participants and 1:118 in participants ascertained via the cardiac catheterization laboratory. FH variant carriers had significantly increased risk of coronary artery disease. Only 24% of carriers met EHR-based presequencing criteria for probable or definite FH diagnosis. Active statin use was identified in 58% of carriers; 46% of statin-treated carriers had a low-density lipoprotein cholesterol level below 100 mg/dl. Thus, we find that genomic screening can prompt the diagnosis of FH patients, most of whom are receiving inadequate lipid-lowering therapy.",https://doi.org/10.1126/science.aaf7000,Noura S. Abul‐Husn; Kandamurugu Manickam; Laney K. Jones; Eric A. Wright; Dustin N. Hartzel; Claudia Gonzaga‐Jauregui; Colm O’Dushlaine; Joseph B. Leader; H. Lester Kirchner; D’Andra M. Lindbuchler; Marci L Barr; Monica A. Giovanni; Marylyn D. Ritchie; John D. Overton; Jeffrey G. Reid; Raghu Metpally; Amr H. Wardeh; Ingrid B. Borecki; George D. Yancopoulos; Aris Baras; Alan R. Shuldiner; Omri Gottesman; David H. Ledbetter; David J. Carey; Frederick E. Dewey; Michael F. Murray,2016-12-22,2016,article,439,https://openalex.org/W2567297878,https://openalex.org/W2567297878,United States,918,neutral,0.95
Science,Policy reforms to update chemical safety testing: TSCA reform empowers EPA to use modernized safety testing in the United States,,,Emilie Andre; F Malloy Timothy,2017-01-01,2017,article,0,https://openalex.org/W2748345637,https://openalex.org/W2748345637,United States,919,positive,0.8
Science,"U.S. should pursue controversial geoengineering research, federal scientists say for first time",,https://doi.org/10.1126/science.aal0590,Eli Kintisch,2017-01-09,2017,article,1,https://openalex.org/W2569687093,https://openalex.org/W2569687093,United States,920,positive,0.75
Science,"Here’s how to improve controversial carbon accounting tool that Trump allies want to gut, says U.S. science academy",,https://doi.org/10.1126/science.aal0610,Robert F. Service,2017-01-11,2017,article,0,https://openalex.org/W4236249582,https://openalex.org/W4236249582,United States,921,neutral,0.6
Science,"Pot has some medical benefits, U.S. Academies say, but obstacles to research loom",,https://doi.org/10.1126/science.aal0616,Greg Miller,2017-01-12,2017,article,0,https://openalex.org/W2578571670,https://openalex.org/W2578571670,United States,922,neutral,0.6
Science,Update: U.S. abandons controversial consent proposal on using human research samples,,https://doi.org/10.1126/science.aal0626,Jocelyn Kaiser,2017-01-18,2017,article,2,https://openalex.org/W2578161288,https://openalex.org/W2578161288,United States,923,neutral,0.6
Science,Proposed U.S. biotech rules raise industry hopes and anxieties,,https://doi.org/10.1126/science.aal0667,Kelly Servick,2017-01-27,2017,article,3,https://openalex.org/W2582603233,https://openalex.org/W2582603233,United States,924,neutral,0.8
Science,Uh oh. Studies find little U.S. money to study ecological impacts of chemicals,,https://doi.org/10.1126/science.aal0668,Lindsey Konkel,2017-01-27,2017,article,0,https://openalex.org/W2582615546,https://openalex.org/W2582615546,United States,925,negative,0.9
Science,U.S. observers seek a more perfect union,"With an eye to Europe, U.S. astronomers plan national center to oversee three observatories.",https://doi.org/10.1126/science.355.6324.442,Daniel Clery,2017-02-02,2017,article,0,https://openalex.org/W2583695722,https://openalex.org/W2583695722,United States,926,positive,0.7
Science,Scientists urge boycott of U.S. meetings,,https://doi.org/10.1126/science.aal0703,Kai Kupferschmidt,2017-02-03,2017,article,0,https://openalex.org/W2584531379,https://openalex.org/W2584531379,United States,927,negative,0.9
Science,"Grad students, postdocs with U.S. visas face uncertainty",,https://doi.org/10.1126/science.aal0716,Meredith Wadman,2017-02-07,2017,article,0,https://openalex.org/W4250886516,https://openalex.org/W4250886516,United States,928,negative,0.9
Science,U.S. Senate bill aims to make sure federal scientists aren’t ‘muzzled’,,https://doi.org/10.1126/science.aal0726,Jeffrey Mervis,2017-02-08,2017,article,1,https://openalex.org/W2775791131,https://openalex.org/W2775791131,United States,929,positive,0.9
Science,"Grad students, postdocs with U.S. visas face uncertainty",New worries over draft order on skilled worker visas.,https://doi.org/10.1126/science.355.6325.557,Meredith Wadman; Richard Stone,2017-02-10,2017,article,4,https://openalex.org/W2586752083,https://openalex.org/W2586752083,United States,930,negative,0.7
Science,U.S. panel gives yellow light to human embryo editing,,https://doi.org/10.1126/science.aal0750,Jocelyn Kaiser,2017-02-14,2017,article,10,https://openalex.org/W2587838344,https://openalex.org/W2587838344,United States,931,neutral,0.8
Science,U.S. immigration ban undermines scientists,"THE EXECUTIVE ORDER banning citizens of seven Muslim countries from entering the United States, signed by the U.S. President on 27 January, is profoundly disruptive. It will immediately have a negative effect on scientific research and the essential scientific processes of exchanging information and",https://doi.org/10.1126/science.aam9641,Mohamed Hassan,2017-02-16,2017,article,3,https://openalex.org/W2588220069,https://openalex.org/W2588220069,United States,932,negative,0.9
Science,Online university leads United States in awarding doctorates to blacks,,https://doi.org/10.1126/science.aal0761,Jeffrey Mervis,2017-02-17,2017,article,1,https://openalex.org/W2588130482,https://openalex.org/W2588130482,United States,933,positive,0.9
Science,"Top U.S. universities host 10,000 students and researchers from nations covered by Trump travel ban",,https://doi.org/10.1126/science.aal0783,Jeffrey Mervis,2017-02-17,2017,article,1,https://openalex.org/W2588253469,https://openalex.org/W2588253469,United States,934,neutral,0.85
Science,"U.S. researchers guilty of misconduct later won more than $100 million in NIH grants, study finds",,https://doi.org/10.1126/science.aal0825,Retraction Watch Alison McCook,2017-02-24,2017,article,1,https://openalex.org/W2591162017,https://openalex.org/W2591162017,United States,935,negative,0.9
Science,Two top Chinese-American scientists have dropped their U.S. citizenship,,https://doi.org/10.1126/science.aal0823,Kathleen McLaughlin,2017-02-24,2017,article,0,https://openalex.org/W2590174242,https://openalex.org/W2590174242,United States,936,neutral,0.8
Science,Test blasts simulate a nuclear attack on a U.S. port,,https://doi.org/10.1126/science.aal0839,Richard M. Stone,2017-02-28,2017,article,1,https://openalex.org/W4254928552,https://openalex.org/W4254928552,United States,937,negative,0.85
Science,China’s theft of U.S. trade secrets under scrutiny,,https://doi.org/10.1126/science.aal0837,Mara Hvistendahl,2017-02-28,2017,article,0,https://openalex.org/W2593514199,https://openalex.org/W2593514199,United States,938,negative,0.9
Science,Senior Republican lawmaker has some advice for U.S. science marchers,,https://doi.org/10.1126/science.aal0842,Jeffrey Mervis,2017-03-01,2017,article,0,https://openalex.org/W2594874484,https://openalex.org/W2594874484,United States,939,neutral,0.9
Science,Brighter days drove up U.S. crop yields,,https://doi.org/10.1126/science.aal0868,Kelly Servick,2017-03-06,2017,article,0,https://openalex.org/W2594503298,https://openalex.org/W2594503298,United States,940,positive,0.95
Science,U.S. considers designating 300 primates at Oregon research center as threatened,,https://doi.org/10.1126/science.aal0887,Meredith Wadman,2017-03-08,2017,article,0,https://openalex.org/W2594274427,https://openalex.org/W2594274427,United States,941,neutral,0.9
Science,Data check: U.S. government share of basic research funding falls below 50%,,https://doi.org/10.1126/science.aal0890,Jeffrey Mervis,2017-03-09,2017,article,75,https://openalex.org/W2592905468,https://openalex.org/W2592905468,United States,942,neutral,0.9
Science,Poor fisheries struggle with U.S. import rule,"In their Policy Forum “U.S. seafood import restriction presents opportunity and risk” (16 December, p. [1372][1]), R. Williams et al. describe some possible effects of the U.S. National Oceanic and Atmospheric Administration (NOAA) rule requiring that seafood imported into the United States must",https://doi.org/10.1126/science.aam9153,Andrew F. Johnson; Marjolaine Caillat; Gregory M. Verutes; Cindy Peter; Chalatip Junchompoo; Vu Long; Louisa S. Ponnampalam; Rebecca L. Lewison; Ellen Hines,2017-03-10,2017,article,13,https://openalex.org/W2596102485,https://openalex.org/W2596102485,United States,943,negative,0.9
Science,Mexican and U.S. scientists: Partners,"![Figure][1] 

People cross an international border bridge from Mexico to the United States.

PHOTO: REUTERS/ALAMY STOCK PHOTO

Some of the staunchest challenges to President Trump's new immigration policies have come from U.S. researchers and academic organizations determined to ensure unfettered scientific pursuit [e.g., ([ 1 ][2], [ 2 ][3])]. Given the administration's negative portrayal of Mexicans, we appreciate the commitment of our American colleagues to defend academic freedom in the United States and beyond.

Mexican scientists value the opportunities for education and collaboration with scientists in the United States. Of the 27,286 Mexican scholars registered in the National System of Researchers (SNI), 2218 of them obtained their Ph.D. from U.S. universities ([ 3 ][4]). Judging by collaborative work, many of these U.S.-trained scholars continue to reinforce their academic bonds with U.S. universities after they return home. Since the 1940s, Mexican researchers have published 104,664 papers with foreign colleagues, and of these, more than one-third (36,057 articles) have been coauthored with U.S. scientists ([ 4 ][5]).

The long-term social and academic consequences of the current political climate could be dire. Ethnic, religious, and racial profiling are unacceptable, and Mexicans are not unwanted enemy aliens. Rather than deportations and travel bans, which only promote anti-Americanism, we require constructive solutions to protect our joint scientific efforts. Part of the answer may lie in developing an extended binational community of science students, researchers, and teachers on both sides of the border by reinforcing and diversifying existing exchange programs, setting up science festivals and other outreach activities, and organizing extended visits for U.S. students to Latin American universities. As demonstrated by the success of the European Erasmus program ([ 5 ][6]), exposing future researchers to different cultures and lifestyles can substantially improve international academic networks.

1. [↵][7]1. J. Berger-Sweeney, et al
 ., A message to the president, The New York Review of Books (9 March 2017).
 

2. [↵][8]1. J. G. Merino, 2. A. Jha, 3. E. Loder, 4. K. Abbasi
 , Brit. Med. J. 356, 775 (2017).
 [OpenUrl][9]

3. [↵][10]Government of Mexico, Conacyt, Sistema Nacional de Investigadores ( ) [in Spanish].
 

4. [↵][11]1. Adriana O. Ortega, 2. S. Armendariz
 , Miradas multidisciplinarias a la produccion cientifica mexicana con perspectiva de genero: el caso de la UNAM (UNAM, Mexico, 2017) [in Spanish].
 

5. [↵][12]1. E. Pain
 , 25 years of Erasmus, Science Careers blog (2012); .

 [1]: pending:yes
 [2]: #ref-1
 [3]: #ref-2
 [4]: #ref-3
 [5]: #ref-4
 [6]: #ref-5
 [7]: #xref-ref-1-1 View reference 1 in text
 [8]: #xref-ref-2-1 View reference 2 in text
 [9]: {openurl}?query=rft.jtitle%253DBrit.%2BMed.%2BJ.%26rft.volume%253D356%26rft.spage%253D775%26rft.genre%253Darticle%26rft_val_fmt%253Dinfo%253Aofi%252Ffmt%253Akev%253Amtx%253Ajournal%26ctx_ver%253DZ39.88-2004%26url_ver%253DZ39.88-2004%26url_ctx_fmt%253Dinfo%253Aofi%252Ffmt%253Akev%253Amtx%253Actx
 [10]: #xref-ref-3-1 View reference 3 in text
 [11]: #xref-ref-4-1 View reference 4 in text
 [12]: #xref-ref-5-1 View reference 5 in text",https://doi.org/10.1126/science.aan0569,Antonio Lazcano; Adriana Ortíz Ortega; Saúl Armendariz,2017-03-16,2017,article,6,https://openalex.org/W2594967836,https://openalex.org/W2594967836,United States,944,positive,0.9
Science,A grim budget day for U.S. science: analysis and reaction to Trump's plan,,https://doi.org/10.1126/science.aal0923,Science Staff,2017-03-16,2017,article,1,https://openalex.org/W4241769797,https://openalex.org/W4241769797,United States,945,negative,0.9
Science,More precise U.S. nukes could raise tensions with Russia,,https://doi.org/10.1126/science.aal0941,Eliot Marshall,2017-03-22,2017,article,0,https://openalex.org/W2599480592,https://openalex.org/W2599480592,United States,946,negative,0.95
Science,Tweak makes U.S. nukes more precise—and deadlier,Improved targeting could upset strategic balance with Russia and spur arms race.,https://doi.org/10.1126/science.355.6331.1252,Eliot Marshall,2017-03-23,2017,article,1,https://openalex.org/W2598147574,https://openalex.org/W2598147574,United States,947,negative,0.8
Science,"As the U.S. scientific workforce ages, the younger generation faces the implications",,https://doi.org/10.1126/science.caredit.a1700026,Devin Powell,2017-03-27,2017,article,0,https://openalex.org/W2773558860,https://openalex.org/W2773558860,United States,948,neutral,0.9
Science,Few U.S. animal inspections are being posted,,https://doi.org/10.1126/science.aal0983,Meredith Wadman,2017-03-30,2017,article,0,https://openalex.org/W2601110597,https://openalex.org/W2601110597,United States,949,negative,0.8
Science,U.S. report calls for research integrity board,,https://doi.org/10.1126/science.aal1030,Jeffrey Mervis,2017-04-11,2017,article,2,https://openalex.org/W4233576617,https://openalex.org/W4233576617,United States,950,neutral,0.9
Science,U.S. report calls for research integrity board,Independent body would help foster good behavior and better investigations.,https://doi.org/10.1126/science.356.6334.123,Jeffrey Mervis,2017-04-13,2017,article,2,https://openalex.org/W2605590790,https://openalex.org/W2605590790,United States,951,neutral,0.95
Science,"Dramatizing Deepwater Horizon SPILL Leigh Fondakowski The Ensemble Studio Theatre, New York, NY, USA.",A new play reveals the far-reaching consequences of our endless appetite for fossil fuels,https://doi.org/10.1126/science.aan0763,Anne Rademacher,2017-04-20,2017,article,0,https://openalex.org/W2605500378,https://openalex.org/W2605500378,United States,952,negative,0.8
Science,What if every scientist and engineer in the U.S. marched? How many would that be?,,https://doi.org/10.1126/science.aal1089,David Malakoff,2017-04-21,2017,article,1,https://openalex.org/W2605971063,https://openalex.org/W2605971063,United States,953,neutral,0.9
Science,Documenting decline in U.S. economic mobility,Median incomes stagnate as inequality increases,https://doi.org/10.1126/science.aan3264,Lawrence F. Katz; Alan B. Krueger,2017-04-25,2017,article,31,https://openalex.org/W2610032323,https://openalex.org/W2610032323,United States,954,negative,0.9
Science,How science fares in the U.S. budget deal,,https://doi.org/10.1126/science.aal1135,Science Staff,2017-05-01,2017,article,0,https://openalex.org/W4236606592,https://openalex.org/W4236606592,United States,955,neutral,0.95
Science,Noise pollution is pervasive in U.S. protected areas,"Anthropogenic noise threatens ecological systems, including the cultural and biodiversity resources in protected areas. Using continental-scale sound models, we found that anthropogenic noise doubled background sound levels in 63% of U.S. protected area units and caused a 10-fold or greater increase in 21%, surpassing levels known to interfere with human visitor experience and disrupt wildlife behavior, fitness, and community composition. Elevated noise was also found in critical habitats of endangered species, with 14% experiencing a 10-fold increase in sound levels. However, protected areas with more stringent regulations had less anthropogenic noise. Our analysis indicates that noise pollution in protected areas is closely linked with transportation, development, and extractive land use, providing insight into where mitigation efforts can be most effective.",https://doi.org/10.1126/science.aah4783,Rachel T. Buxton; Megan F. McKenna; Daniel J. Mennitt; Kurt M. Fristrup; Kevin R. Crooks; Lisa M. Angeloni; George Wittemyer,2017-05-04,2017,article,316,https://openalex.org/W2611529753,https://openalex.org/W2611529753,United States,956,negative,0.9
Science,Challenges mount for a successful 2020 U.S. census,,https://doi.org/10.1126/science.aal1146,Jeffrey Mervis,2017-05-04,2017,article,0,https://openalex.org/W2610736266,https://openalex.org/W2610736266,United States,957,negative,0.9
Science,U.S.-Russia tensions put a chill on ice disaster research effort,,https://doi.org/10.1126/science.aad4692,Eli Kintisch,2017-05-05,2017,article,1,https://openalex.org/W2603724784,https://openalex.org/W2603724784,United States,958,negative,0.9
Science,"Top stories: Four vaccine myths, nanocar racers, and how science fares in the latest U.S. budget",,https://doi.org/10.1126/science.aal1152,Ryan Cross,2017-05-05,2017,article,0,https://openalex.org/W2610417575,https://openalex.org/W2610417575,United States,959,neutral,0.6
Science,Departure of U.S. Census director threatens 2020 count,,https://doi.org/10.1126/science.aal1169,Jeffrey Mervis,2017-05-09,2017,article,0,https://openalex.org/W2613850866,https://openalex.org/W2613850866,United States,960,negative,0.9
Science,"Global health spending good for U.S. security and economy, National Academies say",,https://doi.org/10.1126/science.aal1194,Ryan Cross﻿,2017-05-15,2017,article,0,https://openalex.org/W2616858495,https://openalex.org/W2616858495,United States,961,positive,0.95
Science,U.S. flower sellers rush to destroy illegal GE petunias,,https://doi.org/10.1126/science.aal1200,David Malakoff,2017-05-16,2017,article,2,https://openalex.org/W2614683265,https://openalex.org/W2614683265,United States,962,neutral,0.8
Science,Migration of ideas: China and U.S.,"Migration of ideas comes not only from permanent migrants but also from temporary migrants, such as international students, conference attendees, and visitors at foreign laboratories and centers. Given that collaborations generally arise from personal connections ([ 1 ][1]), it is hard to imagine internationally coauthored research expanding absent researcher mobility. Ties between U.S. and Chinese researchers exemplify how migration advances knowledge and benefits source and destination country. The United States is the top destination of Chinese international students and postdocs, and China is the top source of foreign students in the United States, and they contribute to U.S. scientific productivity ([ 2 ][2]). Those who return to China tend to outperform other Chinese researchers in terms of citations in international scientific journals ([ 3 ][3]). Homophily in citations suggests that a paper with authors from two countries is likely to spread new ideas or findings more rapidly across borders than if the paper's authors were from the same country. Having a foreign collaborator with a network of researchers in another country usually attracts overseas attention to research. In scientific work, China and the United States are each others' biggest partners: 16% of U.S. international collaborations are with China, and 48% of China's international collaborations are with the United States ([ 4 ][4]). U.S. corporations conduct research and patent inventions in China, and Chinese firms buy U.S. start-ups and patent in the United States. About 15% of author names on papers written at U.S.-based institutions are Chinese, whose first names (e.g., Xu rather than David) identify them as born overseas ([ 5 ][5]). Connections between migrants and natives on papers, patents, and citations does not directly measure the migration of ideas, which requires latent semantic analysis of the content of the underlying documents. But network links between collaborators from different countries establish a prima facie case for policies that treat foreign-born students and migrant researchers as valuable contributors to the United States and home-country scientific and economic progress and as possible future U.S. citizens as well.

1. [↵][6]1. A. Jaffe and 2. B. Jones
 1. R. B. Freeman, 2. I. Ganguli, 3. R. Murciano-Goroff
 , The Changing Frontier: Rethinking Science and Innovation Policy, A. Jaffe and B. Jones, Eds. (University of Chicago Press, 2015), pp. 17–48.
 

2. [↵][7]1. G. Borjas, 2. K. Doran, 3. Y. Shen
 , “Ethnic complementarities after the opening of China: How Chinese graduate students affected the productivity of their advisors” (NBER Working paper 21096, NBER, Cambridge, MA, 2015).
 

3. [↵][8]1. A. Guena
 1. R. B. Freeman, 2. W. Huang
 , Global Mobility of Research Scientists: The Economics of Who Goes Where and Why, A. Guena, Ed. (Academic Press-Elsevier, 2015), pp. 155–175.
 

4. [↵][9]National Science Board, Science and Engineering Indicators 2014 (National Science Foundation, Arlington, VA, 2014), appendix table 5-56.
 

5. [↵][10]1. R. B. Freeman, 2. W. Huang
 , J. Labor Econ. 33 (suppl. 1, part 2), S289 (2015).
 [OpenUrl][11]

 [1]: #ref-1
 [2]: #ref-2
 [3]: #ref-3
 [4]: #ref-4
 [5]: #ref-5
 [6]: #xref-ref-1-1 View reference 1 in text
 [7]: #xref-ref-2-1 View reference 2 in text
 [8]: #xref-ref-3-1 View reference 3 in text
 [9]: #xref-ref-4-1 View reference 4 in text
 [10]: #xref-ref-5-1 View reference 5 in text
 [11]: {openurl}?query=rft.jtitle%253DJ.%2BLabor%2BEcon.%26rft.volume%253D33%26rft.spage%253DS289%26rft.genre%253Darticle%26rft_val_fmt%253Dinfo%253Aofi%252Ffmt%253Akev%253Amtx%253Ajournal%26ctx_ver%253DZ39.88-2004%26url_ver%253DZ39.88-2004%26url_ctx_fmt%253Dinfo%253Aofi%252Ffmt%253Akev%253Amtx%253Actx",https://doi.org/10.1126/science.aan5197,Richard B. Freeman,2017-05-18,2017,article,9,https://openalex.org/W2616564106,https://openalex.org/W2616564106,United States,963,neutral,0.9
Science,Activists battle U.S. government in court over making animal welfare reports public,,https://doi.org/10.1126/science.aan6889,Meredith Wadman,2017-05-24,2017,article,1,https://openalex.org/W2620035186,https://openalex.org/W2620035186,United States,964,negative,0.9
Science,Burn to run in the U.S.A.,"Environment and Health![Figure][1] 

Hotter summers in the future will make Americans more reluctant to exercise.

PHOTO: ANTONIOGUILLEM/ISTOCKPHOTO

Our willingness to be physically active in our free time is influenced by weather; common excuses for not exercising are that it is too hot, too cold, or too wet. Obradovich and Fowler analyzed historical meteorological data and exercise surveillance data from the Centers for Disease Control and Prevention, and they developed a model to predict human responses to climate change in the next few decades. The model incorporated variables to compensate for city-specific differences (e.g., infrastructure). It appears that by 2050, climate change might result in physically active person-months increasing by 40, on average, per 1000 individuals. Over the course of this century, Americans could become more physically active in their free time in northern areas of the country, but less active in the summer, especially in southern regions.

Nat. Hum. Behav. 10.1038/s41562-017-0097 (2017).

 [1]: pending:yes",https://doi.org/10.1126/science.356.6340.817-c,Barbara R. Jasny,2017-05-25,2017,article,0,https://openalex.org/W2618415488,https://openalex.org/W2618415488,United States,965,positive,0.6
Science,Body cams reveal U.S. police use less respectful language with black drivers,,https://doi.org/10.1126/science.aan6930,Matthew Hutson,2017-06-05,2017,article,0,https://openalex.org/W2622150957,https://openalex.org/W2622150957,United States,966,negative,0.9
Science,U.S. energy secretary steps carefully around budgetmakers in Congress,,https://doi.org/10.1126/science.aan7011,David Malakoff,2017-06-23,2017,article,0,https://openalex.org/W2663276561,https://openalex.org/W2663276561,United States,967,neutral,0.6
Science,Estimating economic damage from climate change in the United States,"Estimates of climate change damage are central to the design of climate policies. Here, we develop a flexible architecture for computing damages that integrates climate science, econometric analyses, and process models. We use this approach to construct spatially explicit, probabilistic, and empirically derived estimates of economic damage in the United States from climate change. The combined value of market and nonmarket damage across analyzed sectors-agriculture, crime, coastal storms, energy, human mortality, and labor-increases quadratically in global mean temperature, costing roughly 1.2% of gross domestic product per +1°C on average. Importantly, risk is distributed unequally across locations, generating a large transfer of value northward and westward that increases economic inequality. By the late 21st century, the poorest third of counties are projected to experience damages between 2 and 20% of county income (90% chance) under business-as-usual emissions (Representative Concentration Pathway 8.5).",https://doi.org/10.1126/science.aal4369,Solomon Hsiang; Robert E. Kopp; Amir Jina; James Rising; Michael Delgado; Shashank Mohan; D. J. Rasmussen; Robert Muir‐Wood; Paul Wilson; Michael Oppenheimer; Kate Larsen; Trevor Houser,2017-06-30,2017,article,1265,https://openalex.org/W2724299548,https://openalex.org/W2724299548,United States,968,neutral,0.95
Science,Déjà vu for U.S. nuclear waste,"With the arrival of the 115th U.S. Congress, the House of Representatives began hearings on the Nuclear Waste Policy Amendments Act of 2017. The legislation restarts Yucca Mountain as a repository for highly radioactive waste. In 1987, Congress amended the Nuclear Waste Policy Act of 1982, selecting Yucca Mountain, Nevada, as the only site to be studied, expecting the repository to open in 1998. It did not. Over the past 30 years, not much has changed. But going forward—or not—with Yucca Mountain will not address the systemic problems of the U.S. nuclear waste program, and this may well lead to continued failure.",https://doi.org/10.1126/science.aao1711,Allison Macfarlane; Rod Ewing,2017-06-30,2017,article,14,https://openalex.org/W2730974040,https://openalex.org/W2730974040,United States,969,neutral,0.6
Science,"To woo public, Europe opens up on animal experiments, but U.S. less transparent",,https://doi.org/10.1126/science.aan7108,Meredith Wadman,2017-07-14,2017,article,3,https://openalex.org/W2735144618,https://openalex.org/W2735144618,United States,970,neutral,0.6
Science,Excavation starts for U.S. particle physicists’ next giant experiment,,https://doi.org/10.1126/science.aan7143,Adrian Cho,2017-07-21,2017,article,1,https://openalex.org/W2737965870,https://openalex.org/W2737965870,United States,971,neutral,0.8
Science,Researchers think they’ve found a much better way to conduct the 2030 U.S. census,,https://doi.org/10.1126/science.aan7153,Jeffrey Mervis,2017-07-25,2017,article,0,https://openalex.org/W2738511287,https://openalex.org/W2738511287,United States,972,positive,0.9
Science,First U.S. team to gene-edit human embryos revealed,,https://doi.org/10.1126/science.aan7170,Kelly Servick,2017-07-27,2017,article,7,https://openalex.org/W2741355805,https://openalex.org/W2741355805,United States,973,neutral,0.9
Science,U.S. attitudes on human genome editing,"Although views on human genome editing differ, all want public engagement",https://doi.org/10.1126/science.aan3708,Dietram A. Scheufele; Michael A. Xenos; Emily L. Howell; Kathleen M. Rose; Dominique Brossard; Bruce W. Hardy,2017-08-11,2017,article,174,https://openalex.org/W2742677019,https://openalex.org/W2742677019,United States,974,neutral,0.9
Science,What do revised U.S. rules mean for human research?,The updated Common Rule raises many questions,https://doi.org/10.1126/science.aan5855,Lisa Nichols; Lois Brako; Suzanne M. Rivera; Ara Tahmassian; Martha F. Jones; Heather H. Pierce; Barbara E. Bierer,2017-08-17,2017,article,28,https://openalex.org/W2745865447,https://openalex.org/W2745865447,United States,975,neutral,0.9
Science,Hurricane Harvey provides lab for U.S. forecast experiments,,https://doi.org/10.1126/science.aap8054,Paul Voosen,2017-08-28,2017,article,11,https://openalex.org/W4234980372,https://openalex.org/W4234980372,United States,976,neutral,0.9
Science,Modified T cells that attack leukemia become first gene therapy approved in the United States,,https://doi.org/10.1126/science.aap8293,Jocelyn Kaiser,2017-08-30,2017,article,3,https://openalex.org/W2752157839,https://openalex.org/W2752157839,United States,977,positive,0.95
Science,Hurricane Harvey provides lab for U.S. forecast experiments,New model and satellites test their mettle against the storm.,https://doi.org/10.1126/science.357.6354.854,Paul Voosen,2017-08-31,2017,article,1,https://openalex.org/W2751124186,https://openalex.org/W2751124186,United States,978,neutral,0.7
Science,"Science in litigation, the third branch of U.S. climate policy",The context and role of climate science in court are changing,https://doi.org/10.1126/science.aao0412,Sabrina McCormick; Samuel J. Simmens; Robert L. Glicksman; LeRoy Paddock; Daniel Kim; Brittany Whited; William Davies,2017-09-07,2017,article,26,https://openalex.org/W2752230610,https://openalex.org/W2752230610,United States,979,neutral,0.9
Science,Social media ‘bots’ tried to influence the U.S. election. Germany may be next,,https://doi.org/10.1126/science.aap9514,Kai Kupferschmidt,2017-09-13,2017,article,5,https://openalex.org/W2754086763,https://openalex.org/W2754086763,United States,980,negative,0.8
Science,"U.S. House approves 2018 spending bills, but process far from finished",,https://doi.org/10.1126/science.aap9651,David Malakoff,2017-09-14,2017,article,0,https://openalex.org/W2756087595,https://openalex.org/W2756087595,United States,981,neutral,0.7
Science,U.K. pledges $88 million to gigantic U.S. particle physics experiment,,https://doi.org/10.1126/science.aaq0136,Adrian Cho,2017-09-20,2017,article,0,https://openalex.org/W2756923808,https://openalex.org/W2756923808,United States,982,neutral,0.7
Science,"Endangered U.S. wolf denied new habitat, as critics charge that politics trumped science",,https://doi.org/10.1126/science.aaq0697,Cally Carswell,2017-09-27,2017,article,0,https://openalex.org/W2758787837,https://openalex.org/W2758787837,United States,983,negative,0.9
Science,"Japanese tsunami transported hundreds of species to the United States and Canada, as this video reveals",,https://doi.org/10.1126/science.aaq0589,Katherine Kornei,2017-09-28,2017,article,1,https://openalex.org/W2756645299,https://openalex.org/W2756645299,United States,984,neutral,0.8
Science,U.S.-Cuba scientific collaboration advances,Havana symposium co-organized by AAAS leads to promising research partnerships,https://doi.org/10.1126/science.357.6358.1364,Michaela Jarvis,2017-09-29,2017,article,0,https://openalex.org/W2759379837,https://openalex.org/W2759379837,United States,985,positive,0.9
Science,Watch how the U.S. and China are working together to get weapons-grade uranium out of Ghana,,https://doi.org/10.1126/science.aaq1111,Andrew Wagner,2017-10-02,2017,article,0,https://openalex.org/W2763220259,https://openalex.org/W2763220259,United States,986,positive,0.85
Science,Ripples in space: U.S. trio wins physics Nobel for discovery of gravitational waves,,https://doi.org/10.1126/science.aaq1110,Adrian Cho,2017-10-03,2017,article,0,https://openalex.org/W2761833279,https://openalex.org/W2761833279,United States,987,positive,0.95
Science,The United States’s long history with air pollution reflected in bird plumage,,https://doi.org/10.1126/science.aar1877,David Shultz,2017-10-11,2017,article,0,https://openalex.org/W2761586958,https://openalex.org/W2761586958,United States,988,neutral,0.9
Science,Census Bureau puts new team in charge of 2020 U.S. count,,https://doi.org/10.1126/science.aar2804,Jeffrey Mervis,2017-10-20,2017,article,0,https://openalex.org/W2765202353,https://openalex.org/W2765202353,United States,989,neutral,0.95
Science,"United States should dramatically retool animal research rules, groups say",,https://doi.org/10.1126/science.aar3129,Warren Cornwall,2017-10-24,2017,article,1,https://openalex.org/W2766633525,https://openalex.org/W2766633525,United States,990,neutral,0.7
Science,United States blocks Iran from fusion megaproject,,https://doi.org/10.1126/science.aar3718,Richard Stone,2017-10-31,2017,article,0,https://openalex.org/W2765118151,https://openalex.org/W2765118151,United States,991,negative,0.8
Science,"U.S. oversight of risky pathogen research has flaws, report finds",,https://doi.org/10.1126/science.aar3712,Kelly Servick,2017-10-31,2017,article,0,https://openalex.org/W2767177607,https://openalex.org/W2767177607,United States,992,negative,0.9
Science,Massive U.S. defense bill includes a bevy of research-related provisions,,https://doi.org/10.1126/science.aar4972,David Malakoff,2017-11-14,2017,article,0,https://openalex.org/W2770608828,https://openalex.org/W2770608828,United States,993,neutral,0.9
Science,Astronomers relieved as U.S. funding agency moves to keep Arecibo telescope operating,,https://doi.org/10.1126/science.aar5194,Daniel Clery,2017-11-16,2017,article,0,https://openalex.org/W2770038231,https://openalex.org/W2770038231,United States,994,positive,0.95
Science,"Top stories: Earliest images of dogs, contemplating a meatless United States, and candidates for life on alien worlds",,https://doi.org/10.1126/science.aar5265,Roni Dengler,2017-11-17,2017,article,0,https://openalex.org/W2770533593,https://openalex.org/W2770533593,United States,995,neutral,0.9
Science,Political chill reverses thaw in U.S.-Cuban science,Blows to research collaborations are collateral damage of the Trump administration's moves to cool relations,https://doi.org/10.1126/science.358.6367.1115,Richard Stone,2017-11-30,2017,article,1,https://openalex.org/W2775143220,https://openalex.org/W2775143220,United States,996,negative,0.9
Science,Want environmentally friendly beef? United States would have to cut cattle production in half,,https://doi.org/10.1126/science.aar6601,Katie Langin,2017-12-04,2017,article,0,https://openalex.org/W2774396521,https://openalex.org/W2774396521,United States,997,negative,0.7
Science,"Stressful conditions, not ‘sonic weapon,’ sickened U.S diplomats, Cuba panel asserts",,https://doi.org/10.1126/science.aar6735,Richard Stone,2017-12-05,2017,article,2,https://openalex.org/W2773674702,https://openalex.org/W2773674702,United States,998,negative,0.7
Science,U.S. science groups make last-minute push to influence final tax deal,,https://doi.org/10.1126/science.aar6996,Maggie Kuo,2017-12-07,2017,article,0,https://openalex.org/W2771113680,https://openalex.org/W2771113680,United States,999,neutral,0.6
Science,"Researchers win some, lose some in final U.S. tax bill",,https://doi.org/10.1126/science.aar7800,David Malakoff,2017-12-16,2017,article,0,https://openalex.org/W2774146985,https://openalex.org/W2774146985,United States,1000,neutral,0.7
Science,Continue U.S.-Cuban science diplomacy,"In his News In Depth story “Political chill reverses thaw in U.S.-Cuban science” (1 December, p. 1115), R. Stone describes the increasingly strained political climate between the United States and Cuba. In an eLetter on the News story, a scientist urges universities to overcome political obstacles and continue to encourage U.S.-Cuban collaborative research. His comments are excerpted below. Read the full eLetter, and add your own, at http://science.sciencemag.org/content/358/6367/1115/tab-e-letters.",https://doi.org/10.1126/science.aar7724,Larry McKinney,2017-12-21,2017,article,2,https://openalex.org/W2781079140,https://openalex.org/W2781079140,United States,1001,positive,0.9
Science,U.S. energy department reshuffles science’s place within sprawling agency,,https://doi.org/10.1126/science.aar8372,Adrian Cho,2017-12-21,2017,article,0,https://openalex.org/W2776002604,https://openalex.org/W2776002604,United States,1002,neutral,0.9
Science,Little holiday cheer for U.S. science agencies as Congress extends spending freeze,,https://doi.org/10.1126/science.aar8450,Jeffrey Mervis,2017-12-22,2017,article,0,https://openalex.org/W2777081405,https://openalex.org/W2777081405,United States,1003,negative,0.95
Science,Furor greets request to add citizenship question to 2020 U.S. census,,https://doi.org/10.1126/science.aas8978,Jeffrey Mervis,2018-01-02,2018,article,0,https://openalex.org/W2782199547,https://openalex.org/W2782199547,United States,1004,negative,0.9
Science,"U.S. rivers are getting saltier, potentially compromising drinking water",,https://doi.org/10.1126/science.aas9458,Roni Dengler,2018-01-08,2018,article,0,https://openalex.org/W2783998493,https://openalex.org/W2783998493,United States,1005,negative,0.9
Science,From band director to chief data cruncher: Trump’s choice to lead U.S. education statistics agency raises eyebrows,,https://doi.org/10.1126/science.aas9909,Jeffrey Mervis,2018-01-12,2018,article,0,https://openalex.org/W2782727098,https://openalex.org/W2782727098,United States,1006,negative,0.7
Science,"In the United States, computers help decide who goes to jail. But their judgment may be no better than ours",,https://doi.org/10.1126/science.aat0356,Catherine Matacic,2018-01-17,2018,article,0,https://openalex.org/W2793050455,https://openalex.org/W2793050455,United States,1007,negative,0.85
Science,Science groups react to U.S. government shutdown as researchers scramble,,https://doi.org/10.1126/science.aat0653,David Malakoff,2018-01-20,2018,article,0,https://openalex.org/W2793245870,https://openalex.org/W2793245870,United States,1008,negative,0.85
Science,U.S. scientists breathe a sigh of relief as government shutdown to end,,https://doi.org/10.1126/science.aat0829,David Malakoff,2018-01-22,2018,article,1,https://openalex.org/W2793171551,https://openalex.org/W2793171551,United States,1009,positive,0.9
Science,U.S. policy on Cuba obstructs crucial medical breakthroughs,"AAAS Cuban Biomedical Fellows delayed in obtaining visas for collaborations on Alzheimer's, cancer",https://doi.org/10.1126/science.359.6374.404,Michaela Jarvis,2018-01-25,2018,article,1,https://openalex.org/W2784833396,https://openalex.org/W2784833396,United States,1010,negative,0.95
Science,Retired astronaut picked to lead U.S. Geological Survey,,https://doi.org/10.1126/science.aat1323,Paul Voosen,2018-01-26,2018,article,0,https://openalex.org/W2790159287,https://openalex.org/W2790159287,United States,1011,neutral,0.9
Science,"Tell your boss: When U.S. workers stay home, they save 2 billion billion joules per year",,https://doi.org/10.1126/science.aat1484,Katie Langin,2018-01-29,2018,article,0,https://openalex.org/W2791160499,https://openalex.org/W2791160499,United States,1012,positive,0.8
Science,Nasty U.S. flu season continues to intensify,,https://doi.org/10.1126/science.aat2020,Jon Cohen,2018-02-02,2018,article,1,https://openalex.org/W2791696007,https://openalex.org/W2791696007,United States,1013,negative,0.95
Science,Design for U.S. exascale computer takes shape,Competition with China accelerates plans for next great leap in supercomputing power.,https://doi.org/10.1126/science.359.6376.617,Robert F. Service,2018-02-09,2018,article,20,https://openalex.org/W4239842353,https://openalex.org/W4239842353,United States,1014,neutral,0.9
Science,New U.S. budget deal includes more funding for 2020 census,,https://doi.org/10.1126/science.aat2769,Jeffrey Mervis,2018-02-09,2018,article,0,https://openalex.org/W2790710719,https://openalex.org/W2790710719,United States,1015,neutral,0.9
Science,"U.S. diplomats in Cuba have unusual brain syndrome, but there’s no proof they were attacked, study says",,https://doi.org/10.1126/science.aat3410,Richard Stone,2018-02-15,2018,article,0,https://openalex.org/W2789444136,https://openalex.org/W2789444136,United States,1016,negative,0.8
Science,Massive U.S. ecological observatory gets new director,,https://doi.org/10.1126/science.aat3474,Jeffrey Mervis,2018-02-16,2018,article,0,https://openalex.org/W2792559321,https://openalex.org/W2792559321,United States,1017,neutral,0.9
Science,Flagship U.S. space telescope facing further delays,,https://doi.org/10.1126/science.aat4717,Daniel Clery,2018-03-01,2018,article,0,https://openalex.org/W2793711403,https://openalex.org/W2793711403,United States,1018,negative,0.9
Science,"In potential blow to conservation efforts, U.S. court rules restoration moves harmed farmers",,https://doi.org/10.1126/science.aat6424,Robert F. Service,2018-03-20,2018,article,0,https://openalex.org/W4248935828,https://openalex.org/W4248935828,United States,1019,negative,0.9
Science,"U.S. chimp retirement gains momentum, as famed pair enters sanctuary",,https://doi.org/10.1126/science.aat6577,David Grimm,2018-03-21,2018,article,2,https://openalex.org/W2791279895,https://openalex.org/W2791279895,United States,1020,positive,0.9
Science,Updated: U.S. spending deal contains largest research spending increase in a decade,,https://doi.org/10.1126/science.aat6620,Science Staff,2018-03-22,2018,article,5,https://openalex.org/W4254240875,https://openalex.org/W4254240875,United States,1021,positive,0.95
Science,U.S. blames ‘massive’ hack of research data on Iran,Targets included nearly 8000 professors in 22 countries.,https://doi.org/10.1126/science.359.6383.1450,Jon Cohen,2018-03-29,2018,article,0,https://openalex.org/W2795341718,https://openalex.org/W2795341718,United States,1022,negative,0.9
Science,"U.S. leprosy budget cut closes clinics, threatens research",,https://doi.org/10.1126/science.aat7658,Jon Cohen,2018-04-02,2018,article,0,https://openalex.org/W2795911908,https://openalex.org/W2795911908,United States,1023,negative,0.95
Science,Artificial intelligence reveals how U.S. stereotypes about women and minorities have changed in the past 100 years,,https://doi.org/10.1126/science.aat8049,Matthew Hutson,2018-04-06,2018,article,1,https://openalex.org/W4231008403,https://openalex.org/W4231008403,United States,1024,neutral,0.9
Science,A final dash across the United States: Updates from the 2018 March for Science,,https://doi.org/10.1126/science.aat8851,Science Staff,2018-04-14,2018,article,0,https://openalex.org/W4254682749,https://openalex.org/W4254682749,United States,1025,neutral,0.8
Science,Rooftop sensors on U.S. embassies are warning the world about ‘crazy bad’ air pollution,,https://doi.org/10.1126/science.aat9260,Eli Kintisch,2018-04-19,2018,article,4,https://openalex.org/W2802912651,https://openalex.org/W2802912651,United States,1026,negative,0.9
Science,"U.S. EPA says it will define wood as a ‘carbon-neutral’ fuel, reigniting debate",,https://doi.org/10.1126/science.aat9793,Science Staff,2018-04-24,2018,article,0,https://openalex.org/W4237121107,https://openalex.org/W4237121107,United States,1027,neutral,0.7
Science,U.S.-U.K. science armada to target vulnerable Antarctic ice sheet,,https://doi.org/10.1126/science.aau0155,Paul Voosen,2018-04-30,2018,article,0,https://openalex.org/W2800780468,https://openalex.org/W2800780468,United States,1028,neutral,0.8
Science,Animal tests surge under new U.S. chemical law,"2016 measure urged EPA to reduce animal use, but numbers are rising instead.",https://doi.org/10.1126/science.360.6389.585,Vanessa Zainzinger,2018-05-10,2018,article,2,https://openalex.org/W2802185561,https://openalex.org/W2802185561,United States,1029,neutral,0.8
Science,"As lab-grown meat advances, U.S. lawmakers call for regulation",,https://doi.org/10.1126/science.aau1426,Kelly Servick,2018-05-10,2018,article,3,https://openalex.org/W2800518707,https://openalex.org/W2800518707,United States,1030,neutral,0.85
Science,Exclusive: The would-be U.S. census director assails critics of citizenship question,,https://doi.org/10.1126/science.aau1889,Jeffrey Mervis,2018-05-16,2018,article,1,https://openalex.org/W2803856148,https://openalex.org/W2803856148,United States,1031,negative,0.8
Science,U.S. lawmakers float plan to regulate cultured meat,Should agency that regulates meat from farms also oversee tissue grown from cells in bioreactors?,https://doi.org/10.1126/science.360.6390.695,Kelly Servick,2018-05-17,2018,article,4,https://openalex.org/W2804211140,https://openalex.org/W2804211140,United States,1032,neutral,0.9
Science,Rival giant telescopes join forces to seek U.S. funding,,https://doi.org/10.1126/science.aau2439,Eric Hand,2018-05-21,2018,article,0,https://openalex.org/W2804631056,https://openalex.org/W2804631056,United States,1033,positive,0.75
Science,Here’s how China is challenging the U.S. and European brain initiatives,,https://doi.org/10.1126/science.aau2582,Dennis Normile,2018-05-22,2018,article,1,https://openalex.org/W2804237705,https://openalex.org/W2804237705,United States,1034,neutral,0.7
Science,Rival giant telescopes join to seek U.S. funding,"Projects will offer ""public access"" in bid for support from astronomy community.",https://doi.org/10.1126/science.360.6391.839,Eric Hand,2018-05-24,2018,article,0,https://openalex.org/W2804447360,https://openalex.org/W2804447360,United States,1035,neutral,0.9
Science,Will U.S. academies expel sexual harassers?,,https://doi.org/10.1126/science.aau3229,Meredith Wadman,2018-05-29,2018,article,0,https://openalex.org/W4244406925,https://openalex.org/W4244406925,United States,1036,negative,0.62
Science,Will U.S. academies expel sexual harassers?,Prestigious bodies consider changing bylaws to eject members who offend.,https://doi.org/10.1126/science.360.6392.949,Meredith Wadman,2018-06-01,2018,article,1,https://openalex.org/W2806180596,https://openalex.org/W2806180596,United States,1037,negative,0.7
Science,U.S. budget targets fish and wildlife work,"In 1935, embracing the principle that science should serve as the basis of federal wildlife policy, the U.S. Geological Survey (USGS) established the Cooperative Fish and Wildlife Research Unit Program ([ 1 ][1]). The Cooperative Research Units (CRUs) facilitate research among natural resource",https://doi.org/10.1126/science.aat9562,Jack Payne,2018-06-01,2018,article,1,https://openalex.org/W2807705113,https://openalex.org/W2807705113,United States,1038,neutral,0.9
Science,Biomedical group weighs in on U.S. court fight over wildlife imports,,https://doi.org/10.1126/science.aau3876,Michael W. Doyle,2018-06-05,2018,article,0,https://openalex.org/W2807630519,https://openalex.org/W2807630519,United States,1039,neutral,0.9
Science,More restrictive U.S. policy on Chinese graduate student visas raises alarm,,https://doi.org/10.1126/science.aau4407,Jeffrey Mervis,2018-06-11,2018,article,6,https://openalex.org/W2808280573,https://openalex.org/W2808280573,United States,1040,negative,0.9
Science,An outspoken epidemiologist becomes U.S. science envoy,,https://doi.org/10.1126/science.aau4541,Jon Cohen,2018-06-12,2018,article,0,https://openalex.org/W2808677943,https://openalex.org/W2808677943,United States,1041,positive,0.8
Science,Quantum physics could get big boost from U.S. Congress,Pending legislation seeks to counter foreign investment in quantum computing and related technologies.,https://doi.org/10.1126/science.360.6394.1158,Gabriel Popkin,2018-06-14,2018,article,2,https://openalex.org/W2808171829,https://openalex.org/W2808171829,United States,1042,positive,0.9
Science,U.S. legislators back larger facilities budget for NSF,,https://doi.org/10.1126/science.aau5140,Jeffrey Mervis,2018-06-18,2018,article,0,https://openalex.org/W2809452544,https://openalex.org/W2809452544,United States,1043,positive,0.9
Science,"Knighthood in hand, astrophysicist prepares to lead U.S. fusion lab",,https://doi.org/10.1126/science.aau5277,Daniel Clery,2018-06-19,2018,article,0,https://openalex.org/W2809447034,https://openalex.org/W2809447034,United States,1044,positive,0.9
Science,Assessment of methane emissions from the U.S. oil and gas supply chain,"A leaky endeavor Considerable amounts of the greenhouse gas methane leak from the U.S. oil and natural gas supply chain. Alvarez et al. reassessed the magnitude of this leakage and found that in 2015, supply chain emissions were ∼60% higher than the U.S. Environmental Protection Agency inventory estimate. They suggest that this discrepancy exists because current inventory methods miss emissions that occur during abnormal operating conditions. These data, and the methodology used to obtain them, could improve and verify international inventories of greenhouse gases and provide a better understanding of mitigation efforts outlined by the Paris Agreement. Science , this issue p. 186",https://doi.org/10.1126/science.aar7204,Ramón A. Alvarez; Daniel Zavala‐Araiza; David Lyon; David T. Allen; Zachary Barkley; Adam R. Brandt; K. J. Davis; Scott C. Herndon; Daniel J. Jacob; A. Karion; E. A. Kort; Brian Lamb; Thomas Lauvaux; Joannes D. Maasakkers; Anthony J. Marchese; Mark Omara; Stephen W. Pacala; Jeff Peischl; Allen L. Robinson; P. B. Shepson; Colm Sweeney; Amy Townsend‐Small; Steven C. Wofsy; Steven P. Hamburg,2018-06-21,2018,article,1250,https://openalex.org/W2808857148,https://openalex.org/W2808857148,United States,1045,neutral,0.95
Science,U.S. center will fight infections with viruses,Proving ground for phage therapy will organize full clinical trials of the approach.,https://doi.org/10.1126/science.360.6395.1280,Kelly Servick,2018-06-21,2018,article,9,https://openalex.org/W2809137193,https://openalex.org/W2809137193,United States,1046,positive,0.9
Science,Can bacteria-slaying viruses defeat antibiotic-resistant infections? A new U.S. clinical center aims to find out,,https://doi.org/10.1126/science.aau5414,Kelly Servick,2018-06-21,2018,article,0,https://openalex.org/W2810994392,https://openalex.org/W2810994392,United States,1047,neutral,0.9
Science,"U.S. judge tosses climate lawsuits by California cities, but says science is sound",,https://doi.org/10.1126/science.aau5891,Anne C. Mulkern,2018-06-26,2018,article,0,https://openalex.org/W2810546629,https://openalex.org/W2810546629,United States,1048,neutral,0.6
Science,Predictive modeling of U.S. health care spending in late life,"That one-quarter of Medicare spending in the United States occurs in the last year of life is commonly interpreted as waste. But this interpretation presumes knowledge of who will die and when. Here we analyze how spending is distributed by predicted mortality, based on a machine-learning model of annual mortality risk built using Medicare claims. Death is highly unpredictable. Less than 5% of spending is accounted for by individuals with predicted mortality above 50%. The simple fact that we spend more on the sick-both on those who recover and those who die-accounts for 30 to 50% of the concentration of spending on the dead. Our results suggest that spending on the ex post dead does not necessarily mean that we spend on the ex ante ""hopeless.""",https://doi.org/10.1126/science.aar5045,Liran Einav; Amy Finkelstein; Sendhil Mullainathan; Ziad Obermeyer,2018-06-28,2018,article,167,https://openalex.org/W2810043513,https://openalex.org/W2810043513,United States,1049,neutral,0.9
Science,U.S. Health secretary under pressure to approve screening of newborns for fatal genetic disease,,https://doi.org/10.1126/science.aau6172,Meredith Wadman,2018-06-28,2018,article,1,https://openalex.org/W2810419212,https://openalex.org/W2810419212,United States,1050,neutral,0.6
Science,U.S. lawmakers want NIH and CDC foundations to say more about donors,,https://doi.org/10.1126/science.aau6290,Jeffrey Mervis,2018-06-29,2018,article,0,https://openalex.org/W2810932749,https://openalex.org/W2810932749,United States,1051,neutral,0.9
Science,Trump picks entomologist to lead U.S. farm research programs,,https://doi.org/10.1126/science.aau8133,Marc Heller,2018-07-17,2018,article,0,https://openalex.org/W2884188105,https://openalex.org/W2884188105,United States,1052,neutral,0.9
Science,A top Chinese brain scientist wonders how he ended up on the U.S. visa blacklist,,https://doi.org/10.1126/science.aau8232,Dennis Normile,2018-07-18,2018,article,0,https://openalex.org/W2883744045,https://openalex.org/W2883744045,United States,1053,negative,0.8
Science,Beyond silicon: $1.5 billion U.S. program aims to spur new types of computer chips,,https://doi.org/10.1126/science.aau8748,Robert F. Service,2018-07-24,2018,article,1,https://openalex.org/W4239746726,https://openalex.org/W4239746726,United States,1054,positive,0.9
Science,U.S. psychology group set to modify rules on interactions with military detainees,,https://doi.org/10.1126/science.aau8987,Jeffrey Mervis,2018-07-25,2018,article,0,https://openalex.org/W2883818044,https://openalex.org/W2883818044,United States,1055,neutral,0.9
Science,"AAAS S&T Policy Forum explores U.S. competitiveness, now and in the future",The R&D ecosystem needs change to reap benefits from emerging innovation,https://doi.org/10.1126/science.361.6400.374,Anne Q. Hoy,2018-07-26,2018,article,0,https://openalex.org/W2883061003,https://openalex.org/W2883061003,United States,1056,neutral,0.9
Science,Ghost peppers are saving U.S. grasslands—by scaring off hungry mice,,https://doi.org/10.1126/science.aav0003,Elizabeth Gamillo,2018-08-03,2018,article,0,https://openalex.org/W2885093186,https://openalex.org/W2885093186,United States,1057,positive,0.9
Science,"Mylan, lambasted for EpiPen price hikes, complains of overpriced anti-HIV drugs in the United States",,https://doi.org/10.1126/science.aau9868,Jon R. Cohen,2018-08-03,2018,article,0,https://openalex.org/W2886771523,https://openalex.org/W2886771523,United States,1058,negative,0.85
Science,"U.S. plans for Mars should include more than sample return, report warns",,https://doi.org/10.1126/science.aav0308,Paul Voosen,2018-08-07,2018,article,0,https://openalex.org/W2885967368,https://openalex.org/W2885967368,United States,1059,negative,0.85
Science,"Psychologists keep policy on U.S. detainees, but issue remains open wound",,https://doi.org/10.1126/science.aav0701,Jeffrey Mervis,2018-08-10,2018,article,1,https://openalex.org/W2887331326,https://openalex.org/W2887331326,United States,1060,negative,0.9
Science,Survey of U.S. government scientists finds range of attitudes toward Trump policies,,https://doi.org/10.1126/science.aav0930,Jeffrey Mervis,2018-08-14,2018,article,0,https://openalex.org/W2887978044,https://openalex.org/W2887978044,United States,1061,neutral,0.9
Science,NIH investigating whether U.S. scientists are sharing ideas with foreign governments,,https://doi.org/10.1126/science.aav2343,Jocelyn Kaiser,2018-08-27,2018,article,2,https://openalex.org/W2978610844,https://openalex.org/W2978610844,United States,1062,negative,0.8
Science,Protecting U.S. temporary waterways,"Protecting the ecological health of rivers relies on maintaining intact flows from source areas to downstream navigable waters (1). Yet the U.S. Environmental Protection Agency (EPA) intends to rescind legal protection of tributary rivers, streams, and wetlands that do not have year-round flows (temporary waterways) and whose surface waters contribute flow to permanent navigable waters (2). This decision would severely damage the condition and uses of many U.S. waters, both temporary and navigable.",https://doi.org/10.1126/science.aav0839,Jonathan C. Marshall; Vicenç Acuña; Daniel C. Allen; Núria Bonada‬‬‬‬‬‬‬‬‬‬‬; Andrew J. Boulton; Stephanie M. Carlson; Clifford N. Dahm; Thibault Datry; Catherine Leigh; Peter Negus; John S. Richardson; Sergi Sabater; R. Jan Stevenson; Alisha Steward; Rachel Stubbington; Klement Tockner; Ross Vander Vorste,2018-08-30,2018,article,29,https://openalex.org/W2889254165,https://openalex.org/W2889254165,United States,1063,positive,0.8
Science,Fewer people are answering a U.S. agency’s citizenship query. That’s fueling fears for the 2020 census,,https://doi.org/10.1126/science.aav3745,Jeffrey Mervis,2018-09-10,2018,article,0,https://openalex.org/W2892075231,https://openalex.org/W2892075231,United States,1064,negative,0.9
Science,Could November elections scramble a controversial U.S. mission to a frozen moon?,,https://doi.org/10.1126/science.aav4041,Paul Voosen,2018-09-12,2018,article,0,https://openalex.org/W2889937441,https://openalex.org/W2889937441,United States,1065,negative,0.7
Science,U.S. fast test reactor will pay dividends,"In his News story “Congress pushes for multibillion-dollar nuclear reactor that critics call a boondoggle” (3 July, [https://scim.ag/Reactor][1]), A. Cho discusses the proposed Versatile Fast Neutron Source, a test reactor that many in the research community deem important to build. We agree with the nuclear scientists and engineers who support the fast reactor. Technology advances when the tools are available. The fast reactor will enable potentially groundbreaking advances in nuclear energy technology and materials science.

If the United States does not have a fast test reactor, our nuclear innovators will have no option but to use the dwindling number of fast test reactors available in other countries. For example, TerraPower, a U.S. nuclear reactor design company, has been forced to rely on a test reactor in Russia for essential materials testing ([ 1 ][2]).

As explained in the News story, some don't like the idea of a new American fast-neutron test reactor. But today's commercial reactors, workhorse anchors of the power grid and by far our largest source of emissions-free energy ([ 2 ][3]), are just the beginning of what nuclear energy can do. New technologies promise higher-quality heat, better use of fuel, more flexible operations, and lower-cost fabrication ([ 3 ][4]).

Commercialization takes time, and to reap these benefits, we should be working on this now. Building a test reactor takes time, too, and the two most capable test reactors in the United States are each more than 50 years old ([ 4 ][5]). Meanwhile, the planet is warming, and a lot of the energy-hungry developing world is choking on the smoke from fossil-fueled generators. In decades past, the United States was the global leader in nuclear exports ([ 5 ][6]), enabling it to define nonproliferation and safety norms. Now, as the world needs copious amounts of clean, reliable energy, there will be a corresponding global need for a new generation of reactors, whether we develop and export them or leave that to Russia or China.

1. [↵][7]1. J. Conca
 , “Should the U.S. build a fast nuclear test reactor or continue to be beholden to Russia?,” Forbes (2018); [www.forbes.com/sites/jamesconca/2018/07/26/should-we-build-a-fast-nuclear-test-reactor-or-continue-to-be-beholden-to-russia][8].
 

2. [↵][9]Nuclear Energy Institute, “Nuclear by the numbers” (2018); [www.nei.org/CorporateSite/media/filefolder/resources/fact-sheets/nuclear-by-the-numbers-20180412.pdf][10].
 

3. [↵][11]“Advanced nuclear 101,” Third Way (2015); [www.thirdway.org/report/advanced-nuclear-101][12].
 

4. [↵][13]1. D. Meserve et al
 ., “Assessment of user needs for irradiation testing” (2016); [www.energy.gov/sites/prod/files/2016/12/f34/Test%20Reactor%20Charge%20Presentation%2012-9-16_1.pdf][14].
 

5. [↵][15]1. L. S. H. Holgate, 2. S. Saha
 , “America must lead on nuclear energy to maintain national security,” The Washington Quarterly (2018); [https://twq.elliott.gwu.edu/sites/g/files/zaxdzs2121/f/downloads/TWQ\_Summer2018\_HolgateSaha.pdf][16].

 [1]: http://scim.ag/Reactor
 [2]: #ref-1
 [3]: #ref-2
 [4]: #ref-3
 [5]: #ref-4
 [6]: #ref-5
 [7]: #xref-ref-1-1 View reference 1 in text
 [8]: http://www.forbes.com/sites/jamesconca/2018/07/26/should-we-build-a-fast-nuclear-test-reactor-or-continue-to-be-beholden-to-russia
 [9]: #xref-ref-2-1 View reference 2 in text
 [10]: http://www.nei.org/CorporateSite/media/filefolder/resources/fact-sheets/nuclear-by-the-numbers-20180412.pdf
 [11]: #xref-ref-3-1 View reference 3 in text
 [12]: http://www.thirdway.org/report/advanced-nuclear-101
 [13]: #xref-ref-4-1 View reference 4 in text
 [14]: http://www.energy.gov/sites/prod/files/2016/12/f34/Test%20Reactor%20Charge%20Presentation%2012-9-16_1.pdf
 [15]: #xref-ref-5-1 View reference 5 in text
 [16]: http://twq.elliott.gwu.edu/sites/g/files/zaxdzs2121/f/downloads/TWQ_Summer2018_HolgateSaha.pdf",https://doi.org/10.1126/science.aau7786,P. B. Lyons; John F. Kotek,2018-09-13,2018,article,1,https://openalex.org/W2891457705,https://openalex.org/W2891457705,United States,1066,positive,0.95
Science,Momentum builds for joint U.S.-Cuba study of mysterious maladies affecting Havana diplomats,,https://doi.org/10.1126/science.aav4526,Richard Stone,2018-09-17,2018,article,0,https://openalex.org/W2891028037,https://openalex.org/W2891028037,United States,1067,neutral,0.9
Science,Changing dynamics of the drug overdose epidemic in the United States from 1979 through 2016,"Better understanding of the dynamics of the current U.S. overdose epidemic may aid in the development of more effective prevention and control strategies. We analyzed records of 599,255 deaths from 1979 through 2016 from the National Vital Statistics System in which accidental drug poisoning was identified as the main cause of death. By examining all available data on accidental poisoning deaths back to 1979 and showing that the overall 38-year curve is exponential, we provide evidence that the current wave of opioid overdose deaths (due to prescription opioids, heroin, and fentanyl) may just be the latest manifestation of a more fundamental longer-term process. The 38+ year smooth exponential curve of total U.S. annual accidental drug poisoning deaths is a composite of multiple distinctive subepidemics of different drugs (primarily prescription opioids, heroin, methadone, synthetic opioids, cocaine, and methamphetamine), each with its own specific demographic and geographic characteristics.",https://doi.org/10.1126/science.aau1184,Hawre Jalal; Jeanine M. Buchanich; Mark S. Roberts; Lauren C. Balmert; Kun Zhang; Donald S. Burke,2018-09-20,2018,article,694,https://openalex.org/W2890298149,https://openalex.org/W2890298149,United States,1068,neutral,0.9
Science,"At global climate talks, U.S. stresses uncertainty and value of fossil fuels",,https://doi.org/10.1126/science.aav6161,Jean Chemnick,2018-10-03,2018,article,0,https://openalex.org/W2894808686,https://openalex.org/W2894808686,United States,1069,negative,0.8
Science,U.S. census nominee steers through political minefield at confirmation hearing,,https://doi.org/10.1126/science.aav6177,Jeffrey Mervis,2018-10-03,2018,article,0,https://openalex.org/W2895433038,https://openalex.org/W2895433038,United States,1070,neutral,0.7
Science,Urbanization and humidity shape the intensity of influenza epidemics in U.S. cities,"Influenza epidemics vary in intensity from year to year, driven by climatic conditions and by viral antigenic evolution. However, important spatial variation remains unexplained. Here we show predictable differences in influenza incidence among cities, driven by population size and structure. Weekly incidence data from 603 cities in the United States reveal that epidemics in smaller cities are focused on shorter periods of the influenza season, whereas in larger cities, incidence is more diffuse. Base transmission potential estimated from city-level incidence data is positively correlated with population size and with spatiotemporal organization in population density, indicating a milder response to climate forcing in metropolises. This suggests that urban centers incubate critical chains of transmission outside of peak climatic conditions, altering the spatiotemporal geometry of herd immunity.",https://doi.org/10.1126/science.aat6030,Benjamin D. Dalziel; Stephen M. Kissler; Julia R. Gog; Cécile Viboud; Ottar N. Bjørnstad; C. Jessica E. Metcalf; Bryan T. Grenfell,2018-10-04,2018,article,427,https://openalex.org/W2894751401,https://openalex.org/W2894751401,United States,1071,neutral,0.9
Science,"United States reports new cases of puzzling, poliolike disease that strikes children",,https://doi.org/10.1126/science.aav7514,Gretchen Vogel,2018-10-16,2018,article,0,https://openalex.org/W2898000063,https://openalex.org/W2898000063,United States,1072,negative,0.9
Science,China narrows U.S. lead in R&D spending,But lagging support for basic research may hinder ambitions to become a science superpower.,https://doi.org/10.1126/science.362.6412.276,Dennis Normile,2018-10-18,2018,article,33,https://openalex.org/W2897597358,https://openalex.org/W2897597358,United States,1073,positive,0.7
Science,Why are U.S. neuroscientists clamoring for marmosets?,,https://doi.org/10.1126/science.aav8223,Kelly Servick,2018-10-23,2018,article,12,https://openalex.org/W2898222785,https://openalex.org/W2898222785,United States,1074,neutral,0.9
Science,U.S. courts reject efforts to block youth climate trial,,https://doi.org/10.1126/science.aav8387,Julia Rosén,2018-10-25,2018,article,0,https://openalex.org/W2898291261,https://openalex.org/W2898291261,United States,1075,positive,0.9
Science,U.S. labs clamor for marmosets,Shortage develops as new transgenic models for neurological diseases stoke interest.,https://doi.org/10.1126/science.362.6413.383,Kelly Servick,2018-10-26,2018,article,20,https://openalex.org/W2898108730,https://openalex.org/W2898108730,United States,1076,neutral,0.9
Science,Record number of monkeys being used in U.S. research,,https://doi.org/10.1126/science.aav9290,David Grimm,2018-11-02,2018,article,15,https://openalex.org/W2898974797,https://openalex.org/W2898974797,United States,1077,negative,0.7
Science,Some takeaways for science from yesterday’s U.S. elections,,https://doi.org/10.1126/science.aav9892,Jeffrey Mervis,2018-11-07,2018,article,0,https://openalex.org/W2899846409,https://openalex.org/W2899846409,United States,1078,neutral,0.6
Science,U.S. labs using a record number of monkeys,"Nonhuman primates grow in research importance, but trend alarms animal activists.",https://doi.org/10.1126/science.362.6415.630,David Grimm,2018-11-08,2018,article,15,https://openalex.org/W2899576725,https://openalex.org/W2899576725,United States,1079,neutral,0.9
Science,Science restored: Eddie Bernice Johnson prepares to chair key panel in U.S. House of Representatives,,https://doi.org/10.1126/science.aaw0503,Jeffrey Mervis,2018-11-13,2018,article,0,https://openalex.org/W2901176691,https://openalex.org/W2901176691,United States,1080,positive,0.9
Science,STEM candidates elected to U.S. House prepare for their new jobs,,https://doi.org/10.1126/science.aaw0825,Jeffrey Mervis,2018-11-15,2018,article,0,https://openalex.org/W2900918334,https://openalex.org/W2900918334,United States,1081,positive,0.85
Science,Halt speculation on U.S. embassy in Cuba,"Since 2016, the U.S. State Department has reported that 25 staff at the U.S. embassy in Havana have complained of symptoms such as hearing loss and vertigo (1). Embassy staff have reported hearing unusual and unsettling sounds at home or at hotel rooms in addition to their workplaces at the embassy (2). In the ensuing 2 years,scientists have allowed speculation about the causes of these health issues to outpace the evidence.",https://doi.org/10.1126/science.aav5485,Mitchell Joseph Valdés-Sosa; Kenneth R. Foster,2018-11-15,2018,article,0,https://openalex.org/W2901161419,https://openalex.org/W2901161419,United States,1082,negative,0.7
Science,A U.S. biochemistry professor takes his political shot—and misses by a lot,,https://doi.org/10.1126/science.aaw0944,Jeffrey Mervis,2018-11-16,2018,article,0,https://openalex.org/W2900801471,https://openalex.org/W2900801471,United States,1083,negative,0.9
Science,"Climate change poses major threat to U.S., new government report concludes",,https://doi.org/10.1126/science.aaw1661,David Malakoff,2018-11-23,2018,article,0,https://openalex.org/W2901375449,https://openalex.org/W2901375449,United States,1084,negative,0.95
Science,Trump’s nominee for USDA science post calls new U.S. climate report ‘genuine’,,https://doi.org/10.1126/science.aaw2126,Jeffrey Mervis,2018-11-28,2018,article,0,https://openalex.org/W2902266463,https://openalex.org/W2902266463,United States,1085,positive,0.75
Science,U.S. Supreme Court ruling in frog case highlights debate over definition of ‘habitat’,,https://doi.org/10.1126/science.aaw2117,Ellen M. Gilmer,2018-11-28,2018,article,0,https://openalex.org/W2902639531,https://openalex.org/W2902639531,United States,1086,neutral,0.9
Science,Trump White House tried to bury U.S. climate report. That has only generated more attention,,https://doi.org/10.1126/science.aaw2218,Scott A. Waldman,2018-11-29,2018,article,0,https://openalex.org/W2902274335,https://openalex.org/W2902274335,United States,1087,negative,0.85
Science,Flawed analyses of U.S. auto fuel economy standards,A 2018 analysis discarded at least $112 billion in benefits,https://doi.org/10.1126/science.aav1458,Antonio M. Bento; Kenneth Gillingham; Mark R. Jacobsen; Christopher R. Knittel; Benjamin Leard; Joshua Linn; Virginia McConnell; David Rapson; James Sallee; Arthur van Benthem; Kate S. Whitefoot,2018-12-07,2018,article,34,https://openalex.org/W2903467374,https://openalex.org/W2903467374,United States,1088,negative,0.9
Science,"Despite growing budget, U.S. cancer institute slashes operating budget by 5%",,https://doi.org/10.1126/science.aaw3143,Jocelyn Kaiser,2018-12-07,2018,article,0,https://openalex.org/W2905182960,https://openalex.org/W2905182960,United States,1089,negative,0.85
Science,Dog research at U.S. Department of Veterans Affairs gets formal review,,https://doi.org/10.1126/science.aaw3393,David Grimm,2018-12-10,2018,article,2,https://openalex.org/W2904367332,https://openalex.org/W2904367332,United States,1090,neutral,0.9
Science,"Draw clearer red lines around human gene editing, say leaders of Chinese and U.S. science academies",,https://doi.org/10.1126/science.aaw3746,Jon Cohen,2018-12-13,2018,article,0,https://openalex.org/W2903993473,https://openalex.org/W2903993473,United States,1091,neutral,0.9
Science,"United States should prepare to build a prototype fusion power plant, panel says",,https://doi.org/10.1126/science.aaw3760,Adrian Cho,2018-12-13,2018,article,0,https://openalex.org/W2905149347,https://openalex.org/W2905149347,United States,1092,positive,0.9
Science,"U.S. scientists brace, again, for a government shutdown",,https://doi.org/10.1126/science.aaw4635,Science Staff,2018-12-21,2018,article,0,https://openalex.org/W4236872408,https://openalex.org/W4236872408,United States,1093,negative,0.9
Science,U.S. shutdown begins: ‘It’s disheartening... discouraging... deflating’,,https://doi.org/10.1126/science.aaw4726,Science Staff,2018-12-22,2018,article,0,https://openalex.org/W4235125712,https://openalex.org/W4235125712,United States,1094,negative,0.95
Science,U.S. Senate confirms Kelvin Droegemeier to lead White House science office,,https://doi.org/10.1126/science.aaw5430,Jeffrey Mervis,2019-01-03,2019,article,0,https://openalex.org/W2907986999,https://openalex.org/W2907986999,United States,1095,neutral,0.98
Science,Can a set of equations keep U.S. census data private?,,https://doi.org/10.1126/science.aaw5470,Jeffrey Mervis,2019-01-04,2019,article,21,https://openalex.org/W2907507670,https://openalex.org/W2907507670,United States,1096,neutral,0.95
Science,U.S. government shutdown starts to take a bite out of science,,https://doi.org/10.1126/science.aaw5898,David Malakoff,2019-01-07,2019,article,0,https://openalex.org/W2911173780,https://openalex.org/W2911173780,United States,1097,negative,0.9
Science,The contiguous United States just lost its last wild caribou,,https://doi.org/10.1126/science.aaw7110,David Moskovitz,2019-01-17,2019,article,4,https://openalex.org/W2911073299,https://openalex.org/W2911073299,United States,1098,negative,0.95
Science,Shake-up threatens novel U.S. ecology facility,"NEON science head quits, advisers fired after Battelle replaces two top managers.",https://doi.org/10.1126/science.363.6424.211,Jeffrey Mervis,2019-01-18,2019,article,1,https://openalex.org/W2910811838,https://openalex.org/W2910811838,United States,1099,negative,0.92
Science,Surprise! Shutdown also disrupting U.S. science agencies that aren’t closed,,https://doi.org/10.1126/science.aaw7303,Science Staff,2019-01-19,2019,article,0,https://openalex.org/W4240538769,https://openalex.org/W4240538769,United States,1100,negative,0.9
Science,"The ocean is full of drifting DNA. The United States needs to collect it, researchers say",,https://doi.org/10.1126/science.aaw7592,Alex Fox,2019-01-22,2019,article,0,https://openalex.org/W2914164330,https://openalex.org/W2914164330,United States,1101,neutral,0.9
Science,Update: U.S. science agencies see gains in final 2019 spending bills,,https://doi.org/10.1126/science.aaw7598,Jeffrey Mervis,2019-01-23,2019,article,0,https://openalex.org/W2911662870,https://openalex.org/W2911662870,United States,1102,positive,0.9
Science,Fake news on Twitter during the 2016 U.S. presidential election,"The spread of fake news on social media became a public concern in the United States after the 2016 presidential election. We examined exposure to and sharing of fake news by registered voters on Twitter and found that engagement with fake news sources was extremely concentrated. Only 1% of individuals accounted for 80% of fake news source exposures, and 0.1% accounted for nearly 80% of fake news sources shared. Individuals most likely to engage with fake news sources were conservative leaning, older, and highly engaged with political news. A cluster of fake news sources shared overlapping audiences on the extreme right, but for people across the political spectrum, most political news exposure still came from mainstream media outlets.",https://doi.org/10.1126/science.aau2706,Nir Grinberg; Kenneth Joseph; Lisa Friedland; Briony Swire‐Thompson; David Lazer,2019-01-24,2019,article,1867,https://openalex.org/W2913649461,https://openalex.org/W2913649461,United States,1103,negative,0.8
Science,"Majority of Americans were not exposed to ‘fake news’ in 2016 U.S. election, Twitter study suggests",,https://doi.org/10.1126/science.aaw7885,Alex Fox,2019-01-24,2019,article,0,https://openalex.org/W2914168031,https://openalex.org/W2914168031,United States,1104,neutral,0.9
Science,U.S. defenses look to thwart missiles early,"Scientists worry about the cost and feasibility of ""boost-phase"" antimissile technologies.",https://doi.org/10.1126/science.363.6425.327,Gabriel Popkin,2019-01-25,2019,article,2,https://openalex.org/W2911671867,https://openalex.org/W2911671867,United States,1105,neutral,0.85
Science,End of U.S. shutdown won’t mean return to business as usual for research agencies,,https://doi.org/10.1126/science.aaw8038,Jeffrey Mervis,2019-01-25,2019,article,0,https://openalex.org/W2912385680,https://openalex.org/W2912385680,United States,1106,negative,0.8
Science,"Applause, with some raised eyebrows, for Trump’s pledge to end AIDS in the United States by 2030",,https://doi.org/10.1126/science.aaw9199,Jon Cohen,2019-02-05,2019,article,0,https://openalex.org/W2912615143,https://openalex.org/W2912615143,United States,1107,neutral,0.7
Science,"Worrisome nonstick chemicals are common in U.S. drinking water, federal study suggests",,https://doi.org/10.1126/science.aaw9533,Natasha Gilbert,2019-02-08,2019,article,1,https://openalex.org/W2914765098,https://openalex.org/W2914765098,United States,1108,negative,0.95
Science,"Here’s how your city’s climate will change by 2080, if you’re in Canada or the United States",,https://doi.org/10.1126/science.aaw9861,Sid Perkins,2019-02-12,2019,article,0,https://openalex.org/W2912567082,https://openalex.org/W2912567082,United States,1109,neutral,0.85
Science,"Controversial flu studies can resume, U.S. panel says",Critics complain of lack of transparency in decision that allows efforts to create potentially risky virus strains.,https://doi.org/10.1126/science.363.6428.676,Jocelyn Kaiser,2019-02-15,2019,article,7,https://openalex.org/W2913351039,https://openalex.org/W2913351039,United States,1110,neutral,0.6
Science,"Overlooked no longer Behind the Sheet Charly Evon Simpson The Ensemble Studio Theatre, New York, NY, USA.",A new play honors the enslaved black women who helped improve our understanding of reproductive health,https://doi.org/10.1126/science.aaw4483,Deirdre Cooper Owens,2019-02-15,2019,article,0,https://openalex.org/W2913299219,https://openalex.org/W2913299219,United States,1111,positive,0.85
Science,U.S. science adviser sees smaller federal role,"In first public remarks, Kelvin Droegemeier calls partnerships key to research preeminence.",https://doi.org/10.1126/science.363.6429.800,Jeffrey Mervis,2019-02-22,2019,article,4,https://openalex.org/W2916773069,https://openalex.org/W2916773069,United States,1112,neutral,0.9
Science,United States extends fetal tissue contract and revives one experiment,,https://doi.org/10.1126/science.aax1189,Meredith Wadman,2019-02-22,2019,article,0,https://openalex.org/W2916488774,https://openalex.org/W2916488774,United States,1113,neutral,0.9
Science,NIH letters asking about undisclosed foreign ties rattle U.S. universities,,https://doi.org/10.1126/science.aax1997,Jeffrey Mervis,2019-03-01,2019,article,1,https://openalex.org/W2920626899,https://openalex.org/W2920626899,United States,1114,negative,0.9
Science,‘Antivaxxers’ attack U.S. science panel,,https://doi.org/10.1126/science.aax2213,Meredith Wadman,2019-03-04,2019,article,1,https://openalex.org/W2918615215,https://openalex.org/W2918615215,United States,1115,negative,0.95
Science,"U.S. Senate Republicans hold rare climate hearing, and more might be coming",,https://doi.org/10.1126/science.aax2484,Mark Mathews,2019-03-06,2019,article,0,https://openalex.org/W2921286216,https://openalex.org/W2921286216,United States,1116,neutral,0.9
Science,Trump once again requests deep cuts in U.S. science spending,,https://doi.org/10.1126/science.aax2964,Science Staff,2019-03-11,2019,article,1,https://openalex.org/W4247163511,https://openalex.org/W4247163511,United States,1117,negative,0.9
Science,"In a first, U.S. private sector employs nearly as many Ph.D.s as schools do",,https://doi.org/10.1126/science.caredit.aax3138,Katie Langin,2019-03-12,2019,article,36,https://openalex.org/W2921541665,https://openalex.org/W2921541665,United States,1118,neutral,0.95
Science,U.S. researchers hope Congress will dig NSF out of a $1 billion budget hole,,https://doi.org/10.1126/science.aax3944,Jeffrey Mervis,2019-03-19,2019,article,0,https://openalex.org/W2923241377,https://openalex.org/W2923241377,United States,1119,neutral,0.6
Science,New U.S. sanctions put spotlight on Iranian research institute,,https://doi.org/10.1126/science.aax4618,Richard Stone,2019-03-25,2019,article,0,https://openalex.org/W2925315798,https://openalex.org/W2925315798,United States,1120,negative,0.7
Science,"Emissions growth in United States, Asia fueled record carbon levels in 2018",,https://doi.org/10.1126/science.aax4742,Benjamin Storrow,2019-03-26,2019,article,22,https://openalex.org/W2930185344,https://openalex.org/W2930185344,United States,1121,negative,0.9
Science,U.S. judge rules deceptive publisher should pay $50 million in damages,,https://doi.org/10.1126/science.aax5720,Jeffrey Brainard,2019-04-03,2019,article,8,https://openalex.org/W2932056141,https://openalex.org/W2932056141,United States,1122,negative,0.8
Science,Closure of U.S. Toxoplasma lab draws ire,Scientists say political pressure threatens research on cause of blindness and birth defects.,https://doi.org/10.1126/science.364.6436.109,Meredith Wadman,2019-04-12,2019,article,6,https://openalex.org/W2945378585,https://openalex.org/W2945378585,United States,1123,negative,0.9
Science,Exclusive: Major U.S. cancer center ousts ‘Asian’ researchers after NIH flags their foreign ties,,https://doi.org/10.1126/science.aax7490,Mara Hvistendahl,2019-04-19,2019,article,2,https://openalex.org/W2935876547,https://openalex.org/W2935876547,United States,1124,negative,0.9
Science,Just 10% of U.S. plastic gets recycled. A new kind of plastic could change that,,https://doi.org/10.1126/science.aax7790,Alex Fox,2019-04-22,2019,article,22,https://openalex.org/W2941406280,https://openalex.org/W2941406280,United States,1125,positive,0.7
Science,SciLine expands scientific resources offered to U.S. journalists,“Genomics for Journalists” is first in a series of free science boot camps for journalists,https://doi.org/10.1126/science.364.6438.344,Anne Q. Hoy,2019-04-25,2019,article,1,https://openalex.org/W2942482081,https://openalex.org/W2942482081,United States,1126,positive,0.9
Science,"Plan to drill in Alaskan wildlife refuge downplays climate impact, U.S. agency argues",,https://doi.org/10.1126/science.aax8226,Adam Aton,2019-04-25,2019,article,0,https://openalex.org/W2941459916,https://openalex.org/W2941459916,United States,1127,negative,0.9
Science,U.S. universities reassess collaborations with foreign scientists in wake of NIH letters,,https://doi.org/10.1126/science.aax8242,Jeffrey Mervis,2019-04-26,2019,article,3,https://openalex.org/W2940476609,https://openalex.org/W2940476609,United States,1128,neutral,0.8
Science,"In lopsided vote, U.S. science academy backs move to eject sexual harassers",,https://doi.org/10.1126/science.aax8773,Meredith Wadman,2019-04-30,2019,article,0,https://openalex.org/W2943172499,https://openalex.org/W2943172499,United States,1129,positive,0.9
Science,"Analysis: U.S. science adviser has a vision for cutting research red tape, but details are scarce",,https://doi.org/10.1126/science.aax8857,Jeffrey Mervis,2019-05-01,2019,article,0,https://openalex.org/W2942515358,https://openalex.org/W2942515358,United States,1130,neutral,0.8
Science,The U.S. National Quantum Initiative: From Act to action,"Academia, agencies, and industry will work together",https://doi.org/10.1126/science.aax0578,C. Monroe; Michael G. Raymer; Jacob M. Taylor,2019-05-02,2019,article,56,https://openalex.org/W2943752720,https://openalex.org/W2943752720,United States,1131,neutral,0.9
Science,"U.S. House proposes budget increases for energy, environmental research programs",,https://doi.org/10.1126/science.aay0407,David Malakoff,2019-05-14,2019,article,0,https://openalex.org/W2946354921,https://openalex.org/W2946354921,United States,1132,positive,0.9
Science,Vanishing Bering Sea ice threatens one of the richest U.S. seafood sources,,https://doi.org/10.1126/science.aay0513,Warren Cornwall,2019-05-15,2019,article,3,https://openalex.org/W2945123526,https://openalex.org/W2945123526,United States,1133,negative,0.9
Science,Two threats to U.S. science,"Last month, the House Appropriations Committee of the U.S. Congress began drafting its Fiscal Year 2020 funding bill. Among the promising news is the committee's support for a $2 billion increase above Fiscal Year 2019 for the U.S. National Institutes of Health (NIH), the first step in what is likely to be a long and contentious budget process. Why, then, is the cycle of success that the U.S. scientific enterprise has enjoyed since the mid-20th century in jeopardy?",https://doi.org/10.1126/science.aax9846,Bruce Alberts; V. Narayanamurti,2019-05-16,2019,article,1,https://openalex.org/W2945852831,https://openalex.org/W2945852831,United States,1134,negative,0.85
Science,Fund U.S. veteran toxic exposure database,,https://doi.org/10.1126/science.aax5077,Dylan S. Small,2019-05-16,2019,article,0,https://openalex.org/W2944918486,https://openalex.org/W2944918486,United States,1135,positive,0.75
Science,U.S. cancer institute cancels nanotech research centers,,https://doi.org/10.1126/science.aay0798,Robert F. Service,2019-05-17,2019,article,8,https://openalex.org/W4254489874,https://openalex.org/W4254489874,United States,1136,negative,0.9
Science,U.S. lawmakers move to protect historic Chaco Canyon from mining and drilling,,https://doi.org/10.1126/science.aay1195,Kellie Lunney,2019-05-21,2019,article,0,https://openalex.org/W2945968775,https://openalex.org/W2945968775,United States,1137,positive,0.9
Science,Update: House spending panel restores U.S. ban on gene-edited babies,,https://doi.org/10.1126/science.aay1607,Jocelyn Kaiser,2019-05-25,2019,article,4,https://openalex.org/W2946045355,https://openalex.org/W2946045355,United States,1138,positive,0.75
Science,Million-person U.S. study of genes and health stumbles over including Native American groups,,https://doi.org/10.1126/science.aay2081,Jocelyn Kaiser,2019-05-29,2019,article,4,https://openalex.org/W2947343874,https://openalex.org/W2947343874,United States,1139,negative,0.85
Science,U.S. think tank shuts down prominent center that challenged climate science,,https://doi.org/10.1126/science.aay2108,Scott A. Waldman,2019-05-29,2019,article,0,https://openalex.org/W2946885490,https://openalex.org/W2946885490,United States,1140,neutral,0.9
Science,Native American groups wary of big U.S. biobank,Tribes say health officials were slow to consult them.,https://doi.org/10.1126/science.364.6443.812,Jocelyn Kaiser,2019-05-30,2019,article,4,https://openalex.org/W2947620517,https://openalex.org/W2947620517,United States,1141,negative,0.9
Science,Bipartisan bill would create forum for discussing how to counter U.S. academic espionage,,https://doi.org/10.1126/science.aay2253,Jeffrey Mervis,2019-05-30,2019,article,0,https://openalex.org/W2947099096,https://openalex.org/W2947099096,United States,1142,neutral,0.85
Science,Controversial U.S. bill would lift Supreme Court ban on patenting human genes,,https://doi.org/10.1126/science.aay2710,Kelly Servick,2019-06-04,2019,article,4,https://openalex.org/W2948165489,https://openalex.org/W2948165489,United States,1143,negative,0.75
Science,Bipartisan bill proposes forum on U.S. academic espionage,Congress asked to set up National Academies roundtable.,https://doi.org/10.1126/science.364.6444.922,Jeffrey Mervis,2019-06-06,2019,article,1,https://openalex.org/W2948807924,https://openalex.org/W2948807924,United States,1144,neutral,0.9
Science,Powerful U.S. senator calls for vetting NIH grantees at hearing on foreign influences,,https://doi.org/10.1126/science.aay3044,Jeffrey Mervis,2019-06-06,2019,article,0,https://openalex.org/W4243249102,https://openalex.org/W4243249102,United States,1145,neutral,0.7
Science,What big ideas will shape U.S. science over the next decade? Here are some contenders,,https://doi.org/10.1126/science.aay4654,Katie Camero,2019-06-20,2019,article,0,https://openalex.org/W2953311827,https://openalex.org/W2953311827,United States,1146,neutral,0.95
Science,House panel clarifies how universities would report sexual harassment cases to U.S. funders,,https://doi.org/10.1126/science.aay4779,Jeffrey Mervis,2019-06-21,2019,article,0,https://openalex.org/W2949834411,https://openalex.org/W2949834411,United States,1147,neutral,0.9
Science,Trump officials deleting mentions of ‘climate change’ from U.S. Geological Survey press releases,,https://doi.org/10.1126/science.aay6617,Scott A. Waldman,2019-07-08,2019,article,5,https://openalex.org/W2958756550,https://openalex.org/W2958756550,United States,1148,negative,0.9
Science,Major U.S. cities are leaking methane at twice the rate previously believed,,https://doi.org/10.1126/science.aay8122,Sid Perkins,2019-07-19,2019,article,3,https://openalex.org/W2964136797,https://openalex.org/W2964136797,United States,1149,negative,0.9
Science,Budget deal raises hopes for U.S. research agencies,,https://doi.org/10.1126/science.aay8472,Jeffrey Mervis,2019-07-23,2019,article,0,https://openalex.org/W2963417101,https://openalex.org/W2963417101,United States,1150,positive,0.95
Science,U.S. universities battle a security storm in Congress,,https://doi.org/10.1126/science.aay9196,Jeffrey Mervis,2019-07-29,2019,article,0,https://openalex.org/W2966352840,https://openalex.org/W2966352840,United States,1151,negative,0.8
Science,"China’s scientists alarmed, bewildered by growing anti-Chinese sentiment in the United States",,https://doi.org/10.1126/science.aay9533,Dennis Normile,2019-07-31,2019,article,3,https://openalex.org/W2965298951,https://openalex.org/W2965298951,United States,1152,negative,0.9
Science,U.S. suspicions rankle Chinese scientists,Many academics dismiss conspiracy claims and worry about impacts on research.,https://doi.org/10.1126/science.365.6452.415,Dennis Normile,2019-08-01,2019,article,3,https://openalex.org/W2964728304,https://openalex.org/W2964728304,United States,1153,negative,0.9
Science,Top U.S. biodefense lab pauses work after safety lapses,,https://doi.org/10.1126/science.aaz0237,Jon Cohen,2019-08-06,2019,article,0,https://openalex.org/W2967385149,https://openalex.org/W2967385149,United States,1154,negative,0.9
Science,U.S. universities confront a security storm in Congress,Concern over foreign influence spawns legislative proposals.,https://doi.org/10.1126/science.365.6453.531,Jeffrey Mervis,2019-08-08,2019,article,1,https://openalex.org/W2967620743,https://openalex.org/W2967620743,United States,1155,negative,0.8
Science,New Trump rules would curb U.S. endangered species protections,,https://doi.org/10.1126/science.aaz1019,Adam Aton,2019-08-12,2019,article,0,https://openalex.org/W2967963115,https://openalex.org/W2967963115,United States,1156,negative,0.9
Science,U.S. groups urge restraint in investigating academic espionage by China,,https://doi.org/10.1126/science.aaz0984,Jeffrey Mervis,2019-08-12,2019,article,0,https://openalex.org/W2967978692,https://openalex.org/W2967978692,United States,1157,neutral,0.8
Science,"Late Upper Paleolithic occupation at Cooper’s Ferry, Idaho, USA, ~16,000 years ago","Radiocarbon dating of the earliest occupational phases at the Cooper's Ferry site in western Idaho indicates that people repeatedly occupied the Columbia River basin, starting between 16,560 and 15,280 calibrated years before the present (cal yr B.P.). Artifacts from these early occupations indicate the use of unfluted stemmed projectile point technologies before the appearance of the Clovis Paleoindian tradition and support early cultural connections with northeastern Asian Upper Paleolithic archaeological traditions. The Cooper's Ferry site was initially occupied during a time that predates the opening of an ice-free corridor (≤14,800 cal yr B.P.), which supports the hypothesis that initial human migration into the Americas occurred via a Pacific coastal route.",https://doi.org/10.1126/science.aax9830,Loren G. Davis; David B. Madsen; Lorena Becerra‐Valdivia; Thomas Higham; David A. Sisson; Sarah M. Skinner; Daniel Stueber; Alexander J. Nyers; Amanda Keen‐Zebert; Christina M. Neudorf; Melissa Cheyney; Masami Izuho; Fumie Iizuka; Samuel R. Burns; Clinton W. Epps; Samuel C. Willis; Ian Buvit,2019-08-29,2019,article,174,https://openalex.org/W2970552507,https://openalex.org/W2970552507,United States,1158,neutral,0.98
Science,U.S. EPA to eliminate all mammal testing by 2035,,https://doi.org/10.1126/science.aaz4593,David Grimm,2019-09-10,2019,article,57,https://openalex.org/W2973050666,https://openalex.org/W2973050666,United States,1159,positive,0.85
Science,"U.S. academics, make sure you know the rules about foreign funding and affiliations",,https://doi.org/10.1126/science.caredit.aaz4693,Beryl Lieff Benderly,2019-09-11,2019,article,0,https://openalex.org/W2972594452,https://openalex.org/W2972594452,United States,1160,neutral,0.85
Science,Assessing U.S. support for gene drives,"Social Sciences
Proponents of gene drive technology argue that it could revolutionize pest management, but how will it be received by the public? Jones et al. used a representative sample to assess public attitudes in the United States toward genetically modified agricultural insect pests in general and gene drives specifically. When informed of the potential risks and benefits of gene drives, respondent support or opposition depended on whether the spread of a gene drive could be carefully limited, whether native or non-native species would be targeted, and whether the drive would suppress or replace target species. Respondents expressed greater trust in universities and the U.S. Department of Agriculture to assess these questions than in private industry or the U.S. Department of Defense. These findings provide important insights for researchers, industry, and policy-makers in upholding public trust in gene drive development and risk assessment.

Sci. Adv. 10.1126/sciadv.aau8462 (2019).",https://doi.org/10.1126/science.365.6458.1131-h,Aaron Clauset,2019-09-12,2019,article,0,https://openalex.org/W2972856421,https://openalex.org/W2972856421,United States,1161,neutral,0.9
Science,Why the U.S. Census Bureau could have trouble complying with Trump’s order to count citizens,,https://doi.org/10.1126/science.aaz5220,Jeffrey Mervis,2019-09-16,2019,article,2,https://openalex.org/W2974160625,https://openalex.org/W2974160625,United States,1162,neutral,0.6
Science,This U.S. lawmaker wants greater scrutiny of algorithms used in criminal trials,,https://doi.org/10.1126/science.aaz6066,Catherine Matacic,2019-09-23,2019,article,0,https://openalex.org/W2975917157,https://openalex.org/W2975917157,United States,1163,neutral,0.8
Science,"After 50-year conservation effort, songbird flies off U.S. endangered species list",,https://doi.org/10.1126/science.aaz7793,Michael W. Doyle,2019-10-08,2019,article,1,https://openalex.org/W2980159219,https://openalex.org/W2980159219,United States,1164,positive,0.95
Science,Scientific integrity bill advances in U.S. House with bipartisan support,,https://doi.org/10.1126/science.aaz8987,Jeffrey Mervis,2019-10-17,2019,article,1,https://openalex.org/W2980704537,https://openalex.org/W2980704537,United States,1165,neutral,0.7
Science,"The United States regulates, the European Union benefits","Medical Regulation
Premarket testing of medical products can be costly but can also reduce uncertainty and improve public welfare. Grennan and Town studied prices and quantities for coronary stents implanted from 2004 to 2013 in many hospitals in the European Union (EU) (where only safety testing was required) and the United States (where both safety and efficacy testing were required). As products were undergoing U.S. clinical trials, volatility in their usage decreased and average usage increased in the EU. Neither usage pattern was seen in the EU for products not in U.S. trials, suggesting learning from U.S. trials. Although EU consumers gain some benefit from increased variety in products, there could be substantial gain from more premarket testing.

Am. Econ. Rev. [www.aeaweb.org/articles?id=10.1257/aer.20180946][1] (2019).

 [1]: http://www.aeaweb.org/articles?id=10.1257/aer.20180946",https://doi.org/10.1126/science.366.6463.321-a,Brad Wible,2019-10-17,2019,article,0,https://openalex.org/W2980332228,https://openalex.org/W2980332228,United States,1166,neutral,0.6
Science,"Now retired, top U.S. environmental scientist feels free to speak her mind",,https://doi.org/10.1126/science.aaz8972,Warren Cornwall,2019-10-17,2019,article,0,https://openalex.org/W2980871448,https://openalex.org/W2980871448,United States,1167,positive,0.9
Science,"Top stories: Top U.S. scientist speaks out, an epic Bronze Age battle, and the risks of raw dog food",,https://doi.org/10.1126/science.aaz9118,Eva Frederick,2019-10-18,2019,article,0,https://openalex.org/W2980626394,https://openalex.org/W2980626394,United States,1168,neutral,0.8
Science,AAAS's “How We Respond” report captures U.S. ingenuity,"Facing climate change, communities across the country devise locally tailored responses, report shows",https://doi.org/10.1126/science.366.6464.436,Anne Q. Hoy,2019-10-24,2019,article,0,https://openalex.org/W2981847280,https://openalex.org/W2981847280,United States,1169,positive,0.9
Science,White House to host closed-door summit on U.S. research enterprise,,https://doi.org/10.1126/science.aba0335,Jeffrey Mervis,2019-10-29,2019,article,0,https://openalex.org/W2984435957,https://openalex.org/W2984435957,United States,1170,neutral,0.9
Science,U.S. telescopes get a new overseer,,https://doi.org/10.1126/science.aba0610,Daniel Clery,2019-10-31,2019,article,0,https://openalex.org/W2983340120,https://openalex.org/W2983340120,United States,1171,neutral,0.9
Science,U.S. moves closer to withdrawing from Paris climate pact,,https://doi.org/10.1126/science.aba0994,Jean Chemnick,2019-11-04,2019,article,2,https://openalex.org/W2983310680,https://openalex.org/W2983310680,United States,1172,negative,0.8
Science,"United States should make a massive investment in AI, top Senate Democrat says",,https://doi.org/10.1126/science.aba1759,Jeffrey Mervis,2019-11-11,2019,article,0,https://openalex.org/W2987183308,https://openalex.org/W2987183308,United States,1173,positive,0.9
Science,U.S. Senate panel sees a standard grant application as defense against foreign influence,,https://doi.org/10.1126/science.aba2805,Jeffrey Mervis,2019-11-19,2019,article,0,https://openalex.org/W2989801560,https://openalex.org/W2989801560,United States,1174,neutral,0.6
Science,Elsevier signs first open-access deal in the United States,,https://doi.org/10.1126/science.aba3514,Science Staff,2019-11-25,2019,article,0,https://openalex.org/W4234279889,https://openalex.org/W4234279889,United States,1175,neutral,0.8
Science,Congress creates two new bodies to tackle foreign influence on U.S. research,,https://doi.org/10.1126/science.aba5217,David Malakoff,2019-12-10,2019,article,0,https://openalex.org/W2995447428,https://openalex.org/W2995447428,United States,1176,positive,0.9
Science,"U.S. scientists who hide foreign ties should face research misconduct sanctions, panel says",,https://doi.org/10.1126/science.aba5331,Jeffrey Mervis,2019-12-11,2019,article,0,https://openalex.org/W2994958885,https://openalex.org/W2994958885,United States,1177,negative,0.6
Science,Final 2020 spending bill is kind to U.S. research,,https://doi.org/10.1126/science.aba6089,Jeffrey Mervis,2019-12-16,2019,article,2,https://openalex.org/W2995603451,https://openalex.org/W2995603451,United States,1178,positive,0.9
Science,"2020 U.S. spending bill restricts some animal research, pushes for lab animal retirement",,https://doi.org/10.1126/science.aba6454,David Grimm,2019-12-19,2019,article,7,https://openalex.org/W2995003623,https://openalex.org/W2995003623,United States,1179,positive,0.7
Science,U.S. takes aim at foreign influence,"Defining ""sensitive research"" remains a sticking point.",https://doi.org/10.1126/science.366.6472.1428,Jeffrey Mervis; David Malakoff,2019-12-20,2019,article,0,https://openalex.org/W2996151246,https://openalex.org/W2996151246,United States,1180,neutral,0.85
Science,U.S. tests ways to sweep space clean of radiation after nuclear attack,,https://doi.org/10.1126/science.aba7112,Richard Stone,2019-12-26,2019,article,3,https://openalex.org/W2997910128,https://openalex.org/W2997910128,United States,1181,neutral,0.9
Science,U.S. military tests radiation belt cleanup in space,Radio waves could sweep belts clean of satellite-killing particles after nuclear sneak attack.,https://doi.org/10.1126/science.367.6473.9,Richard Stone,2020-01-03,2020,article,3,https://openalex.org/W2998495538,https://openalex.org/W2998495538,United States,1182,neutral,0.9
Science,Florida joins U.S. government in probing foreign ties of researchers,,https://doi.org/10.1126/science.aba8420,Jeffrey Mervis,2020-01-09,2020,article,1,https://openalex.org/W2999235983,https://openalex.org/W2999235983,United States,1183,neutral,0.9
Science,"Watch Russia, China, United States race to deploy ‘blazingly fast’ hypersonic weapons",,https://doi.org/10.1126/science.aba8434,Joel E. Goldberg,2020-01-10,2020,article,0,https://openalex.org/W3000475339,https://openalex.org/W3000475339,United States,1184,neutral,0.9
Science,U.S. appeals court tosses children’s climate lawsuit,,https://doi.org/10.1126/science.aba9478,Jennifer Hijazi,2020-01-17,2020,article,0,https://openalex.org/W3000563636,https://openalex.org/W3000563636,United States,1185,negative,0.9
Science,Arrival of new SARS-like virus in U.S. heightens concerns about global spread,,https://doi.org/10.1126/science.aba9943,Dennis Normile,2020-01-21,2020,article,0,https://openalex.org/W3001119879,https://openalex.org/W3001119879,United States,1186,negative,0.95
Science,U.S. geoengineering research gets a lift with $4 million from Congress,,https://doi.org/10.1126/science.abb0237,John Fialka,2020-01-23,2020,article,7,https://openalex.org/W3002848420,https://openalex.org/W3002848420,United States,1187,positive,0.95
Science,United States charges prominent Harvard chemist with failing to disclose China ties,,https://doi.org/10.1126/science.abb0774,Science Staff,2020-01-28,2020,article,0,https://openalex.org/W4251645112,https://openalex.org/W4251645112,United States,1188,negative,0.85
Science,‘People need to see big patterns.’ U.S. ecological observatory’s new science chief looks ahead,,https://doi.org/10.1126/science.abb1105,Elizabeth Pennisi,2020-01-31,2020,article,0,https://openalex.org/W3004289014,https://openalex.org/W3004289014,United States,1189,neutral,0.8
Science,U.S. prosecutor leading China probe explains effort that led to charges against Harvard chemist,,https://doi.org/10.1126/science.abb1489,Jeffrey Mervis,2020-02-03,2020,article,0,https://openalex.org/W3004783896,https://openalex.org/W3004783896,United States,1190,neutral,0.9
Science,U.S. action lowers barriers to invasive species,,https://doi.org/10.1126/science.aba7186,Daniel Simberloff; Jacob N. Barney; Richard N. Mack; James T. Carlton; Jamie K. Reaser; Brent S. Stewart; Gary Tabor; Eric M. Lane; W.H. Hyatt; Jacob Malcom; Lori Buchanan; Laura A. Meyerson,2020-02-07,2020,article,12,https://openalex.org/W3005376481,https://openalex.org/W3005376481,United States,1191,negative,0.9
Science,U.S. attorneys warn of upcoming ‘spike’ in prosecutions related to China ties,,https://doi.org/10.1126/science.abb2156,Catherine Matacic,2020-02-07,2020,article,1,https://openalex.org/W3004716669,https://openalex.org/W3004716669,United States,1192,negative,0.9
Science,The U.S. military is not sustainable,6262MetricsTotal Downloads626Last 6 Months72Last 12 Months156Total Citations2Last 6 Months0Last 12 Months0View all metrics,https://doi.org/10.1126/science.abb1173,Oliver Belcher; Benjamin Neimark; Patrick Bigger,2020-02-27,2020,article,8,https://openalex.org/W3008667397,https://openalex.org/W3008667397,United States,1193,negative,0.9
Science,"In bid to rapidly expand coronavirus testing, U.S. agency abruptly changes rules",,https://doi.org/10.1126/science.abb5231,Jon Cohen,2020-02-29,2020,article,2,https://openalex.org/W3009174832,https://openalex.org/W3009174832,United States,1194,neutral,0.65
Science,"Quarantined at home now, U.S. scientist describes his visit to China’s hot zone","On 13 February, Clifford Lane went to a Washington, D C –area airport to catch a flight to Japan, where he would help launch a study of an experimental drug, remdesivir, against coronavirus disease 2019 (COVID-19) Lane is a deputy director at the U S National Institute of Allergy and Infectious Diseases and a right-hand man to Anthony Fauci, head of NIAID and the top research scientist in the country advising the White House on the outbreak of the virus As Lane waited to board his plane, he was told that his final destination had changed “I get an email, ‘You need to go to China ’ It’s like, are you kidding?” Lane had been selected as one of two U S scientists to join a World Health Organization team of 13 international researchers who would tour five different cities with 12 Chinese colleagues to get a firsthand look at the coronavirus epidemic there The joint mission, which ran from 16–23 February led to a report that offered more details about the clinical course of COVID-19 and the epidemiology in China than had appeared anywhere before",https://doi.org/10.1126/science.abb6154,Jon Cohen,2020-03-06,2020,article,0,https://openalex.org/W3009788354,https://openalex.org/W3009788354,United States,1195,neutral,0.9
Science,‘We're behind the curve’: U.S. hospitals confront the challenges of large-scale coronavirus testing,,https://doi.org/10.1126/science.abb6856,Jon Cohen,2020-03-11,2020,article,7,https://openalex.org/W3011940428,https://openalex.org/W3011940428,United States,1196,negative,0.9
Science,Did an experimental drug help a U.S. coronavirus patient?,,https://doi.org/10.1126/science.abb7243,Jon Cohen,2020-03-13,2020,article,2,https://openalex.org/W3011767435,https://openalex.org/W3011767435,United States,1197,neutral,0.9
Science,Disease experts call for nationwide closure of U.S. schools and businesses to slow coronavirus,,https://doi.org/10.1126/science.abb7544,Jocelyn Kaiser,2020-03-16,2020,article,8,https://openalex.org/W3012258371,https://openalex.org/W3012258371,United States,1198,negative,0.8
Science,Prominent U.S. climate denial group fires president amid financial crisis,,https://doi.org/10.1126/science.abb7678,Scott A. Waldman,2020-03-17,2020,article,0,https://openalex.org/W3012554071,https://openalex.org/W3012554071,United States,1199,negative,0.8
Science,U.S. wildfires plummeted in 2019. Experts say it won’t last,,https://doi.org/10.1126/science.abb7869,Thomas Frank,2020-03-18,2020,article,2,https://openalex.org/W3012235892,https://openalex.org/W3012235892,United States,1200,negative,0.7
Science,"Universities urge U.S. leaders to boost science budgets by 15%, ease rules to cope with pandemic","The U S research community is urgently asking the White House and Congress to take steps aimed at keeping academic research afloat during the coronavirus pandemic Four organizations representing the nation’s major research institutions and medical schools today wrote to Congressional leaders, urging them to increase research spending at federal science agencies by some 15%, or $13 billion, in order to prevent students and researchers in all scientific disciplines from going broke, to help closed laboratories re-start once the pandemic eases, and to cover other unanticipated costs to the academic research enterprise",https://doi.org/10.1126/science.abb8129,Jeffrey Mervis,2020-03-19,2020,article,0,https://openalex.org/W3012043947,https://openalex.org/W3012043947,United States,1201,neutral,0.9
Science,Massive U.S. coronavirus stimulus includes research dollars and some aid to universities,,https://doi.org/10.1126/science.abb9007,Jeffrey Mervis,2020-03-25,2020,article,4,https://openalex.org/W3013589840,https://openalex.org/W3013589840,United States,1202,neutral,0.9
Science,"The United States leads in coronavirus cases, but not pandemic response",,https://doi.org/10.1126/science.abc0192,Science Staff,2020-04-01,2020,article,14,https://openalex.org/W4211027956,https://openalex.org/W4211027956,United States,1203,negative,0.92
Science,United States strains to act as cases set record,"Conflicting messages, lack of coordination plague chaotic efforts to slow coronavirus.",https://doi.org/10.1126/science.368.6486.17,Science News Staff,2020-04-02,2020,article,5,https://openalex.org/W4238265343,https://openalex.org/W4238265343,United States,1204,negative,0.9
Science,Human movements in the United States,"Populations
North America has a long history of migration, movement, and admixture. However, how indigenous people and the continuous waves of global migration shaped the modern United States is poorly understood. Dai et al. analyzed genetic data from more than 32,000 individuals registered with the National Geographic Genographic Project. The authors linked population structure to the genetics of individuals, location of birth, and geography of the United States, including previously underrepresented populations of Asian and Middle Eastern ancestry. From this analysis, the authors show how population substructure reflects historical events, such as the slave trade with Africa. Locales of high genetic similarity were found, and, interestingly, Latinos showed a range of differing geographical and genetic histories. This fine map of U.S. population structure can aid in personalized medicine by providing relevant population-specific information from underrepresented groups within the United States.

Am. J. Hum. Genet. 106 , 371 (2020).",https://doi.org/10.1126/science.368.6486.43-e,Laura M. Zahn,2020-04-02,2020,article,0,https://openalex.org/W3014805388,https://openalex.org/W3014805388,United States,1205,neutral,0.95
Science,"Response to Comment on “Late Upper Paleolithic occupation at Cooper’s Ferry, Idaho, USA, ~16,000 years ago”","Manning builds an inappropriate Bayesian age model to assert that the initial occupation at Cooper's Ferry began only ~15,935 ± 75 to 15,130 ± 20 cal yr B.P., suggesting that our estimation of ~16,560 to 15,280 cal yr B.P. is unsupported. However, this analysis both ignores evidence of human occupation from the earliest undated cultural deposits and reflects a misapplication of Bayesian age-modeling techniques. Consequently, his results are unreliable.",https://doi.org/10.1126/science.aaz6626,Loren G. Davis; Lorena Becerra‐Valdivia; David B. Madsen; Thomas Higham,2020-04-09,2020,article,23,https://openalex.org/W3015770452,https://openalex.org/W3015770452,United States,1206,neutral,0.9
Science,United States aims to curb vaccination injury payouts,Proposal would make it harder to get compensated for shoulder injuries after misplaced injections.,https://doi.org/10.1126/science.368.6487.121,Meredith Wadman,2020-04-09,2020,article,0,https://openalex.org/W3016057016,https://openalex.org/W3016057016,United States,1207,negative,0.9
Science,‘Short-sighted.’ Health experts decry Trump’s freeze on U.S. funding for WHO as world fights pandemic,"President Donald Trump said today he will suspend U S funding to the World Health Organization (WHO) pending a 60- to 90-day investigation into how the agency has handled the response to the coronavirus disease 2019 (COVID-19) pandemic Trump accused WHO of “severely mismanaging and covering up the spread of the coronavirus,” at a White House press conference in the Rose Garden this evening, adding “everybody knows what’s going on there ” People involved in the pandemic response around the world reacted with horror to the news “This is a short-sighted decision which will be disastrous for the agency,” says Devi Sridhar, a global health expert at the University of Edinburgh in the United Kingdom “We need the WHO more than ever to support all countries, especially low and middle income ones ”",https://doi.org/10.1126/science.abc2559,Kai Kupferschmidt,2020-04-14,2020,article,4,https://openalex.org/W3016101944,https://openalex.org/W3016101944,United States,1208,negative,0.95
Science,EPA scientists said U.S. should tighten key air pollution limit. The agency’s head just said no,,https://doi.org/10.1126/science.abc2505,Sean Reilly,2020-04-14,2020,article,1,https://openalex.org/W3016580455,https://openalex.org/W3016580455,United States,1209,negative,0.9
Science,Delays in 2020 U.S. census generate rare consensus,,https://doi.org/10.1126/science.abc2516,Jeffrey Mervis,2020-04-14,2020,article,0,https://openalex.org/W3017152489,https://openalex.org/W3017152489,United States,1210,neutral,0.7
Science,U.S. conservatives who detest climate models add a new target: coronavirus models,,https://doi.org/10.1126/science.abc2693,Scott A. Waldman,2020-04-15,2020,article,2,https://openalex.org/W3016966822,https://openalex.org/W3016966822,United States,1211,negative,0.9
Science,"United States should allow volunteers to be infected with coronavirus to test vaccines, lawmakers argue","Political support is building for regulators in the United States to embrace the controversial strategy of intentionally infecting volunteers with the virus that causes COVID-19 in order to test experimental vaccines Such human challenge trials could greatly accelerate the development of an effective vaccine, 35 members of the House of Representatives argue in a letter sent yesterday to the heads of the U S Food and Drug Administration (FDA) and its parent agency, the Department of Health and Human Services (HHS)",https://doi.org/10.1126/science.abc3772,Jon Cohen,2020-04-21,2020,article,9,https://openalex.org/W3017025354,https://openalex.org/W3017025354,United States,1212,positive,0.8
Science,Did heavy rains trigger the eruption of the most dangerous U.S. volcano? Scientists are skeptical,,https://doi.org/10.1126/science.abc3989,Rodrigo Pérez Ortega,2020-04-22,2020,article,0,https://openalex.org/W3019624239,https://openalex.org/W3019624239,United States,1213,neutral,0.9
Science,Plan to move beluga whales from Canada to U.S. aquarium sparks controversy,,https://doi.org/10.1126/science.abc4512,Rob Hotakainen,2020-04-24,2020,article,0,https://openalex.org/W3020244956,https://openalex.org/W3020244956,United States,1214,negative,0.9
Science,"Deadly imports: In one U.S. forest, 25% of tree loss caused by foreign pests and disease",,https://doi.org/10.1126/science.abc7624,Gabriel Popkin,2020-05-12,2020,article,1,https://openalex.org/W3024688171,https://openalex.org/W3024688171,United States,1215,negative,0.95
Science,U.S. ‘Warp Speed’ vaccine effort comes out of the shadows,Goal is to vaccinate 300 million Americans by January.,https://doi.org/10.1126/science.368.6492.692,Jon Cohen,2020-05-14,2020,article,14,https://openalex.org/W3025658325,https://openalex.org/W3025658325,United States,1216,positive,0.7
Science,United States relaxes rules for biotech crops,,https://doi.org/10.1126/science.abc8305,Erik Stokstad,2020-05-18,2020,article,13,https://openalex.org/W3024788889,https://openalex.org/W3024788889,United States,1217,positive,0.85
Science,U.S. Department of Energy rushes to build advanced new nuclear reactors,,https://doi.org/10.1126/science.abc9177,Adrian Cho,2020-05-20,2020,article,2,https://openalex.org/W3028321976,https://openalex.org/W3028321976,United States,1218,neutral,0.9
Science,‘The house was on fire.’ Top Chinese virologist on how China and U.S. have met the pandemic,,https://doi.org/10.1126/science.abc9534,Jon Cohen,2020-05-22,2020,article,2,https://openalex.org/W3026744893,https://openalex.org/W3026744893,United States,1219,negative,0.8
Science,Doubts greet $1.2 billion bet by United States on a coronavirus vaccine by October,,https://doi.org/10.1126/science.abc9603,Jon Cohen,2020-05-22,2020,article,2,https://openalex.org/W3027106960,https://openalex.org/W3027106960,United States,1220,negative,0.9
Science,U.S. lawmakers unveil bold $100 billion plan to remake NSF,,https://doi.org/10.1126/science.abd0102,Jeffrey Mervis,2020-05-26,2020,article,3,https://openalex.org/W3031780874,https://openalex.org/W3031780874,United States,1221,positive,0.75
Science,Sick chinchillas languish at farms that supply U.S. researchers,,https://doi.org/10.1126/science.abd0131,Meredith Wadman,2020-05-26,2020,article,0,https://openalex.org/W4246989609,https://openalex.org/W4246989609,United States,1222,negative,0.95
Science,Ease restrictions on U.S. blood donations,,https://doi.org/10.1126/science.abc2322,Chirag Vasavda; Byron K. Ho; Solomon H. Snyder,2020-05-28,2020,article,5,https://openalex.org/W3032048691,https://openalex.org/W3032048691,United States,1223,positive,0.9
Science,U.S. move imperils effort to reduce weapons risk from Iranian reactor,,https://doi.org/10.1126/science.abd0729,Richard Stone,2020-05-29,2020,article,0,https://openalex.org/W3031617037,https://openalex.org/W3031617037,United States,1224,negative,0.9
Science,Top U.S. scientists left out of White House selection of COVID-19 vaccine short list,,https://doi.org/10.1126/science.abd1719,Jon Cohen,2020-06-04,2020,article,5,https://openalex.org/W3033444994,https://openalex.org/W3033444994,United States,1225,negative,0.9
Science,"As pandemic pounds U.S. universities, federal support helps their labs stay afloat",,https://doi.org/10.1126/science.abd1841,Jeffrey Mervis,2020-06-05,2020,article,0,https://openalex.org/W3033980596,https://openalex.org/W3033980596,United States,1226,positive,0.8
Science,Plastic rain in protected areas of the United States,"Eleven billion metric tons of plastic are projected to accumulate in the environment by 2025. Because plastics are persistent, they fragment into pieces that are susceptible to wind entrainment. Using high-resolution spatial and temporal data, we tested whether plastics deposited in wet versus dry conditions have distinct atmospheric life histories. Further, we report on the rates and sources of deposition to remote U.S. conservation areas. We show that urban centers and resuspension from soils or water are principal sources for wet-deposited plastics. By contrast, plastics deposited under dry conditions were smaller in size, and the rates of deposition were related to indices that suggest longer-range or global transport. Deposition rates averaged 132 plastics per square meter per day, which amounts to >1000 metric tons of plastic deposition to western U.S. protected lands annually.",https://doi.org/10.1126/science.aaz5819,Janice Brahney; Margaret Hallerud; Eric Heim; Maura Hahnenberger; Suja Sukumaran,2020-06-11,2020,article,1200,https://openalex.org/W3035465341,https://openalex.org/W3035465341,United States,1227,negative,0.9
Science,Plastic dust is blowing into U.S. national parks—more than 1000 tons each year,,https://doi.org/10.1126/science.abd2887,Erik Stokstad,2020-06-11,2020,article,5,https://openalex.org/W3035042440,https://openalex.org/W3035042440,United States,1228,negative,0.95
Science,"Coronavirus forces United States, United Kingdom to cancel Antarctic field research",,https://doi.org/10.1126/science.abd3057,Paul Voosen,2020-06-12,2020,article,1,https://openalex.org/W3035751086,https://openalex.org/W3035751086,United States,1229,negative,0.95
Science,‘It’s really complicated.’ United States and others wrestle with putting COVID-19 vaccines to the test,,https://doi.org/10.1126/science.abd3031,Jon Cohen,2020-06-12,2020,article,0,https://openalex.org/W3034396072,https://openalex.org/W3034396072,United States,1230,negative,0.85
Science,U.S. academic research funding stays healthy despite pandemic,Labs reopening even as campuses struggle.,https://doi.org/10.1126/science.368.6497.1298,Jeffrey Mervis,2020-06-18,2020,article,2,https://openalex.org/W3036803853,https://openalex.org/W3036803853,United States,1231,positive,0.9
Science,U.S. science groups wary of new Senate bills to curb foreign influences,,https://doi.org/10.1126/science.abd3887,Jeffery Mervis,2020-06-18,2020,article,0,https://openalex.org/W3036826121,https://openalex.org/W3036826121,United States,1232,negative,0.85
Science,Lawsuit alleges scientific misconduct at U.S. nuclear weapons lab,,https://doi.org/10.1126/science.abd4839,Adrian Cho,2020-06-24,2020,article,0,https://openalex.org/W3037454403,https://openalex.org/W3037454403,United States,1233,negative,0.9
Science,"U.S. research cruises resume, gingerly",,https://doi.org/10.1126/science.abd7126,Ian Graber-Stiehl,2020-07-07,2020,article,0,https://openalex.org/W3041320771,https://openalex.org/W3041320771,United States,1234,neutral,0.65
Science,United States drops visa restriction on foreign students attending remote classes,,https://doi.org/10.1126/science.abd8239,Science Staff,2020-07-14,2020,article,0,https://openalex.org/W4210409073,https://openalex.org/W4210409073,United States,1235,positive,0.9
Science,U.S. Air Force cadets study idea of Space Force bases on the Moon,,https://doi.org/10.1126/science.abd8397,Sarah Scoles,2020-07-15,2020,article,0,https://openalex.org/W3042359533,https://openalex.org/W3042359533,United States,1236,neutral,0.9
Science,A former Navy disaster specialist wages war against COVID-19 on U.S.-Mexico border,,https://doi.org/10.1126/science.abd8619,Jon Cohen,2020-07-17,2020,article,0,https://openalex.org/W3042463258,https://openalex.org/W3042463258,United States,1237,positive,0.8
Science,Research security bill advances in U.S. Senate despite opposition from research groups,,https://doi.org/10.1126/science.abd9824,Jeffrey Mervis,2020-07-23,2020,article,1,https://openalex.org/W3044920242,https://openalex.org/W3044920242,United States,1238,neutral,0.7
Science,Data secrecy may cripple U.S. attempts to slow pandemic,California and other states don't release as much detail on cases and contacts as epidemiologists want.,https://doi.org/10.1126/science.369.6502.356,Charles Piller,2020-07-24,2020,article,12,https://openalex.org/W3044550747,https://openalex.org/W3044550747,United States,1239,negative,0.9
Science,Critics blast U.S. study finding huge Alaskan mine poses little environmental risk,,https://doi.org/10.1126/science.abe0039,Warren Cornwall,2020-07-24,2020,article,0,https://openalex.org/W3045005841,https://openalex.org/W3045005841,United States,1240,negative,0.9
Science,Disparities in PM 2.5 air pollution in the United States,"Cleaner skies Particulate air pollution in the contiguous United States has decreased considerably over recent decades, but where exactly has that progress been made? Colmer et al. analyzed 36 years of data and found that the spatial distribution of fine particulate matter concentrations has remained largely unchanged over that interval (see the Perspective by Ma). Although, fine particulate pollution levels have dropped overall, those areas that were most and least polluted in 1981 remain so today. We may have made important strides in pollution control, but we have been less successful in addressing disparities of exposure between communities. Science , this issue p. 575 ; see also p. 503",https://doi.org/10.1126/science.aaz9353,Jonathan Colmer; Ian H. Hardman; Jay P. Shimshack; John Voorheis,2020-07-30,2020,article,401,https://openalex.org/W3045551250,https://openalex.org/W3045551250,United States,1241,neutral,0.9
Science,COVID-19 hits U.S. mink farms after ripping through Europe,,https://doi.org/10.1126/science.abe3870,Eli M. Cahan,2020-08-18,2020,article,31,https://openalex.org/W3080248349,https://openalex.org/W3080248349,United States,1242,negative,0.95
Science,New U.S. ethics board rejects most human fetal tissue research proposals,,https://doi.org/10.1126/science.abe3916,Meredith Wadman,2020-08-18,2020,article,3,https://openalex.org/W3081134192,https://openalex.org/W3081134192,United States,1243,negative,0.9
Science,United States establishes a dozen AI and quantum information science research centers,,https://doi.org/10.1126/science.abe5147,Adrian Cho,2020-08-26,2020,article,1,https://openalex.org/W3081800541,https://openalex.org/W3081800541,United States,1244,neutral,0.9
Science,Cannabis research database shows how U.S. funding focuses on harms of the drug,,https://doi.org/10.1126/science.abe5328,Cathleen O’Grady,2020-08-27,2020,article,41,https://openalex.org/W3082677144,https://openalex.org/W3082677144,United States,1245,neutral,0.9
Science,Here’s how the U.S. could release a COVID-19 vaccine before the election—and why that scares some,,https://doi.org/10.1126/science.abe5150,Jon Cohen,2020-08-28,2020,article,12,https://openalex.org/W3081597874,https://openalex.org/W3081597874,United States,1246,negative,0.85
Science,Increases in U.S. federal R&D needed in a global crisis,"Support can boost the U.S. economy, innovation, and global standing",https://doi.org/10.1126/science.369.6507.1067,Anne Q. Hoy,2020-08-28,2020,article,0,https://openalex.org/W3080598500,https://openalex.org/W3080598500,United States,1247,positive,0.8
Science,Racial authoritarianism in U.S. democracy,One segment of the population experiences different rules and differential citizenship.,https://doi.org/10.1126/science.abd7669,Vesla M. Weaver; Gwen Prowse,2020-09-03,2020,article,48,https://openalex.org/W3083213901,https://openalex.org/W3083213901,United States,1248,negative,0.9
Science,Leader of U.S. vaccine push says he‘ll quit if politics trumps science,,https://doi.org/10.1126/science.abe6380,Jon Cohen,2020-09-03,2020,article,6,https://openalex.org/W3083304456,https://openalex.org/W3083304456,United States,1249,neutral,0.8
Science,How democracies are now ‘backsliding’ in countries from Russia to the United States,,https://doi.org/10.1126/science.abe6373,Rasha Aridi,2020-09-03,2020,article,0,https://openalex.org/W3083472011,https://openalex.org/W3083472011,United States,1250,negative,0.9
Science,Climate change denialist given top role at major U.S. science agency,,https://doi.org/10.1126/science.abe7831,Scott A. Waldman,2020-09-14,2020,article,0,https://openalex.org/W3086132856,https://openalex.org/W3086132856,United States,1251,negative,0.9
Science,‘I’m worried about voters screwing up.’ Election scientist tackles 2020 U.S. vote,,https://doi.org/10.1126/science.abe8665,Warren Cornwall,2020-09-18,2020,article,1,https://openalex.org/W4248217396,https://openalex.org/W4248217396,United States,1252,negative,0.9
Science,Climate science critic to be chief scientist at key U.S. climate research agency,,https://doi.org/10.1126/science.abe9135,Scott A. Waldman,2020-09-22,2020,article,0,https://openalex.org/W3087993158,https://openalex.org/W3087993158,United States,1253,negative,0.9
Science,"On the road with Operation Warp Speed, the U.S. COVID-19 vaccine effort","During a vaccine trial site visit, project leaders and researchers discuss minority enrollment, politics, safety, and conflicts of interest",https://doi.org/10.1126/science.abf0378,Jon Cohen,2020-09-29,2020,article,0,https://openalex.org/W3089526527,https://openalex.org/W3089526527,United States,1254,neutral,0.7
Science,"As wildfires continue in western United States, biologists fear for vulnerable species",,https://doi.org/10.1126/science.abf0544,Elizabeth Pennisi,2020-09-30,2020,article,2,https://openalex.org/W3090094678,https://openalex.org/W3090094678,United States,1255,negative,0.95
Science,Record U.S. and Australian fires raise fears for many species,"Scientists say fires likely wiped out some rare Australian organisms, and worry U.S. blazes now threaten more.",https://doi.org/10.1126/science.370.6512.18,John Pickrell; Elizabeth Pennisi,2020-10-02,2020,article,34,https://openalex.org/W3091403136,https://openalex.org/W3091403136,United States,1256,negative,0.95
Science,"Amid pandemic, U.S. faculty job openings plummet",,https://doi.org/10.1126/science.caredit.abf1379,Katie Langin,2020-10-06,2020,article,6,https://openalex.org/W3092043444,https://openalex.org/W3092043444,United States,1257,negative,0.95
Science,U.S. policy puts the safe development of space at risk,Promoting national regulation of space mining rather than multilateral governance risks a “race to the bottom”,https://doi.org/10.1126/science.abd3402,Aaron C. Boley; Michael Byers,2020-10-09,2020,article,28,https://openalex.org/W3091914051,https://openalex.org/W3091914051,United States,1258,negative,0.9
Science,"With to-do list checked off, U.S. physicists ask, ‘What's next?’",Giant neutrino experiment is only sure thing for the field.,https://doi.org/10.1126/science.370.6513.156,Adrian Cho,2020-10-09,2020,article,1,https://openalex.org/W3090610677,https://openalex.org/W3090610677,United States,1259,positive,0.85
Science,How systemic racism shaped the ecosystems of U.S. cities,,https://doi.org/10.1126/science.abf1918,Meagan Cantwell,2020-10-09,2020,article,0,https://openalex.org/W3092590605,https://openalex.org/W3092590605,United States,1260,negative,0.85
Science,U.S. faculty job market tanks,"As COVID-19 upends university finances, postdocs worry about their future.",https://doi.org/10.1126/science.370.6514.272,Katie Langin,2020-10-16,2020,article,18,https://openalex.org/W3092823233,https://openalex.org/W3092823233,United States,1261,negative,0.9
Science,U.S. climate report moves ahead after complaints about delays,,https://doi.org/10.1126/science.abf3502,Scott A. Waldman,2020-10-20,2020,article,0,https://openalex.org/W3093830326,https://openalex.org/W3093830326,United States,1262,positive,0.7
Science,U.S. cities struggling to meet lofty climate goals,,https://doi.org/10.1126/science.abf3847,Peter Behr,2020-10-22,2020,article,0,https://openalex.org/W3094563468,https://openalex.org/W3094563468,United States,1263,negative,0.95
Science,U.S. funds new fleet of probes to explore ocean biogeochemistry,Drifting Argo floats will track oxygen loss from global warming and the oceans' ability to soak up carbon.,https://doi.org/10.1126/science.370.6516.511,Paul Voosen,2020-10-29,2020,article,5,https://openalex.org/W3095742219,https://openalex.org/W3095742219,United States,1264,neutral,0.8
Science,Support U.S. research during COVID-19,"Colleges and universities are critical components of the U.S. innovation ecosystem. These institutions are called upon to play ever-evolving roles in building talent for a changing workforce; achieving scientific breakthroughs; creating new technologies, products, and companies; and contributing to local economic development. Yet, as the pace of change accelerates across our economy, federal and state budget constraints have made meeting these expectations increasingly challenging. The federal commitment to research and development stands at a multidecadal low as a percentage of GDP (1). Now, the coronavirus disease 2019 (COVID-19) pandemic has disrupted almost all aspects of higher education, including the ability to keep laboratories open, conduct research in a timely manner, collect and process data, and collaborate with colleagues and students.",https://doi.org/10.1126/science.abf1225,Michael M. Crow; Jonathan R. Alger; Michael D. Amiridis; Dennis N. Assanis; Eric J. Barron; Mark P. Becker; Rebecca M. Blank; Gene D. Block; Lee C. Bollinger; Robert A. Brown; Sylvia M. Burwell; C. Michael Cassidy; James P. Clements; Steven C. Currall; John J. DeGioia; Julio Frenk; W. Kent Fuchs; Joan T.A. Gabel; Patrick Gallagher; Emma Gee; Eric Isaacs; Lloyd A. Jacobs; Farnam Jahanian; John I. Jenkins; Kristina M. Johnson; Martha Kanter; Paul K. Kearns; Mark Kennedy; Pradeep K. Khosla; L. A. Leshin; Michael R. Lovell; Gary S. May; Jere W. Morehead; Richard B. Myers; Luis M. Proenza; Clayton Rose; M. David Rudd; T. Sands; Mark S. Schlissel; Elisa Stephens; Elizabeth J. Stroble; Kumble Subbaswamy; Satish K. Tripathi; Ruth Watkins; Adam S. Weinberg; Kim A. Wilcox; Deborah L. Wince-Smith; Wendy Wintersteen; William R. Woodson; Robert J. Zimmer,2020-10-29,2020,article,2,https://openalex.org/W3095306120,https://openalex.org/W3095306120,United States,1265,positive,0.9
Science,Several U.S. utilities back out of deal to build novel nuclear power plant,,https://doi.org/10.1126/science.abf5797,Adrian Cho,2020-11-04,2020,article,3,https://openalex.org/W3096758474,https://openalex.org/W3096758474,United States,1266,negative,0.9
Science,Trump to put climate change denier in charge of key U.S. report,,https://doi.org/10.1126/science.abf6536,Scott Waldmann,2020-11-10,2020,article,0,https://openalex.org/W3099732730,https://openalex.org/W3099732730,United States,1267,negative,0.9
Science,"In blistering letter, Democrats demand answers on controversial appointee to U.S. standards agency",,https://doi.org/10.1126/science.abf7786,Jeffrey Mervis,2020-11-18,2020,article,0,https://openalex.org/W3107416708,https://openalex.org/W3107416708,United States,1268,negative,0.95
Science,Eroded protections threaten U.S. forests,,https://doi.org/10.1126/science.abf5654,Katharina‐Victoria Pérez‐Hämmerle; Katie Moon; Hugh P. Possingham; María José Martinez‐Harms; James Watson,2020-11-20,2020,article,0,https://openalex.org/W3101305648,https://openalex.org/W3101305648,United States,1269,negative,0.9
Science,U.S. space policy: Multilateral mining,"In their Policy Forum “U.S. policy puts the safe development of space at risk” (9 October, p. 174), A. Boley and M. Byers claim that U.S. plans to purchase a small amount of commercial Moon resources put the safe development of space at risk. To the contrary, U.S. actions are poised to help jumpstart a new age of space innovation that has the potential to bring scientific and economic benefits to the whole world. There is no global consensus on international regulation of space mining. The Moon Agreement and other related recent attempts have been widely rejected. The United States has led negotiations on the Artemis Accords on a bilateral basis, but it will be a multilateral agreement, with Japan, Canada, the United Kingdom, Italy, Australia, Luxembourg, and the United Arab Emirates joining in October ([ 1 ][1]). The Accords can form a foundation for a future global framework, which ensures all nations can access the resources of outer space.

Environmental management and standards are essential to space mining but are not guaranteed by international regulatory models. International space law already requires, or encourages, national regulation with regard to planetary protection, avoiding harmful contamination, and discouraging harmful interference ([ 2 ][2]). U.S. leadership in the space environment can help ensure that sustainability is engrained in the space mining industry from the start. Early national regulation can facilitate sustainable space mining innovation; it does not inhibit it.

Boley and Byers point to the management of the deep seabed by the United Nations Convention on the Law of the Sea as an alternative global model for sustainable resource use. However, decades later, that model has still not been successful. No commercial deep-sea mining has occurred in the High Seas, the benefit sharing mechanism is not established, and the system has struggled to define environmental management standards. A global approach may eventually emerge, but it is better to begin by stimulating the market and implementing imperfect regulation than to wait.

1. [↵][3]National Aeronautics and Space Administration (NASA), “NASA, international partners advanced cooperation with first signings of the Artemis Accords” (2020).
 

2. [↵][4]1. S. W. Anderson, 2. K. Christensen, 3. J. LaManna
 , J. Energ. Nat. Resourc. Law 37, 227 (2019).
 [OpenUrl][5]

 [1]: #ref-1
 [2]: #ref-2
 [3]: #xref-ref-1-1 View reference 1 in text
 [4]: #xref-ref-2-1 View reference 2 in text
 [5]: {openurl}?query=rft.jtitle%253DJ.%2BEnerg.%2BNat.%2BResourc.%2BLaw%26rft.volume%253D37%26rft.spage%253D227%26rft.genre%253Darticle%26rft_val_fmt%253Dinfo%253Aofi%252Ffmt%253Akev%253Amtx%253Ajournal%26ctx_ver%253DZ39.88-2004%26url_ver%253DZ39.88-2004%26url_ctx_fmt%253Dinfo%253Aofi%252Ffmt%253Akev%253Amtx%253Actx",https://doi.org/10.1126/science.abf2456,Alexander Q. Gilbert; Morgan Bazilian; George F. Sowers,2020-11-26,2020,article,2,https://openalex.org/W3108007224,https://openalex.org/W3108007224,United States,1270,neutral,0.9
Science,U.S. space policy—Response,"We agree with Gilbert et al. that “environmental management and standards are essential to space mining.” However, we do not agree that national legislation is sufficient for regulating space mining, nor do we inherently expect national laws to help “facilitate sustainable space mining innovation.”",https://doi.org/10.1126/science.abf4916,Aaron C. Boley; Michael Byers,2020-11-26,2020,article,0,https://openalex.org/W3110279513,https://openalex.org/W3110279513,United States,1271,neutral,0.95
Science,U.S. space policy: An international model,"This letter discusses NASA's Artemis Accords, which are the bilateral agreements that NASA uses to partner with other space agencies in its return to the Moon. It defends the Artemis Accords from criticisms by other commentators.",https://doi.org/10.1126/science.abf2324,Mark J. Sundahl,2020-11-27,2020,article,2,https://openalex.org/W3109669281,https://openalex.org/W3109669281,United States,1272,positive,0.9
Science,Must-pass U.S. defense bill would harmonize funding disclosures for all federal grant applicants,,https://doi.org/10.1126/science.abg0171,Jeffrey Mervis,2020-12-04,2020,article,0,https://openalex.org/W3113232078,https://openalex.org/W3113232078,United States,1273,neutral,0.9
Science,"FDA panel backs Pfizer’s COVID-19 vaccine, paving way for emergency use in the United States",,https://doi.org/10.1126/science.abg1091,Jon Cohen,2020-12-10,2020,article,0,https://openalex.org/W3111439650,https://openalex.org/W3111439650,United States,1274,positive,0.95
Science,U.S. agency sidesteps listing monarch butterflies as endangered,,https://doi.org/10.1126/science.abg1843,Elizabeth Pennisi,2020-12-15,2020,article,1,https://openalex.org/W3112661579,https://openalex.org/W3112661579,United States,1275,negative,0.9
Science,Targeting U.S. wetland restoration could make cleaning up water much cheaper,,https://doi.org/10.1126/science.abg2341,Erik Stokstad,2020-12-18,2020,article,0,https://openalex.org/W3118119442,https://openalex.org/W3118119442,United States,1276,positive,0.9
Science,Massive 2021 U.S. spending bill leaves research advocates hoping for more,,https://doi.org/10.1126/science.abg2921,Science Staff,2020-12-22,2020,article,2,https://openalex.org/W4254594228,https://openalex.org/W4254594228,United States,1277,negative,0.6
Science,Novavax launches pivotal U.S. trial of dark horse COVID-19 vaccine after manufacturing delays,,https://doi.org/10.1126/science.abg3441,Meredith Wadman,2020-12-28,2020,article,3,https://openalex.org/W3118065681,https://openalex.org/W3118065681,United States,1278,positive,0.7
Science,Report finds holes in U.S. policies on foreign influence in research,,https://doi.org/10.1126/science.abg3078,Jeffrey Mervis,2020-12-28,2020,article,0,https://openalex.org/W3116178316,https://openalex.org/W3116178316,United States,1279,negative,0.9
Science,Power shift in Senate could bring major changes in U.S. science and climate policy,,https://doi.org/10.1126/science.abg4488,David Malakoff,2021-01-06,2021,article,0,https://openalex.org/W3119211308,https://openalex.org/W3119211308,United States,1280,neutral,0.6
Science,‘What changes is the commitment.’ Biden adviser on the next phase of U.S. pandemic response,,https://doi.org/10.1126/science.abg4514,Jon Cohen,2021-01-06,2021,article,0,https://openalex.org/W3120220296,https://openalex.org/W3120220296,United States,1281,positive,0.8
Science,U.S. law sets stage for boost to artificial intelligence research,Congress authorizes ramp up in AI spending and backs planning for a national cloud computing resource.,https://doi.org/10.1126/science.371.6525.112,Jeffrey Mervis,2021-01-07,2021,article,3,https://openalex.org/W3120016102,https://openalex.org/W3120016102,United States,1282,positive,0.8
Science,Dismay greets end of U.S. effort to curb devastating forest pest,"States, tribes oppose federal move to end quarantines and rely on tiny parasitic wasps to fight invasive beetle.",https://doi.org/10.1126/science.371.6525.111,Gabriel Popkin,2021-01-07,2021,article,0,https://openalex.org/W3120078840,https://openalex.org/W3120078840,United States,1283,negative,0.9
Science,Dismay greets end of U.S. effort to curb spread of tree-killing beetle,,https://doi.org/10.1126/science.abg4684,Gabriel Popkin,2021-01-07,2021,article,0,https://openalex.org/W3120079250,https://openalex.org/W3120079250,United States,1284,negative,0.95
Science,Are monarchs endangered? Scientists debate as United States mulls protection,,https://doi.org/10.1126/science.abg4914,Elizabeth Pennisi,2021-01-08,2021,article,2,https://openalex.org/W3120131862,https://openalex.org/W3120131862,United States,1285,neutral,0.9
Science,Data-driven solutions to U.S. polarization,"In their Policy Forum “Political sectarianism in America” (30 October 2020, p. 533), E. J. Finkel et al. summarize research on the multiple sources of the decades-long U.S. march to toxic polarization. However, the mitigation tactics they offer seem piecemeal and insufficient. To reverse a 50-year trajectory of runaway division (1), we need an evidence-based strategy tailored to structural change.",https://doi.org/10.1126/science.abg1730,Peter T. Coleman,2021-01-14,2021,article,0,https://openalex.org/W3118484806,https://openalex.org/W3118484806,United States,1286,positive,0.8
Science,Statisticians hail early departure of U.S. Census director,,https://doi.org/10.1126/science.abg6506,Jeffrey Mervis,2021-01-19,2021,article,0,https://openalex.org/W3125093870,https://openalex.org/W3125093870,United States,1287,positive,0.9
Science,"Controversial study says U.S. labs use 111 million mice, rats","Figure is more than seven times some estimates, but critics say analysis is flawed.",https://doi.org/10.1126/science.371.6527.332,David Grimm,2021-01-21,2021,article,21,https://openalex.org/W3123434568,https://openalex.org/W3123434568,United States,1288,negative,0.8
Science,Parting Trump memo on U.S. research security seen as road map for Biden,,https://doi.org/10.1126/science.abg8064,Jeffrey Mervis,2021-01-28,2021,article,2,https://openalex.org/W3129066722,https://openalex.org/W3129066722,United States,1289,neutral,0.8
Science,Age groups that sustain resurging COVID-19 epidemics in the United States,"After initial declines, in mid-2020 a resurgence in transmission of novel coronavirus disease (COVID-19) occurred in the United States and Europe. As efforts to control COVID-19 disease are reintensified, understanding the age demographics driving transmission and how these affect the loosening of interventions is crucial. We analyze aggregated, age-specific mobility trends from more than 10 million individuals in the United States and link these mechanistically to age-specific COVID-19 mortality data. We estimate that as of October 2020, individuals aged 20 to 49 are the only age groups sustaining resurgent SARS-CoV-2 transmission with reproduction numbers well above one and that at least 65 of 100 COVID-19 infections originate from individuals aged 20 to 49 in the United States. Targeting interventions-including transmission-blocking vaccines-to adults aged 20 to 49 is an important consideration in halting resurgent epidemics and preventing COVID-19-attributable deaths.",https://doi.org/10.1126/science.abe8372,Mélodie Monod; Alexandra Blenkinsop; Xiaoyue Xi; Daniel J. Hebert; Sivan Bershan; Simon Tietze; Marc Baguelin; Valerie C. Bradley; Yu Chen; Helen Coupland; Sarah Filippi; Jonathan Ish-Horowicz; Martin McManus; Thomas A. Mellan; Axel Gandy; Michael Hutchinson; H. Juliette T. Unwin; Sabine van Elsland; Michaela Vollmer; Sebastian Weber; Hong Zhu; Anne Bezancon; Neil M. Ferguson; Swapnil Mishra; Seth Flaxman; Samir Bhatt; Oliver Ratmann,2021-02-02,2021,article,360,https://openalex.org/W3129149202,https://openalex.org/W3129149202,United States,1290,neutral,0.95
Science,U.S. scientists want Congress to look into complaints of racial profiling in China Initiative,,https://doi.org/10.1126/science.abg9532,Jeffrey Mervis,2021-02-05,2021,article,2,https://openalex.org/W3126339646,https://openalex.org/W3126339646,United States,1291,negative,0.8
Science,Lizards may be protecting people from Lyme disease in the southeastern United States,,https://doi.org/10.1126/science.abg9295,Harini Barath,2021-02-05,2021,article,0,https://openalex.org/W3128872887,https://openalex.org/W3128872887,United States,1292,positive,0.95
Science,United States rushes to fill void in viral sequencing,Some experts say Biden administration plan is too modest to track fast-evolving variants as they arise and spread.,https://doi.org/10.1126/science.371.6530.657,Meredith Wadman,2021-02-11,2021,article,7,https://openalex.org/W3127067019,https://openalex.org/W3127067019,United States,1293,neutral,0.8
Science,Road map to U.S. fusion power plant comes into clearer focus—sort of,,https://doi.org/10.1126/science.abh1729,Adrian Cho,2021-02-19,2021,article,2,https://openalex.org/W3133366944,https://openalex.org/W3133366944,United States,1294,neutral,0.6
Science,U.S. National Science Foundation could get $600 million in pandemic relief bill,,https://doi.org/10.1126/science.abh2014,Jeffrey Mervis,2021-02-22,2021,article,0,https://openalex.org/W3131732882,https://openalex.org/W3131732882,United States,1295,neutral,0.9
Science,U.S. immigration reform for STEM doctorates,"In their Policy Forum “Rethinking immigration policies for STEM doctorates” (22 January, p. [350][1]), M. Roach and J. Skrentny suggest that U.S. immigration reform should provide an easier path to permanent residency for those who work in science, technology, engineering, and mathematics (STEM) fields and have Ph.D.s from U.S. universities. Before implementing the strategies they suggest, policy-makers should address such a program's unintended consequences.

Granting permanent residency to STEM doctorates upon graduation may stimulate educational institutions to seek STEM designations for their traditional non-STEM programs, such as business, management, and social sciences, to attract more foreign applicants. To counteract declining international applications ([ 1 ][2]), some business schools have already been working with the U.S. Department of Homeland Security to classify their MBA programs as STEM programs. This designation would make international students with F-1 visas eligible for an extended Optional Practical Training period ([ 2 ][3]), currently an extra benefit granted to STEM students only ([ 3 ][4]).

Indiscriminately expanding the scale of STEM designations could conversely result in chaotic consequences in the immigration system. Each year, there are approximately 140,000 employment-based immigrant visas made available to qualified applicants around the world ([ 4 ][5]). Granting green cards to all STEM doctorates, including those graduating from the nontraditional STEM-designated programs such as business, management, and social science, could crowd out applicants who majored in science and engineering, potentially leading to unpredictable and long delays for all types of immigration applications. As a result, the U.S. Citizenship and Immigration Services may have to implement new rules to score and prioritize the extremely high volume of applications.

Permanent residency for STEM doctorates may also spur some universities to adopt new strategies. Of the 4034 U.S. postsecondary institutions in 2019, 736 were private for-profit institutions ([ 5 ][6]). These institutions may consider launching “accelerated” doctorate programs as a new revenue stream and lower the admission bar for students applying for these programs for the purposes of immigration. Proper oversight by accreditation agencies could ensure the continued integrity and rigor of the acceptance, supervision, and graduation of STEM doctoral students to prevent abuse of the system.

Scientific, technological, and engineering advancement is a critical foundation of U.S. competitiveness, and the talented, qualified STEM doctorates studying and working in this country are key to maintaining an edge in these fields. Thus, the proposed policy should be designed to primarily benefit those who are contributing to the traditional STEM disciplines after completing rigorous training.

1. [↵][7]1. C. Cutter
 , “Elite M.B.A. programs report steep drop in applications,” Wall Street Journal (2019).
 

2. [↵][8]U.S. Department of Homeland Security, STEM OPT Extension Overview (2016); .
 

3. [↵][9]1. M. Cheng
 , “Why MBA programs want to be classified as STEM studies,” QUART at WORK (2020).
 

4. [↵][10]U.S. Citizenship and Immigration Services, Permanent Workers (2020); [www.uscis.gov/working-in-the-united-states/permanent-workers][11].
 

5. [↵][12]National Center for Education Statistics, “Number of degree-granting postsecondary institutions and enrollment in these institutions, by enrollment size, control, and classification of institution: Fall 2018” (2018); .

 [1]: http://www.sciencemag.org/content/371/6527/350
 [2]: #ref-1
 [3]: #ref-2
 [4]: #ref-3
 [5]: #ref-4
 [6]: #ref-5
 [7]: #xref-ref-1-1 View reference 1 in text
 [8]: #xref-ref-2-1 View reference 2 in text
 [9]: #xref-ref-3-1 View reference 3 in text
 [10]: #xref-ref-4-1 View reference 4 in text
 [11]: http://www.uscis.gov/working-in-the-united-states/permanent-workers
 [12]: #xref-ref-5-1 View reference 5 in text",https://doi.org/10.1126/science.abg8906,Jianyang Geng,2021-02-25,2021,article,0,https://openalex.org/W3131541949,https://openalex.org/W3131541949,United States,1296,neutral,0.9
Science,Butterflies are vanishing in the western U.S.—but not for the reasons scientists thought,,https://doi.org/10.1126/science.abh3625,Elizabeth Pennisi,2021-03-04,2021,article,0,https://openalex.org/W3133526953,https://openalex.org/W3133526953,United States,1297,negative,0.9
Science,U.S. panel calls for new digital service academy to bolster federal workforce,,https://doi.org/10.1126/science.abh4280,Jeffrey Mervis,2021-03-08,2021,article,0,https://openalex.org/W3133716503,https://openalex.org/W3133716503,United States,1298,positive,0.8
Science,"U.S. needs solar geoengineering research program, National Academies says",,https://doi.org/10.1126/science.abi7089,Paul Voosen,2021-03-25,2021,article,33,https://openalex.org/W3141908570,https://openalex.org/W3141908570,United States,1299,neutral,0.9
Science,Syringe size and supply issues continue to waste COVID-19 vaccine doses in United States,,https://doi.org/10.1126/science.abi6931,Sofia Moutinho,2021-03-26,2021,article,6,https://openalex.org/W3149374947,https://openalex.org/W3149374947,United States,1300,negative,0.98
Science,"Nuclear fallout is showing up in U.S. honey, decades after bomb tests",,https://doi.org/10.1126/science.abj0989,Nikk Ogasa,2021-04-20,2021,article,2,https://openalex.org/W3157042807,https://openalex.org/W3157042807,United States,1301,negative,0.85
Science,"U.S. national academy picks record number of women, minorities as part of diversity push",,https://doi.org/10.1126/science.abj1910,Jeffrey Mervis,2021-04-26,2021,article,2,https://openalex.org/W3158211673,https://openalex.org/W3158211673,United States,1302,positive,0.9
Science,Transformative climate adaptation in the United States: Trends and prospects,"As climate change intensifies, civil society is increasingly calling for transformative adaptation that redresses drivers of climate vulnerability. We review trends in how U.S. federal government, private industry and civil society are planning for climate adaptation. We find growing divergence in their approaches and impacts. This incoherence increases maladaptive investment in climate-blind infrastructure, justice-blind reforms in financial and professional sectors, and greater societal vulnerability to climate impacts. If these actors were to proactively and deliberatively engage in transformative adaptation, they would need to address the material, relational and normative factors that hold current systems in place. Drawing on a review of transformation and collective impact literatures, we conclude with directions for research and policy engagement to support more transformative adaptation moving forward.",https://doi.org/10.1126/science.abc8054,Linda Shi; Susanne C. Moser,2021-04-29,2021,article,239,https://openalex.org/W3159918457,https://openalex.org/W3159918457,United States,1303,neutral,0.8
Science,"As U.S. pandemic subsides, conferences explore ‘hybrids’","Societies aim to harness the best of in-person and virtual meetings, but it won't be easy.",https://doi.org/10.1126/science.372.6543.673,Katie Langin,2021-05-13,2021,article,3,https://openalex.org/W3161871350,https://openalex.org/W3161871350,United States,1304,positive,0.9
Science,Senate panel backs funding ban on U.S. researchers in Chinese talent programs,,https://doi.org/10.1126/science.abj4564,Jeffrey Mervis,2021-05-13,2021,article,0,https://openalex.org/W3160229274,https://openalex.org/W3160229274,United States,1305,neutral,0.8
Science,United States set to allow more facilities to produce marijuana for research,,https://doi.org/10.1126/science.abj5123,Meredith Wadman,2021-05-17,2021,article,2,https://openalex.org/W3162691189,https://openalex.org/W3162691189,United States,1306,positive,0.7
Science,"As plan for new U.S. health agency to speed treatments takes shape, doubts remain",,https://doi.org/10.1126/science.abj7390,Jocelyn Kaiser,2021-05-29,2021,article,1,https://openalex.org/W3170889061,https://openalex.org/W3170889061,United States,1307,negative,0.7
Science,Work undone—HIV/AIDS in the USA,"This month marks a somber anniversary—40 years since the first reported cases in the United States of what would later become known as AIDS. There have been tremendous basic, clinical, and prevention advances in HIV science over the past four decades. Yet, despite widespread messaging that the United States is on track to “end AIDS,” the latest trends in infection tell a different story. One fundamental reality underlies the country's failure to achieve control of the HIV epidemic and could undermine efforts to end AIDS—the lack of access to health care for all Americans.",https://doi.org/10.1126/science.abk0619,Chris Beyrer,2021-06-25,2021,article,0,https://openalex.org/W3173964228,https://openalex.org/W3173964228,United States,1308,negative,0.7
Science,Songbirds are mysteriously dying across the eastern U.S. Scientists are scrambling to find out why,,https://doi.org/10.1126/science.abk3325,David Malakoff,2021-07-06,2021,article,0,https://openalex.org/W3181122826,https://openalex.org/W3181122826,United States,1309,negative,0.9
Science,"We need to know more, research security panel tells U.S. officials",,https://doi.org/10.1126/science.abl3822,Jeffrey Mervis,2021-07-09,2021,article,0,https://openalex.org/W3180822742,https://openalex.org/W3180822742,United States,1310,neutral,0.9
Science,Something is killing U.S. birds. It's not cicadas,"Birds with crusty eyes and neurological damage found in nine states and Washington, D.C.",https://doi.org/10.1126/science.373.6551.146,David Malakoff; Erik Stokstad,2021-07-09,2021,article,0,https://openalex.org/W3180918331,https://openalex.org/W3180918331,United States,1311,negative,0.9
Science,"Congress takes first spending steps, with good news for U.S. research agencies",,https://doi.org/10.1126/science.abl4154,Science Staff,2021-07-12,2021,article,0,https://openalex.org/W4206014397,https://openalex.org/W4206014397,United States,1312,positive,0.9
Science,Studies probe how payouts affect U.S. vaccination rates,Money can sometimes tip the balance for the hesitant,https://doi.org/10.1126/science.373.6555.611,Anil Oza,2021-08-05,2021,article,9,https://openalex.org/W3188902358,https://openalex.org/W3188902358,United States,1313,neutral,0.95
Science,Linking Arctic variability and change with extreme winter weather in the United States,"The Arctic is warming at a rate twice the global average and severe winter weather is reported to be increasing across many heavily populated mid-latitude regions, but there is no agreement on whether a physical link exists between the two phenomena. We use observational analysis to show that a lesser-known stratospheric polar vortex (SPV) disruption that involves wave reflection and stretching of the SPV is linked with extreme cold across parts of Asia and North America, including the recent February 2021 Texas cold wave, and has been increasing over the satellite era. We then use numerical modeling experiments forced with trends in autumn snow cover and Arctic sea ice to establish a physical link between Arctic change and SPV stretching and related surface impacts.",https://doi.org/10.1126/science.abi9167,Judah Cohen; Laurie Agel; Mathew Barlow; Chaim I. Garfinkel; Ian White,2021-09-01,2021,article,386,https://openalex.org/W3197952169,https://openalex.org/W3197952169,United States,1314,neutral,0.9
Science,U.S. astronomers weigh fate of giant telescopes,“Decadal survey” could recommend bailout for struggling projects,https://doi.org/10.1126/science.acx8992,Daniel Clery,2021-09-02,2021,article,0,https://openalex.org/W3197323208,https://openalex.org/W3197323208,United States,1315,neutral,0.9
Science,U.S. ups coronavirus surveillance,"Country has fewer blind spots as variant Mu draws attention, but sequencing challenges remain",https://doi.org/10.1126/science.acx9045,Meredith Wadman,2021-09-09,2021,article,2,https://openalex.org/W3197308883,https://openalex.org/W3197308883,United States,1316,neutral,0.9
Science,U.S. judge acquits researcher charged with hiding China ties,Decision to free former engineering professor Anming Hu could have implications for other China Initiative cases,https://doi.org/10.1126/science.acx9104,Jeffrey Mervis,2021-09-16,2021,article,0,https://openalex.org/W3201518998,https://openalex.org/W3201518998,United States,1317,positive,0.85
Science,Costs balloon for huge new U.S. physics project,Department of Energy says it has no plan to downsize $3 billion neutrino experiment,https://doi.org/10.1126/science.acx9157,Adrian Cho,2021-09-23,2021,article,0,https://openalex.org/W3199542029,https://openalex.org/W3199542029,United States,1318,negative,0.9
Science,Reactor mishap derails U.S. studies with neutron beams,"NIST’s research reactor suffered little damage, but will be offline for months",https://doi.org/10.1126/science.acx9537,Adrian Cho,2021-11-04,2021,article,0,https://openalex.org/W3208789619,https://openalex.org/W3208789619,United States,1319,negative,0.95
Science,Influential U.S. wish list calls for $11 billion space telescope,"Decadal survey says NASA should be frugal and build a series of optical, x-ray, and far-infrared observatories",https://doi.org/10.1126/science.acx9608,Daniel Clery,2021-11-11,2021,article,0,https://openalex.org/W3213316610,https://openalex.org/W3213316610,United States,1320,neutral,0.9
Science,Trial of Harvard chemist poses test for U.S.’s China Initiative,"Prosecution of Charles Lieber “misguided,” critics say",https://doi.org/10.1126/science.acx9784,Jeffrey Mervis,2021-12-09,2021,article,0,https://openalex.org/W4200438078,https://openalex.org/W4200438078,United States,1321,neutral,0.8
Science,Physiological costs of undocumented human migration across the southern United States border,"Political, economic, and climatic upheaval can result in mass human migration across extreme terrain in search of more humane living conditions, exposing migrants to environments that challenge human tolerance. An empirical understanding of the biological stresses associated with these migrations will play a key role in the development of social, political, and medical strategies for alleviating adverse effects and risk of death. We model physiological stress associated with undocumented migration across a commonly traversed section of the southern border of the United States and find that locations of migrant death are disproportionately clustered within regions of greatest predicted physiological stress (evaporative water loss). Minimum values of estimated evaporative water loss were sufficient to cause severe dehydration and associated proximate causes of mortality. Integration of future climate predictions into models increased predicted physiological costs of migration by up to 34.1% over the next 30 years.",https://doi.org/10.1126/science.abh1924,Shane C. Campbell‐Staton; Reena H. Walker; Savannah A. Rogers; Jason De León; Hannah Landecker; Warren P. Porter; Paul D. Mathewson; Ryan A. Long,2021-12-16,2021,article,28,https://openalex.org/W4200450304,https://openalex.org/W4200450304,United States,1322,neutral,0.9
Science,Massive U.S. innovation bills face difficult road in Congress,Lawmakers must reconcile competing visions for boosting research spending and helping high-tech industries.,https://doi.org/10.1126/science.ada1091,Jeffrey Mervis,2022-02-10,2022,article,0,https://openalex.org/W4211103028,https://openalex.org/W4211103028,United States,1323,negative,0.85
Science,U.S. science adviser resigns after bullying charge,Eric Lander's abrupt departure comes as Biden administration pushes research initiatives.,https://doi.org/10.1126/science.ada1086,David Malakoff,2022-02-10,2022,article,0,https://openalex.org/W4211251752,https://openalex.org/W4211251752,United States,1324,negative,0.9
Science,Can U.S. physics overcome its record of exclusion?,Data show white institutions falling short and Black colleges leading the way.,https://doi.org/10.1126/science.ada1656,Jeffrey Mervis,2022-03-03,2022,article,4,https://openalex.org/W4214943453,https://openalex.org/W4214943453,United States,1325,neutral,0.6
Science,Growth at U.S. science agencies curtailed in final budget deal,"Congress boosts defense, shrinks Biden's research vision.",https://doi.org/10.1126/science.adb2056,Jeffrey Mervis,2022-03-17,2022,article,2,https://openalex.org/W4220883350,https://openalex.org/W4220883350,United States,1326,negative,0.9
Science,U.S. pares back neutrino experiment to beat rival,Decision to build troubled megaproject in two phases will add to ballooning cost.,https://doi.org/10.1126/science.abq2798,Adrian Cho,2022-03-31,2022,article,0,https://openalex.org/W4220913977,https://openalex.org/W4220913977,United States,1327,neutral,0.8
Science,Bills to ease cannabis research advance in U.S. Congress,Legislation may allow study of edibles or let universities grow their own plants for research.,https://doi.org/10.1126/science.abq4277,Meredith Wadman,2022-04-14,2022,article,0,https://openalex.org/W4223982026,https://openalex.org/W4223982026,United States,1328,positive,0.9
Science,Census aims for better U.S. statistical portrait,Agency wants to retool its surveys and decennial census to improve efficiency and generate better data.,https://doi.org/10.1126/science.abq8309,Jeffrey Mervis,2022-05-05,2022,article,0,https://openalex.org/W4229029347,https://openalex.org/W4229029347,United States,1329,neutral,0.9
Science,Glacial pace for U.S. Long Covid grants,,https://doi.org/10.1126/science.add4321,Meredith Wadman,2022-06-16,2022,article,3,https://openalex.org/W4282983547,https://openalex.org/W4282983547,United States,1330,negative,0.9
Science,U.S. labs face severe postdoc shortage,"Early-career researchers increasingly avoid low-paying, insecure postdoc positions, a Science investigation finds",https://doi.org/10.1126/science.add6184,Katie Langin,2022-06-23,2022,article,13,https://openalex.org/W4283321893,https://openalex.org/W4283321893,United States,1331,negative,0.9
Science,Scientists decry reversal of U.S. abortion rights,"For some, the ruling limits professional mobility and conference attendance.",https://doi.org/10.1126/science.add8035,Katie Langin,2022-07-07,2022,article,2,https://openalex.org/W4284687342,https://openalex.org/W4284687342,United States,1332,negative,0.9
Science,"Half of Americans anticipate a U.S. civil war soon, survey finds","Findings suggest rising gun violence will spill into the political sphere, driven by conspiracy theories.",https://doi.org/10.1126/science.ade0173,Rodrigo Pérez Ortega,2022-07-21,2022,article,2,https://openalex.org/W4286486473,https://openalex.org/W4286486473,United States,1333,negative,0.9
Science,Massive climate and health bill also benefits U.S. energy labs,Major physics projects and national lab infrastructure will get $1.5 billion over 5 years.,https://doi.org/10.1126/science.ade4425,Jeffrey Mervis; Adrian Cho,2022-08-18,2022,article,1,https://openalex.org/W4292677398,https://openalex.org/W4292677398,United States,1334,positive,0.85
Science,U.S. to require free access to papers on all research it funds,"The plan, to start at the end of 2025, is a blow to journal paywalls, but its impact on publishing is unclear.",https://doi.org/10.1126/science.ade6577,Jeffrey Brainard; Jocelyn Kaiser,2022-09-01,2022,article,16,https://openalex.org/W4294073613,https://openalex.org/W4294073613,United States,1335,positive,0.9
Science,U.S. Antarctic Program has ignored sexual harassment,"Decades of complaints have gone unheeded by NSF and contractors managing operations, employees say.",https://doi.org/10.1126/science.ade8710,Jeffrey Mervis,2022-09-15,2022,article,1,https://openalex.org/W4295923917,https://openalex.org/W4295923917,United States,1336,negative,0.9
Science,Next goal for U.S. initiative: A human brain atlas,,https://doi.org/10.1126/science.ade9955,Jocelyn Kaiser,2022-09-22,2022,article,2,https://openalex.org/W4296804385,https://openalex.org/W4296804385,United States,1337,neutral,0.9
Science,"Multiple lineages of monkeypox virus detected in the United States, 2021–2022","Monkeypox is a viral zoonotic disease endemic in Central and West Africa. In May 2022, dozens of non-endemic countries reported hundreds of monkeypox cases, most with no epidemiological link to Africa. We identified two lineages of monkeypox virus (MPXV) among two 2021 and seven 2022 US monkeypox cases: the major 2022 outbreak variant called B.1 and a minor contemporaneously sampled variant called A.2. Analyses of mutations among these two variants revealed an extreme preference for GA-to-AA mutations indicative of human APOBEC3 cytosine deaminase activity among Clade IIb MPXV (previously West African, Nigeria) sampled since 2017. Such mutations were not enriched within other MPXV clades. These findings suggest that APOBEC3 editing may be a recurrent and a dominant driver of MPXV evolution within the current outbreak.",https://doi.org/10.1126/science.add4153,Crystal M. Gigante; Bette Korber; Matthew H. Seabolt; Kimberly Wilkins; Whitni Davidson; Agam K. Rao; Hui Zhao; Todd G. Smith; Christine M. Hughes; Faisal S. Minhaj; Michelle A. Waltenburg; James Theiler; Sandra Smole; Glen R. Gallagher; David Blythe; Robert Myers; Joann Schulte; Joey Stringer; Philip Lee; Rafael Mendoza; LaToya A. Griffin-Thomas; Jenny Crain; Jade Murray; Annette Atkinson; Anthony H. Gonzalez; June Nash; Dhwani Batra; Inger K. Damon; Jennifer H. McQuiston; Christina L. Hutson; Andrea M. McCollum; Yu Li,2022-10-20,2022,article,283,https://openalex.org/W4306902108,https://openalex.org/W4306902108,United States,1338,neutral,0.9
Science,Indictment of monkey importers could disrupt U.S. research,Alleged Cambodian smuggling ring poses dangers to wild macaques and the drug studies they're used in.,https://doi.org/10.1126/science.adg0518,David Grimm,2022-12-01,2022,article,4,https://openalex.org/W4310706089,https://openalex.org/W4310706089,United States,1339,negative,0.9
Science,New U.S. law aims to light up medical research on cannabis,Biden signs bill streamlining pot studies and production.,https://doi.org/10.1126/science.adg1903,Meredith Wadman,2022-12-08,2022,article,1,https://openalex.org/W4311883459,https://openalex.org/W4311883459,United States,1340,positive,0.85
Science,U.S. scientists brace for greater scrutiny of risky research,"Expert panel recommends broader reviews of research involving pathogens or toxins that could have ""dual use"".",https://doi.org/10.1126/science.adg9442,Jocelyn Kaiser,2023-02-02,2023,article,2,https://openalex.org/W4318960899,https://openalex.org/W4318960899,United States,1341,negative,0.9
Science,United States tiptoes into solar geoengineering research,"Campaign seeks to understand reflective particles in the stratosphere, which planet-cooling schemes would enhance.",https://doi.org/10.1126/science.adh1706,Paul Voosen,2023-02-16,2023,article,2,https://openalex.org/W4321018357,https://openalex.org/W4321018357,United States,1342,neutral,0.7
Science,U.S. measurement institute’s labs said to need major upgrade,National academies report finds that disrepair at NIST facilities threatens U.S. economic growth.,https://doi.org/10.1126/science.adh1707,Robert F. Service,2023-02-16,2023,article,0,https://openalex.org/W4321018177,https://openalex.org/W4321018177,United States,1343,neutral,0.6
Science,Managing United States–China university relations and risks,US universities must proactively address potential concerns.,https://doi.org/10.1126/science.adg5619,Richard K. Lester; Lily Tsai; Suzanne Berger; Peter Fisher; M. Taylor Fravel; David B. Goldston; Yasheng Huang; Daniela Rus,2023-04-20,2023,article,11,https://openalex.org/W4366507073,https://openalex.org/W4366507073,United States,1344,neutral,0.8
Science,"U.S., European researchers face monkey shortage crisis",Two new reports highlight growing demand and shrinking availability of nonhuman primates for biomedical studies.,https://doi.org/10.1126/science.adi6512,David Grimm,2023-05-11,2023,article,17,https://openalex.org/W4376129126,https://openalex.org/W4376129126,United States,1345,negative,0.95
Science,U.S. planning test reactor to run on weapons-grade uranium,Use of highly enriched fuel in civilian reactor would contravene decades-old nonproliferation policy.,https://doi.org/10.1126/science.adi8796,Adrian Cho,2023-05-25,2023,article,4,https://openalex.org/W4378195013,https://openalex.org/W4378195013,United States,1346,neutral,0.9
Science,U.S. opens new high-security livestock laboratory,Unease greets Kansas facility that will work with dangerous agricultural pathogens.,https://doi.org/10.1126/science.adi8794,Warren Cornwall,2023-05-25,2023,article,0,https://openalex.org/W4378194671,https://openalex.org/W4378194671,United States,1347,neutral,0.8
Science,Legal challenge could weaken science’s role in U.S. regulation,Supreme Court takes up industry case against fisheries rule.,https://doi.org/10.1126/science.adi8795,Jeffrey Mervis,2023-05-25,2023,article,0,https://openalex.org/W4378195074,https://openalex.org/W4378195074,United States,1348,negative,0.9
Science,Scientists protest changes to U.S. pesticide data,Move to reduce scope and frequency of U.S. Geological Survey database sparks concern.,https://doi.org/10.1126/science.adi9902,Virginia Gewin,2023-06-01,2023,article,3,https://openalex.org/W4378976471,https://openalex.org/W4378976471,United States,1349,negative,0.9
Science,U.S. debt deal clouds funding hopes,Civilian programs take a back seat to defense in averting default.,https://doi.org/10.1126/science.adi9900,Jeffrey Mervis,2023-06-01,2023,article,0,https://openalex.org/W4378976334,https://openalex.org/W4378976334,United States,1350,negative,0.9
Science,"Performing science Love + Science David J. Glass In Vitro Productions, New York City Center, New York, NY, USA, 26 May to 6 July 2023.",A biologist captures the humanity of scientific research in a play about the AIDS crisis.,https://doi.org/10.1126/science.adj0762,H. Holden Thorp,2023-06-22,2023,article,0,https://openalex.org/W4381613001,https://openalex.org/W4381613001,United States,1351,neutral,0.8
Science,"Scientists, U.S. counter claims of pandemic patient zero at lab",Intelligence report offers little new on SARS-CoV-2's origin.,https://doi.org/10.1126/science.adj4497,Jon Cohen,2023-06-29,2023,article,3,https://openalex.org/W4382520410,https://openalex.org/W4382520410,United States,1352,neutral,0.9
Science,U.S. military contract could boost status of Black university,Defense research institute aims to turn Howard into a top research university.,https://doi.org/10.1126/science.adj4500,Jeffrey Mervis,2023-06-29,2023,article,0,https://openalex.org/W4382520424,https://openalex.org/W4382520424,United States,1353,positive,0.9
Science,Tensions endanger U.S.-China research agreement,Scientists on both sides welcome decision to continue talks on renewing collaboration.,https://doi.org/10.1126/science.adk5721,Jeffrey Mervis,2023-08-31,2023,article,0,https://openalex.org/W4386316933,https://openalex.org/W4386316933,United States,1354,negative,0.9
Science,U.S. kills effort to hunt dangerous viruses,Critics feared DEEP VZN project could help pathogens jump from animals to humans.,https://doi.org/10.1126/science.adk8218,Jon Cohen,2023-09-14,2023,article,4,https://openalex.org/W4386736918,https://openalex.org/W4386736918,United States,1355,negative,0.85
Science,"No U.S. shutdown, but dim outlook for science funding",Congress faces strong pressure to hold down 2024 spending.,https://doi.org/10.1126/science.adl1807,Jeffrey Mervis,2023-10-06,2023,article,0,https://openalex.org/W4387393048,https://openalex.org/W4387393048,United States,1356,negative,0.75
Science,Agriculture and hot temperatures interactively erode the nest success of habitat generalist birds across the United States,"Habitat conversion and climate change are fundamental drivers of biodiversity loss worldwide but are often analyzed in isolation. We used a continental-scale, decades-long database of more than 150,000 bird nesting attempts to explore how extreme heat affects avian reproduction in forests, grasslands, and agricultural and developed areas across the US. We found that in forests, extreme heat increased nest success, but birds nesting in agricultural settings were much less likely to successfully fledge young when temperatures reached anomalously high levels. Species that build exposed cup nests and species of higher conservation concern were particularly vulnerable to maximum temperature anomalies in agricultural settings. Finally, future projections suggested that ongoing climate change may exacerbate the negative effects of habitat conversion on avian nesting success, thereby compromising conservation efforts in human-dominated landscapes.",https://doi.org/10.1126/science.add2915,Katherine S. Lauck; Alison Ke; Elissa M. Olimpi; Daniel Paredes; K. J. Hood; Thomas J. Phillips; William R. L. Anderegg; Daniel S. Karp,2023-10-19,2023,article,29,https://openalex.org/W4387782691,https://openalex.org/W4387782691,United States,1357,negative,0.95
Science,U.S. hands out $7 billion for hydrogen hubs,Gas could replace fossil fuels and fight climate change-if it is made cleanly.,https://doi.org/10.1126/science.adl4277,Katherine Bourzac﻿,2023-10-19,2023,article,5,https://openalex.org/W4387770869,https://openalex.org/W4387770869,United States,1358,neutral,0.8
Science,Giant European scope rises as U.S. rivals stumble,"Past the halfway point, Extremely Large Telescope prepares to receive first mirrors.",https://doi.org/10.1126/science.adl4273,Daniel Clery,2023-10-19,2023,article,0,https://openalex.org/W4387772158,https://openalex.org/W4387772158,United States,1359,positive,0.85
Science,Lawsuits force changes in U.S. pesticide regs,"EPA is drawing up new rules for farmers, but some worry the science isn't ready.",https://doi.org/10.1126/science.adm6798,Erik Stokstad,2023-11-02,2023,article,1,https://openalex.org/W4388214996,https://openalex.org/W4388214996,United States,1360,positive,0.8
Science,"Rising wildfire risk to houses in the United States, especially in grasslands and shrublands","Wildfire risks to homes are increasing, especially in the wildland-urban interface (WUI), where wildland vegetation and houses are in close proximity. Notably, we found that more houses are exposed to and destroyed by grassland and shrubland fires than by forest fires in the United States. Destruction was more likely in forest fires, but they burned less WUI. The number of houses within wildfire perimeters has doubled since the 1990s because of both housing growth (47% of additionally exposed houses) and more burned area (53%). Most exposed houses were in the WUI, which grew substantially during the 2010s (2.6 million new WUI houses), albeit not as rapidly as before. Any WUI growth increases wildfire risk to houses though, and more fires increase the risk to existing WUI houses.",https://doi.org/10.1126/science.ade9223,Volker C. Radeloff; Miranda H. Mockrin; David P. Helmers; Amanda R. Carlson; Todd J. Hawbaker; Sebastián Martinuzzi; Franz Schug; Patricia M. Alexandre; H. Anu Kramer; Anna M. Pidgeon,2023-11-09,2023,article,116,https://openalex.org/W4388520460,https://openalex.org/W4388520460,United States,1361,negative,0.9
Science,Impending U.S. helium sale worries researchers,"Fearing supply disruptions, industry calls for delay to unloading of federal reserve.",https://doi.org/10.1126/science.adm8226,Julia Rosén,2023-11-09,2023,article,8,https://openalex.org/W4388520302,https://openalex.org/W4388520302,United States,1362,negative,0.9
Science,Debate brews over U.S. census changes to disability questions,"The proposed changes would decrease the percentage of people considered disabled, affecting data and resources.",https://doi.org/10.1126/science.adm8230,Phie Jacobs,2023-11-09,2023,article,0,https://openalex.org/W4388520581,https://openalex.org/W4388520581,United States,1363,neutral,0.85
Science,Mortality risk from United States coal electricity generation,"Policy-makers seeking to limit the impact of coal electricity-generating units (EGUs, also known as power plants) on air quality and climate justify regulations by quantifying the health burden attributable to exposure from these sources. We defined “coal PM 2.5 ” as fine particulate matter associated with coal EGU sulfur dioxide emissions and estimated annual exposure to coal PM 2.5 from 480 EGUs in the US. We estimated the number of deaths attributable to coal PM 2.5 from 1999 to 2020 using individual-level Medicare death records representing 650 million person-years. Exposure to coal PM 2.5 was associated with 2.1 times greater mortality risk than exposure to PM 2.5 from all sources. A total of 460,000 deaths were attributable to coal PM 2.5 , representing 25% of all PM 2.5 -related Medicare deaths before 2009 and 7% after 2012. Here, we quantify and visualize the contribution of individual EGUs to mortality.",https://doi.org/10.1126/science.adf4915,Lucas Henneman; Christine Choirat; Irene C. Dedoussi; Francesca Dominici; Jessica Roberts; Corwin Zigler,2023-11-23,2023,article,103,https://openalex.org/W4388936966,https://openalex.org/W4388936966,United States,1364,negative,0.95
Science,"Their budget bursting, U.S. particle physicists dream small",New effort to study big bang afterglow heads to-do list.,https://doi.org/10.1126/science.adn4963,Adrian Cho,2023-12-14,2023,article,0,https://openalex.org/W4389762925,https://openalex.org/W4389762925,United States,1365,negative,0.9
Science,NIH advisory group pushes for big pay raise for U.S. postdocs,"Though applauded by many, measure would strain lab budgets if adopted.",https://doi.org/10.1126/science.adn6358,Katie Langin,2023-12-21,2023,article,3,https://openalex.org/W4390046074,https://openalex.org/W4390046074,United States,1366,positive,0.85
Science,U.S. undersea mapping is a boon for science,New maps of continental shelf could vastly expand U.S. territory and resource claims.,https://doi.org/10.1126/science.adn9641,David Malakoff,2024-01-11,2024,article,0,https://openalex.org/W4390734148,https://openalex.org/W4390734148,United States,1367,positive,0.95
Science,Giant monkey facility could ease U.S. shortage,Breeder would be the country's largest; locals and animal welfare advocates are concerned.,https://doi.org/10.1126/science.ado7758,Sara Reardon,2024-02-22,2024,article,1,https://openalex.org/W4392081134,https://openalex.org/W4392081134,United States,1368,positive,0.9
Science,U.S. giant telescopes imperiled by funding limit,NSF faces choice between multibillion-dollar projects after board sets cost cap.,https://doi.org/10.1126/science.adp0470,Daniel Clery,2024-03-07,2024,article,0,https://openalex.org/W4392544638,https://openalex.org/W4392544638,United States,1369,negative,0.9
Science,Possible U.S. TikTok ban has science communicators on edge,"App is highly effective for sharing science content, users say.",https://doi.org/10.1126/science.adp3270,Sean Cummings,2024-03-21,2024,article,0,https://openalex.org/W4393035373,https://openalex.org/W4393035373,United States,1370,negative,0.9
Science,Quantifying methane emissions from United States landfills,"Methane emissions from solid waste may represent a substantial fraction of the global anthropogenic budget, but few comprehensive studies exist to assess inventory assumptions. We quantified emissions at hundreds of large landfills across 18 states in the United States between 2016 and 2022 using airborne imaging spectrometers. Spanning 20% of open United States landfills, this represents the most systematic measurement-based study of methane point sources of the waste sector. We detected significant point source emissions at a majority (52%) of these sites, many with emissions persisting over multiple revisits (weeks to years). We compared these against independent contemporaneous in situ airborne observations at 15 landfills and established good agreement. Our findings indicate a need for long-term, synoptic-scale monitoring of landfill emissions in the context of climate change mitigation policy.",https://doi.org/10.1126/science.adi7735,Daniel Cusworth; Riley Duren; Alana Ayasse; Ralph Jiorle; Katherine Howell; A. D. Aubrey; Robert O. Green; Michael L. Eastwood; J. Chapman; Andrew K. Thorpe; Joseph Heckler; Gregory P. Asner; M. L. Smith; Eben D. Thoma; Max J. Krause; Daniel Heins; Susan Thorneloe,2024-03-28,2024,article,115,https://openalex.org/W4393279625,https://openalex.org/W4393279625,United States,1371,neutral,0.95
Science,Worries about bird flu in U.S. cattle intensify,Farm worker becomes infected as H5N1 appears to spread between dairy cows in five states.,https://doi.org/10.1126/science.adp6024,Jon Cohen,2024-04-04,2024,article,21,https://openalex.org/W4393951862,https://openalex.org/W4393951862,United States,1372,negative,0.9
Science,U.S. government in hot seat for cow flu outbreak response,"Veterinarians and researchers say it has taken too long to share data on viral changes, spread, and milk safety.",https://doi.org/10.1126/science.adq0313,Jon Cohen,2024-04-25,2024,article,2,https://openalex.org/W4395447688,https://openalex.org/W4395447688,United States,1373,negative,0.9
Science,Bird flu appears entrenched in U.S. dairy herds,"New measures to control H5N1 in cows are ""a drop in the bucket,"" scientists say.",https://doi.org/10.1126/science.adq1771,Jon Cohen; Martin Enserink,2024-05-02,2024,article,4,https://openalex.org/W4396574477,https://openalex.org/W4396574477,United States,1374,negative,0.9
Science,U.S. blocks funding for pandemic research group,"EcoHealth Alliance mishandled grant that helped fund virus studies in China, officials say.",https://doi.org/10.1126/science.adq5967,Jocelyn Kaiser,2024-05-23,2024,article,0,https://openalex.org/W4398250015,https://openalex.org/W4398250015,United States,1375,negative,0.9
Science,Ephemeral stream water contributions to United States drainage networks,"Ephemeral streams flow only in direct response to precipitation and are ubiquitous landscape features. However, little is known about their influence on downstream rivers. Here, we modeled ephemeral stream water contributions to the contiguous United States network of more than 20 million rivers, lakes, and reservoirs, finding that ephemeral streams contribute, on average, 55% of the discharge exported from regional river systems, as defined by the United States Geological Survey. Our results show that ephemeral connectivity is a substantial pathway through which water and associated nutrients and pollution may enter the perennial drainage network and influence water quality. We provide quantitative insight into the implications of differing interpretations of regulatory jurisdiction under the United States Clean Water Act, including the current standard adopted by the Supreme Court of the United States in 2023.",https://doi.org/10.1126/science.adg9430,Craig Brinkerhoff; Colin J. Gleason; Matthew J. Kotchen; Douglas A. Kysar; Peter A. Raymond,2024-06-27,2024,article,55,https://openalex.org/W4400079037,https://openalex.org/W4400079037,United States,1376,neutral,0.98
Science,Plans for U.S. bat lab spark outbreak fears,"Colorado team presses on amid opposition, loss of EcoHealth Alliance partnership.",https://doi.org/10.1126/science.adr3309,Meredith Wadman,2024-06-27,2024,article,0,https://openalex.org/W4400079879,https://openalex.org/W4400079879,United States,1377,negative,0.9
Science,U.S. back in the race to forge unknown elements,Atoms of element 116 show path to create element 120 and extend the periodic table.,https://doi.org/10.1126/science.adr9686,Robert F. Service,2024-07-25,2024,article,0,https://openalex.org/W4400974742,https://openalex.org/W4400974742,United States,1378,neutral,0.9
Science,U.S. agency funding for climate and health research falls short,Interdisciplinary teams struggle to find a home in siloed federal grant-funding system.,https://doi.org/10.1126/science.ads6027,Meredith Wadman,2024-08-22,2024,article,0,https://openalex.org/W4401751932,https://openalex.org/W4401751932,United States,1379,negative,0.9
Science,U.S. agency drops controversial changes to misconduct rules,"In first regulatory overhaul in 20 years, Office of Research Integrity takes modest steps toward greater transparency.",https://doi.org/10.1126/science.adt2251,Jeffrey Mervis,2024-09-19,2024,article,0,https://openalex.org/W4402625757,https://openalex.org/W4402625757,United States,1380,positive,0.85
Science,Bill targeting Chinese firms worries U.S. researchers,"Biosecure Act could hinder science collaborations, limit sequencer purchases.",https://doi.org/10.1126/science.adt2248,Robert F. Service,2024-09-19,2024,article,0,https://openalex.org/W4402625775,https://openalex.org/W4402625775,United States,1381,negative,0.9
Science,Predictions of groundwater PFAS occurrence at drinking water supply depths in the United States,"Per- and polyfluoroalkyl substances (PFAS), known colloquially as ""forever chemicals,"" have been associated with adverse human health effects and have contaminated drinking water supplies across the United States owing to their long-term and widespread use. People in the United States may unknowingly be drinking water that contains PFAS because of a lack of systematic analysis, particularly in domestic water supplies. We present an extreme gradient-boosting model for predicting the occurrence of PFAS in groundwater at the depths of drinking water supply for the conterminous United States. Our model results indicate that 71 million to 95 million people in the conterminous United States potentially rely on groundwater with detectable concentrations of PFAS for their drinking water supplies before any treatment.",https://doi.org/10.1126/science.ado6638,Andrea K. Tokranov; Katherine M. Ransom; Laura M. Bexfield; Bruce D. Lindsey; Elise Watson; Danielle I. Dupuy; Paul E. Stackelberg; Miranda S. Fram; S. Voss; James A. Kingsbury; Bryant C. Jurgens; Kelly L. Smalling; Paul M. Bradley,2024-10-24,2024,article,147,https://openalex.org/W4403708053,https://openalex.org/W4403708053,United States,1382,neutral,0.98
Science,"With venerable ship’s retirement, U.S.-led ocean-drilling program ends",,https://doi.org/10.1126/science.adv2420,Paul Voosen,2024-12-12,2024,article,1,https://openalex.org/W4405306671,https://openalex.org/W4405306671,United States,1383,neutral,0.8
Science,U.S. agencies roll out free paper-access policies,"NIH and DOE are first to act, with implementation by all set to begin by end of this year.",https://doi.org/10.1126/science.adv6043,Jeffrey Brainard,2025-01-02,2025,article,3,https://openalex.org/W4406019882,https://openalex.org/W4406019882,United States,1384,positive,0.9
Science,‘Cataclysmic:’ Experts decry U.S. departure from WHO,"Trump's decision to leave would be a financial blow to the agency and ""isolate"" the U.S. from health intelligence.",https://doi.org/10.1126/science.adw1658,Gretchen Vogel,2025-01-23,2025,article,1,https://openalex.org/W4406753420,https://openalex.org/W4406753420,United States,1385,negative,0.95
Science,U.S. aid freeze deals ‘tectonic’ blow to research,Scientists decry ethical violations as trials worldwide are paused and workers laid off.,https://doi.org/10.1126/science.adw6800,Catherine A. Offord; Jon Cohen; Martin Enserink,2025-02-13,2025,article,3,https://openalex.org/W4407447904,https://openalex.org/W4407447904,United States,1386,negative,0.95
Science,Mass firings decimate U.S. science agencies,"White House's sweeping, chaotic dismissals shatter careers and threaten research efforts.",https://doi.org/10.1126/science.adw8625,John Travis; Katie Langin; Jocelyn Kaiser; Meredith Wadman,2025-02-20,2025,article,10,https://openalex.org/W4407792427,https://openalex.org/W4407792427,United States,1387,negative,0.95
Science,Crop research hit by U.S. foreign aid freezes,"A court ruling may temporarily ease funding problems, but long-term outlook is uncertain.",https://doi.org/10.1126/science.adw8629,Dan Charles; Erik Stokstad,2025-02-20,2025,article,1,https://openalex.org/W4407792879,https://openalex.org/W4407792879,United States,1388,negative,0.95
Science,U.S. early-career scientists struggle amid chaos,"Uncertain funding, government firings, and university distress hit the most vulnerable.",https://doi.org/10.1126/science.adx0326,Katie Langin,2025-02-27,2025,article,5,https://openalex.org/W4408016889,https://openalex.org/W4408016889,United States,1389,negative,0.95
Science,U.S. cuts support for IPCC report,U.N. climate panel meets without U.S. leadership.,https://doi.org/10.1126/science.adx0330,Paul Voosen,2025-02-27,2025,article,1,https://openalex.org/W4408017008,https://openalex.org/W4408017008,United States,1390,negative,0.9
Science,Rapid butterfly declines across the United States during the 21st century,"Numerous declines have been documented across insect groups, and the potential consequences of insect losses are dire. Butterflies are the most surveyed insect taxa, yet analyses have been limited in geographic scale or rely on data from a single monitoring program. Using records of 12.6 million individual butterflies from >76,000 surveys across 35 monitoring programs, we characterized overall and species-specific butterfly abundance trends across the contiguous United States. Between 2000 and 2020, total butterfly abundance fell by 22% across the 554 recorded species. Species-level declines were widespread, with 13 times as many species declining as increasing. The prevalence of declines throughout all regions in the United States highlights an urgent need to protect butterflies from further losses.",https://doi.org/10.1126/science.adp4671,Collin B. Edwards; Elise F. Zipkin; Erica Henry; Nick M. Haddad; Matthew L. Forister; Kevin J. Burls; Steven Campbell; Elizabeth E. Crone; Jay E. Diffendorfer; Margaret R. Douglas; Ryan G. Drum; Candace E. Fallon; Jeffrey Glassberg; Eliza M. Grames; Richard G. Hatfield; Shiran Hershcovich; Scott Black; Elise A. Larsen; Wendy Leuenberger; Mary J. Linders; Travis Longcore; Daniel A. Marschalek; James Michielini; Naresh Neupane; Leslie Ries; Arthur M. Shapiro; Ann B. Swengel; Scott R. Swengel; Douglas J. Taron; Braeden Van Deynze; Jerome Wiedmann; Wayne E. Thogmartin; Cheryl B. Schultz,2025-03-06,2025,article,85,https://openalex.org/W4408182770,https://openalex.org/W4408182770,United States,1391,negative,0.98
Science,Overseas universities see opportunity in U.S. ‘brain drain’,But scientists seeking to leave the U.S. may struggle to find roles in countries grappling with their own funding issues.,https://doi.org/10.1126/science.adx5511,Catherine Offord,2025-03-20,2025,article,5,https://openalex.org/W4408703998,https://openalex.org/W4408703998,United States,1392,positive,0.8
Science,U.S. study of Scandinavian prison model expands,Project tests effects of a homier environment and more social interaction.,https://doi.org/10.1126/science.adx5510,Jennifer Couzin-Frankel,2025-03-20,2025,article,0,https://openalex.org/W4408704230,https://openalex.org/W4408704230,United States,1393,neutral,0.8
Science,U.S. cuts hamper disease surveillance worldwide,Many efforts to prevent outbreaks and track diseases are suddenly in limbo.,https://doi.org/10.1126/science.adx7213,Jon Cohen,2025-03-27,2025,article,1,https://openalex.org/W4408891921,https://openalex.org/W4408891921,United States,1394,negative,0.9
Science,International scientists rethink U.S. conferences,Opposition to Trump administration and fears of customs run-ins are shifting travel plans.,https://doi.org/10.1126/science.adx9094,Kate Langin,2025-04-04,2025,article,1,https://openalex.org/W4409176568,https://openalex.org/W4409176568,United States,1395,neutral,0.75
Science,No one can replace the U.S. as it retreats from global health,"Other countries, foundations, international groups are unable to make up for billions in Trump administration cuts.",https://doi.org/10.1126/science.ady0874,Ida Jooste,2025-04-10,2025,article,6,https://openalex.org/W4409317372,https://openalex.org/W4409317372,United States,1396,negative,0.9
Science,Emergence and interstate spread of highly pathogenic avian influenza A(H5N1) in dairy cattle in the United States,"Highly pathogenic avian influenza (HPAI) viruses cross species barriers and have the potential to cause pandemics. In North America, HPAI A(H5N1) viruses related to the goose/Guangdong 2.3.4.4b hemagglutinin phylogenetic clade have infected wild birds, poultry, and mammals. Our genomic analysis and epidemiological investigation showed that a reassortment event in wild bird populations preceded a single wild bird-to-cattle transmission episode. The movement of asymptomatic or presymptomatic cattle has likely played a role in the spread of HPAI within the United States dairy herd. Some molecular markers that may lead to changes in transmission efficiency and phenotype were detected at low frequencies. Continued transmission of H5N1 HPAI within dairy cattle increases the risk for infection and subsequent spread of the virus to human populations.",https://doi.org/10.1126/science.adq0900,Thao-Quyen Nguyen; Carl R. Hutter; Alexey Markin; Megan N. Thomas; Kristina Lantz; Mary Lea Killian; Garrett M. Janzen; Sriram Vijendran; Sanket Wagle; Blake Inderski; Drew R. Magstadt; Ganwu Li; Diego G. Diel; Elisha Frye; Kiril M. Dimitrov; Amy K. Swinford; Alexis C. Thompson; Kevin Snekvik; David L. Suarez; Steven M. Lakin; Stacey Schwabenlander; Sara C. Ahola; Kammy R. Johnson; Amy L. Vincent Baker; Suelee Robbe‐Austerman; Mia Kim Torchetti; Tavis K. Anderson,2025-04-24,2025,article,143,https://openalex.org/W4409738157,https://openalex.org/W4409738157,United States,1397,negative,0.9
Science,World agrees on pandemic treaty—without the U.S.,"Health experts hail ""victory for multilateralism,"" but some sticking points remain.",https://doi.org/10.1126/science.ady4510,Kai Kupferschmidt,2025-04-24,2025,article,3,https://openalex.org/W4409833857,https://openalex.org/W4409833857,United States,1398,negative,0.6
Science,Did the United States commit ‘ecocide’?,,https://doi.org/10.1126/science.ady4159,Dennis Normile,2025-04-24,2025,article,0,https://openalex.org/W4409833914,https://openalex.org/W4409833914,United States,1399,negative,0.8
Science,WHO and USAID budget cuts hurt the US,,https://doi.org/10.1126/science.adw8264,Mohammad S. Jalali,2025-05-08,2025,article,2,https://openalex.org/W4410251370,https://openalex.org/W4410251370,United States,1400,negative,0.95
Science,U.S. cuts risk backslide on neglected tropical diseases,Crippling pathogens nearing elimination are likely to resurge after sudden loss of funds.,https://doi.org/10.1126/science.adz1713,Martin Enserink,2025-05-22,2025,article,1,https://openalex.org/W4410706165,https://openalex.org/W4410706165,United States,1401,negative,0.9
Science,"Archaeological evidence of intensive indigenous farming in Michigan’s Upper Peninsula, USA","We describe archaeological evidence of intensive ancestral Native American agriculture in the now heavily forested Upper Peninsula of Michigan. Recent LIDAR (light detection and ranging) and excavation data have uncovered densely clustered ancient agricultural raised garden bed ridges covering an expanse far greater than previously realized. These raised agricultural fields are deeply enmeshed in the broader cultural landscape, as ceremonial and other features were also found. Our results demonstrate a rich anthropogenic landscape created by small-scale ancestral Menominee communities, located near the northern limits of maize agriculture. The excellent preservation of this site is exceptional in eastern North America and suggests that the precolonial landscape was more anthropogenically influenced than currently recognized.",https://doi.org/10.1126/science.ads1643,Madeleine McLeester; Carolin Ferwerda; Jonathan Alperstein; David F. Overstreet; David Grignon; Jesse Casana,2025-06-05,2025,article,6,https://openalex.org/W4411051341,https://openalex.org/W4411051341,United States,1402,neutral,0.98
Science,"Funding cuts to U.S. archaeology could imperil its future, researchers say","Canceled and curtailed grants from federal agencies have hit research projects, collections, and training.",https://doi.org/10.1126/science.adz8346,Taylor Mitchell Brown; Monica Hersher,2025-06-19,2025,article,1,https://openalex.org/W4411505745,https://openalex.org/W4411505745,United States,1403,negative,0.9
Science,U.S. researchers speak up in local newspapers,"Through two grassroots efforts, approximately 200 op-eds showcasing federally funded science have been published across the country.",https://doi.org/10.1126/science.aea0608,Katie Langin,2025-06-26,2025,article,0,https://openalex.org/W4411675811,https://openalex.org/W4411675811,United States,1404,neutral,0.9
Science,U.S. scientific workforce is set to shrink sharply,"Funding cuts threaten jobs at all levels. ""It's a nightmare,"" one faculty member says.",https://doi.org/10.1126/science.aea4269,Katie Langin,2025-07-10,2025,article,2,https://openalex.org/W4412165114,https://openalex.org/W4412165114,United States,1405,negative,0.95
Science,Scientists identify culprit behind biggest ever U.S. honey bee die-off,"USDA research points to viruses spread by pesticide-resistant mites, indicating a worrying trend.",https://doi.org/10.1126/science.aea4270,Joanna Thompson,2025-07-10,2025,article,2,https://openalex.org/W4412165595,https://openalex.org/W4412165595,United States,1406,negative,0.85
Science,U.S. cancels hunt for signs of cosmic inflation,Downsizing and high ratings did not save effort known as CMB-S4.,https://doi.org/10.1126/science.aea6495,Adrian Cho,2025-07-17,2025,article,0,https://openalex.org/W4412492344,https://openalex.org/W4412492344,United States,1407,negative,0.9
Science,Fire heat affects the impacts of wildfires on air pollution in the United States,"Conventional wisdom suggests that wildfires in the western United States (WUS) degrade air quality nationwide as a result of aerosol emissions and eastward transport. However, we found that heat produced by wildfires, a commonly neglected effect, can reduce fine particle concentrations (PM 2.5 ) in the eastern United States (EUS) by an amount comparable to the increases in the WUS during the fire season. This phenomenon arises from fire heat–induced convection in the WUS and subsequent downstream meteorological changes distant from fires. Enhanced wet deposition and weakened eastward transport of fire aerosols lower PM 2.5 levels in the EUS. Therefore, neglecting the effect of fire heat on PM 2.5 pollution leads to an overestimate of 1200 additional premature deaths and 3.3 billion USD in economic losses, particularly in the densely populated EUS.",https://doi.org/10.1126/science.ads1957,Qihan Ma; Linyi Wei; Yong Wang; Guang J. Zhang; Xinlin Zhou; Bin Wang,2025-09-11,2025,article,10,https://openalex.org/W4414086122,https://openalex.org/W4414086122,United States,1408,neutral,0.9
Science,Partisan disparities in the funding of science in the United States,"Republican lawmakers consistently provided robust federal funding, often exceeding Democrats.",https://doi.org/10.1126/science.adx5154,Alexander Furnas; Nic Fishman; Leah Rosenstiel; Dashun Wang,2025-09-18,2025,article,5,https://openalex.org/W4414321787,https://openalex.org/W4414321787,United States,1409,neutral,0.6
Science,AI map reveals vast scope of ‘ghost forests’ along east coast of U.S.,"Machine learning method counts nearly 12 million dead trees, many likely killed by rising seas.",https://doi.org/10.1126/science.aec7428,James Dinneen,2025-10-02,2025,article,0,https://openalex.org/W4414758783,https://openalex.org/W4414758783,United States,1410,negative,0.9
Science,Science teachers scramble as U.S. climate resources vanish,"As government websites go dark, some nonprofits are trying to provide classroom materials.",https://doi.org/10.1126/science.aec9021,Gaea Cabico,2025-10-09,2025,article,0,https://openalex.org/W4415002817,https://openalex.org/W4415002817,United States,1411,negative,0.9
Science,Chaos and confusion as U.S. shutdown drags on,"Mass layoffs, and subsequent reversals, have added to research spending woes.",https://doi.org/10.1126/science.aed1024,Science News Staff,2025-10-16,2025,article,0,https://openalex.org/W4415294584,https://openalex.org/W4415294584,United States,1412,negative,0.98
Science,Argentine telescope caught in U.S.-China crossfire,Superpower tensions have abruptly derailed a nearly finished radio telescope.,https://doi.org/10.1126/science.aed4586,María de los Ángeles Orfila,2025-10-30,2025,article,0,https://openalex.org/W4415707544,https://openalex.org/W4415707544,United States,1413,negative,0.9
Science,River metabolism in the contiguous United States: A West of extremes,"River metabolism is among the most uncertain fluxes in the global carbon cycle. We present estimates for gross primary productivity (GPP) and ecosystem respiration (ER) for more than 175,000 rivers across the contiguous United States (CONUS), including metabolic responses to extreme hydrological conditions. Our model predicts an annual GPP in CONUS rivers of 10.1 teragrams of carbon per year and an ER of 18.7 teragrams of carbon per year, which implies that net ecosystem productivity (NEP; where NEP = GPP - ER) is a small contributor to river carbon dioxide emissions. More than 70% of river metabolism occurs in the West, where regions of both extreme heterotrophy and autotrophy exist. Autotrophy is prominent across the West and is sensitive to drought, particularly in understudied biomes such as arid desert shrublands, which may indicate that global riverine uptake of carbon dioxide is higher than hypothesized.",https://doi.org/10.1126/science.adu9843,Taylor Maavara; Zimin Yuan; Andrew Johnson; Shuang Zhang; Kelly S. Aho; Craig Brinkerhoff; Laura Logozzo; Peter A. Raymond,2025-11-06,2025,article,2,https://openalex.org/W4415970762,https://openalex.org/W4415970762,United States,1414,neutral,0.9
Science,Can a smaller U.S. National Academies remain relevant?,Loss of federal support leads to staff layoffs and fewer committees of outside experts.,https://doi.org/10.1126/science.aee4263,Jeffrey Mervis,2025-12-04,2025,article,0,https://openalex.org/W4417004153,https://openalex.org/W4417004153,United States,1415,neutral,0.6
Science,Trump moves to break up leading U.S. climate center,"White House budget director says Colorado institution is a source of ""climate alarmism"".",https://doi.org/10.1126/science.aef0584,Hannah Richter,2026-01-01,2026,article,0,https://openalex.org/W7117869580,https://openalex.org/W7117869580,United States,1416,negative,0.9
Science,"As the world warms, freezing rain shifts to U.S. South",Recent winter storm traced the path of an emerging ice corridor.,https://doi.org/10.1126/science.aeg1220,Hannah Richter,2026-02-05,2026,article,0,https://openalex.org/W7128022316,https://openalex.org/W7128022316,United States,1417,neutral,0.6
Science,"Attendance drops at some U.S. conferences, but others hold steady","As the political landscape continues to shift, scientific societies worry about future annual meetings.",https://doi.org/10.1126/science.aeg1218,Katie Langin,2026-02-05,2026,article,0,https://openalex.org/W7128039075,https://openalex.org/W7128039075,United States,1418,neutral,0.8
Science,U.S. research agency moves to restrict foreign scientists,Proposed rule at National Institute of Standards and Technology would limit lab access to a few years.,https://doi.org/10.1126/science.aeg9254,Robert F. Service,2026-03-05,2026,article,0,https://openalex.org/W7133757387,https://openalex.org/W7133757387,United States,1419,negative,0.7
Science,Plan to break up iconic U.S. climate lab moves ahead,Bidders have lined up to take over pieces of the National Center for Atmospheric Research.,https://doi.org/10.1126/science.aeh1090,Paul Voosen,2026-03-12,2026,article,0,https://openalex.org/W7135076965,https://openalex.org/W7135076965,United States,1420,negative,0.9
Science,United States cuts ties with WHO’s cancer research arm,"Influential agency may lose research projects, collaborations, and part of its annual budget.",https://doi.org/10.1126/science.aeh2960,Jocelyn Kaiser,2026-03-19,2026,article,0,https://openalex.org/W7138878380,https://openalex.org/W7138878380,United States,1421,negative,0.85
Science,Is a heralded U.S. effort to help the world battle HIV facing extinction?,Funding holdups for PEPFAR put prevention and treatment at risk.,https://doi.org/10.1126/science.aeh6878,Jon Cohen,2026-04-02,2026,article,0,https://openalex.org/W7148422359,https://openalex.org/W7148422359,United States,1422,negative,0.85
Science,U.S. blockade hits Cuba’s health care and science,Hospitals and researchers struggle to cope with lengthy blackouts and supply shortages.,https://doi.org/10.1126/science.aeh6873,Richard Stone,2026-04-02,2026,article,0,https://openalex.org/W7148429117,https://openalex.org/W7148429117,United States,1423,negative,0.9
Science,"Young blood Spare Parts David J. Glass Theatre Row’s Theatre Three, New York, NY, USA. Through 30 April 2026.",A pointed play explores what happens when scientists sell out to help a billionaire live forever.,https://doi.org/10.1126/science.aeg4324,H. Holden Thorp,2026-04-02,2026,article,0,https://openalex.org/W7148564310,https://openalex.org/W7148564310,United States,1424,neutral,0.9
Science,Deep-Earth map points to a lost U.S. continent,"Sensor array traces how rocks conduct electricity, revealing mineral riches, crust that can amplify solar storms, and fragments of ancient landmasses.",https://doi.org/10.1126/science.aei6150,Paul Voosen,2026-05-07,2026,article,0,https://openalex.org/W7160513546,https://openalex.org/W7160513546,United States,1425,neutral,0.9
Science,Aiding peace or conflict? The impact of USAID cuts on violence,"Less than a week after its inauguration, the second Trump administration issued a blanket stop-work order for the United States Agency for International Development (USAID), the largest national humanitarian donor. The social and political effects of abrupt aid withdrawal are poorly understood, especially in fragile states where relief is a key safety net. We provide quasi-experimental evidence on the shutdown's impact on subnational conflict across Africa. Leveraging historical exposure to USAID programs, we show that conflict increased sharply after the shutdown in areas that previously received the most support. The increase spanned incidence and severity, including armed clashes, protests, and riots. The effects appeared immediately and persisted for months. Inclusive local institutions substantially mitigated these harms, underscoring vulnerability under weak governance and the capacity of institutions to buffer humanitarian and economic shocks.",https://doi.org/10.1126/science.aed6802,D. Rohner; U. Sunde; O. Vanden Eynde; A. L. Wright; J.-R. Zeng,2026-05-14,2026,article,1,https://openalex.org/W7161157689,https://openalex.org/W7161157689,United States,1426,negative,0.65
Science,Fires reverse progress toward ozone air quality standards in the United States,"Recent surges in wildfire emissions have exacerbated surface ozone pollution in the United States. Using deep learning, we developed a gapless daily surface ozone dataset at 1-kilometer resolution for 2003-2024. This dataset revealed a reversal in national policy-relevant ozone trends that had gone undetected by the sparse monitoring network: from -0.65 parts per billion (ppb) per year (2003-2015) to +0.13 ppb per year (2015-2024). The reversal was primarily driven by increasing wildfire emissions, offsetting 3.9 years of mitigation progress. Premature deaths from fire-sourced ozone have increased by 318 deaths per year since 2013, with post-2013 mortality 46% higher than pre-2013 mortality. During 2022-2024, wildfire emissions exposed 43 million people to nonattainment conditions, effectively preventing a 4-ppb tightening of the ozone standard. These results underscore the growing challenges of sustaining air quality progress as wildfires intensify under climate change.",https://doi.org/10.1126/science.aed3197,Weizhi Deng; Jun Wang; Meng Zhou; Xi Chen; Xiaodong Wu; H Michael Zhang; Jason B. Cohen; Jing Wei; Arlindo da SIlva; Guy P. Brasseur; Claire Granier; Laurence Rouïl,2026-06-04,2026,article,2,https://openalex.org/W7163581829,https://openalex.org/W7163581829,United States,1427,negative,0.95
Science,NIH scientists charged with smuggling viruses into U.S.,Inactivated monkeypox virus samples may have been used for routine diagnostics.,https://doi.org/10.1126/science.aej5923,Jon Cohen,2026-06-11,2026,article,0,https://openalex.org/W7164358335,https://openalex.org/W7164358335,United States,1428,negative,0.9
Science,U.S. agencies join fight against ‘ultraprocessed foods’,Some scientists criticize label as imprecise; others call it a valuable lens on diet.,https://doi.org/10.1126/science.aej5920,Dan Charles,2026-06-11,2026,article,0,https://openalex.org/W7164368145,https://openalex.org/W7164368145,United States,1429,positive,0.9
Science,Researchers caught in the crossfire as firms and U.S. government grapple over AI safety,Tumultuous Fable 5 takedown spurs fears for open research.,https://doi.org/10.1126/science.aej9813,Celina Zhao,2026-06-25,2026,article,0,https://openalex.org/W7165928831,https://openalex.org/W7165928831,United States,1430,negative,0.85
Science,U.S. researchers express outrage over proposed changes to managing federal grants,"White House receives 340,000 comments on rules many fear would politicize science.",https://doi.org/10.1126/science.aek5959,Jeffrey Mervis,2026-07-16,2026,article,0,https://openalex.org/W7169198663,https://openalex.org/W7169198663,United States,1431,negative,0.95
Science,Detention of U.S. seismologist by China alarms researchers,Youlin Chen analyzed earthquake data that can also aid nuclear test monitoring.,https://doi.org/10.1126/science.aek8033,Richard Stone,2026-07-23,2026,article,0,https://openalex.org/W7170182154,https://openalex.org/W7170182154,United States,1432,negative,0.95
Science,U.S. unveils first Genesis Mission grants for AI in research,The 278 winners now face a 9-month race to prove they deserve additional funding.,https://doi.org/10.1126/science.ael0164,Celina Zhao; Adrian Cho,2026-07-30,2026,article,0,https://openalex.org/W7171824055,https://openalex.org/W7171824055,United States,1433,neutral,0.6
